"ID","Player","Team","Position","RkOv","Status","Roster Status","Age","Opponent","Score","%D","ADP","Ros","+/-"
"*02yc4*","Shohei Ohtani","LAD","UT,SP","1","KCP","Active","31","","108.56","100","1.3","99%","0%"
"*05wru*","Paul Skenes","PIT","SP","2","DD","Reserve","23","","100","100","11.2","99%","0%"
"*01ub6*","Jose Ramirez","CLE","3B","3","SUGA","Active","33","","100","100","4.7","97%","0%"
"*04ptt*","Tarik Skubal","DET","SP","4","PAW","Active","29","","99.48","100","7.6","98%","0%"
"*04lgp*","Bobby Witt Jr.","KC","SS","5","DD","Active","25","","95.98","100","4.2","99%","0%"
"*052c8*","Cristopher Sanchez","PHI","SP","6","PAW","Active","29","","95.16","100","32.9","99%","0%"
"*01uca*","Chris Sale","ATL","SP","7","DD","Reserve","36","","94.41","100","40.9","98%","0%"
"*05r8n*","Yoshinobu Yamamoto","LAD","SP","8","RC","Active","27","","93.34","100","24.1","99%","0%"
"*05ajh*","Garrett Crochet","BOS","SP","9","PAW","Active","26","","92.87","100","11","99%","0%"
"*02bqr*","Blake Snell","LAD","SP","10","KCP","Reserve","33","","92.5","100","63.9","97%","0%"
"*03ynj*","Juan Soto","NYM","OF","11","PAW","Active","27","","91.25","100","3.3","98%","0%"
"*02611*","Francisco Lindor","NYM","SS","12","GOATS","Active","32","","91.18","100","17.4","98%","0%"
"*04y4e*","Corbin Carroll","ARI","OF","13","45s","Active","25","","90.59","100","7.1","99%","0%"
"*02i2j*","Max Fried","NYY","SP","14","DD","Reserve","32","@SF Wed 8:05PM","90.45","100","49.2","99%","0%"
"*04eor*","Cade Smith","CLE","RP","15","DD","Active","26","","90.44","100","111.5","96%","0%"
"*04n0m*","Logan Gilbert","SEA","SP","16","SUGA","Active","28","","90.06","100","42.4","98%","0%"
"*03pir*","Kyle Tucker","LAD","OF","17","RC","Active","29","","89.74","100","16.8","98%","0%"
"*066er*","Grant Taylor","CHW","RP","18","45s","Active","23","","89.68","90","386.1","78%","-1%"
"*05ucd*","Mason Miller","SD","RP","19","45s","Active","27","","89.37","100","95","98%","0%"
"*05y62*","Bryan Woo","SEA","SP","20","RC","Active","25","","88.62","100","42.7","98%","0%"
"*05rb3*","Chase Burns","CIN","SP","21","RC","Reserve","23","","88.58","100","107.1","98%","0%"
"*04fhb*","Julio Rodriguez","SEA","OF","22","GOATS","Active","25","","88.55","100","11.4","98%","0%"
"*02my5*","Edwin Diaz","LAD","RP","23","KCP","Active","31","","88.39","100","100.6","97%","0%"
"*03dbm*","Logan Webb","SF","SP","24","SUGA","Active","29","NYY Wed 8:05PM","88.3","100","46.5","98%","0%"
"*02z0s*","Aaron Judge","NYY","OF","25","GOATS","Active","33","@SF Wed 8:05PM","87.97","100","2.1","99%","0%"
"*02hjp*","Jacob deGrom","TEX","SP","26","KCP","Active","37","","87.92","100","51.9","98%","0%"
"*041ma*","Cole Ragans","KC","SP","27","SUGA","Reserve","28","","87.83","100","54.2","98%","0%"
"*05udp*","Elly De La Cruz","CIN","SS","28","45s","Active","24","","87.46","100","11.9","99%","0%"
"*05tq1*","Spencer Schwellenbach","ATL","SP","29","GOATS","Inj Res","25","","87.38","100","86.5","99%","0%"
"*04my4*","Cal Raleigh","SEA","C","30","BOS","Active","29","","87.27","100","14.1","98%","0%"
"*04aea*","Hunter Greene","CIN","SP","31","HERSH","Active","26","","87.05","100","49.7","99%","0%"
"*01gya*","Aroldis Chapman","BOS","RP","32","PAW","Active","37","","86.89","100","145.2","95%","0%"
"*01sb3*","Zack Wheeler","PHI","SP","33","45s","Inj Res","35","","86.75","100","174.1","97%","0%"
"*02bu3*","Brandon Woodruff","MIL","SP","34","DD","Inj Res","32","","86.72","100","130.7","96%","0%"
"*05144*","Hunter Brown","HOU","SP","35","HERSH","Active","27","","86","100","37.2","99%","0%"
"*0311c*","Devin Williams","NYM","RP","36","DD","Reserve","31","","85.99","100","173.4","94%","0%"
"*03zbh*","Fernando Tatis Jr.","SD","OF","37","BOS","Active","27","","85.83","100","15.4","99%","0%"
"*0317q*","Griffin Jax","TB","RP","38","DD","Reserve","31","","85.65","89","383.1","77%","+1%"
"*03dc4*","Freddy Peralta","NYM","SP","39","45s","Active","29","","85.58","100","56.9","98%","0%"
"*050w9*","Gunnar Henderson","BAL","SS","40","PAW","Active","24","","85.49","100","20.5","99%","0%"
"*04pq4*","Kyle Bradish","BAL","SP","41","MN","Active","29","","85.39","100","86.5","97%","0%"
"*02n96*","Josh Hader","HOU","RP","42","BOS","Active","31","","85.36","100","133.1","98%","0%"
"*04auj*","Framber Valdez","(N/A)","SP","43","GOATS","Reserve","32","","85.22","100","79","98%","0%"
"*01ut7*","Nathan Eovaldi","TEX","SP","44","GOATS","Inj Res","35","","85.07","100","155.3","96%","0%"
"*04eee*","Drew Rasmussen","TB","SP","45","AKR","Reserve","30","","84.9","100","163.5","97%","0%"
"*03pjd*","Josh Naylor","SEA","1B","46","45s","Active","28","","84.83","100","59.1","98%","0%"
"*041r1*","Jesus Luzardo","PHI","SP","47","45s","Active","28","","84.77","100","65.5","98%","0%"
"*02hi7*","Kevin Gausman","TOR","SP","48","DD","Reserve","35","","84.68","100","94.7","97%","0%"
"*04apj*","Jhoan Duran","PHI","RP","49","DD","Active","28","","84.48","99","100.5","98%","0%"
"*0316j*","Nick Pivetta","SD","SP","50","GOATS","Reserve","32","","84.13","100","81.4","98%","0%"
"*043f9*","Pablo Lopez","MIN","SP","51","GOATS","Reserve","29","","84.11","100","122.9","98%","0%"
"*0260v*","Sonny Gray","BOS","SP","52","GOATS","Active","36","","84.1","100","106.5","96%","0%"
"*0403o*","Andres Munoz","SEA","RP","53","GOATS","Active","27","","83.81","100","91.3","97%","0%"
"*02c68*","Trea Turner","PHI","SS","54","BOS","Active","32","","83.81","100","32","98%","0%"
"*05m1e*","Jackson Chourio","MIL","OF","55","RC","Active","21","","83.8","100","24.1","99%","0%"
"*03ojr*","Vladimir Guerrero Jr.","TOR","1B","56","BOS","Active","26","","83.5","100","19.5","99%","0%"
"*01svq*","Manny Machado","SD","3B","57","ALASKA","Active","33","","83.34","100","27.9","98%","0%"
"*04aqc*","David Bednar","NYY","RP","58","DD","Active","31","@SF Wed 8:05PM","83.29","100","153.2","95%","0%"
"*04ps7*","Joe Ryan","MIN","SP","59","45s","Active","29","","83","100","68.7","99%","0%"
"*03wha*","Ronald Acuna Jr.","ATL","OF","60","AKR","Active","28","","83","100","8.7","98%","0%"
"*051wv*","Pete Crow-Armstrong","CHC","OF","61","DD","Reserve","23","","82.82","100","30.6","99%","0%"
"*04yie*","George Kirby","SEA","SP","62","RC","Reserve","27","","82.55","100","73.3","99%","0%"
"*03nuc*","Luis Castillo","SEA","SP","63","GOATS","Reserve","33","","82.53","100","124.3","97%","0%"
"*05xch*","Junior Caminero","TB","3B","64","PAW","Active","22","","82.43","100","16.8","99%","0%"
"*04tlv*","Bryan Abreu","HOU","RP","65","MN","Active","28","","82.27","92","367.2","81%","0%"
"*05jpd*","Ian Seymour","TB","SP,RP","66","KCP","Reserve","27","","82.14","99","302.8","84%","0%"
"*01spo*","Gerrit Cole","NYY","SP","67","GOATS","Inj Res","35","@SF Wed 8:05PM","81.63","100","248.6","96%","+1%"
"*05184*","Vinnie Pasquantino","KC","1B","68","PAW","Active","28","","81.36","100","74.1","99%","0%"
"*02btf*","Mookie Betts","LAD","SS","69","KCP","Active","33","","81.11","100","49.8","98%","0%"
"*05xu5*","Zach Neto","LAA","SS","70","RC","Active","24","","80.96","100","40.5","98%","0%"
"*04ehz*","Jeremiah Estrada","SD","RP","71","HERSH","Active","27","","80.9","66","431.4","69%","0%"
"*02btx*","Tyler Glasnow","LAD","SP","72","DD","Reserve","32","","80.89","100","110.5","97%","0%"
"*0326s*","Ketel Marte","ARI","2B","73","DD","Active","32","","80.83","100","27.8","98%","0%"
"*02bqy*","Joe Musgrove","SD","SP","74","SUGA","Inj Res","33","","80.49","100","243.6","87%","0%"
"*03aqv*","Raisel Iglesias","ATL","RP","75","MN","Active","36","","80.45","100","196.6","92%","0%"
"*03cag*","Kyle Schwarber","PHI","UT","76","GOATS","Active","32","","80.14","100","15","97%","0%"
"*04pmb*","Kris Bubic","KC","SP","77","45s","Inj Res","28","","79.7","100","203.7","96%","0%"
"*05nso*","Abner Uribe","MIL","RP","78","BOS","Active","25","","79.4","100","261.7","90%","0%"
"*0512m*","Ryan Pepiot","TB","SP","79","ALASKA","Reserve","28","","79.34","99","135.3","98%","0%"
"*03i81*","Reynaldo Lopez","ATL","SP","80","RC","Inj Res","32","","79.25","92","395.5","75%","0%"
"*02n4s*","Matthew Boyd","CHC","SP","81","PAW","Active","34","","79.24","100","197.2","95%","0%"
"*045qo*","Jazz Chisholm Jr.","NYY","2B,3B","82","45s","Active","27","@SF Wed 8:05PM","79.16","100","21.4","98%","0%"
"*062k5*","Nick Kurtz","ATH","1B","83","RC","Active","22","","79.01","100","18.7","99%","0%"
"*04qk8*","CJ Abrams","WSH","SS","84","AKR","Active","25","","78.98","100","68.2","99%","0%"
"*041wv*","Michael King","SD","SP","85","BOS","Reserve","30","","78.84","100","149.4","97%","0%"
"*03et8*","Ranger Suarez","BOS","SP","86","PAW","Active","30","","78.73","100","161","97%","0%"
"*041rf*","Shane Bieber","TOR","SP","87","KCP","Reserve","30","","78.56","100","144.7","97%","0%"
"*03deg*","Justin Steele","CHC","SP","88","ALASKA","Inj Res","30","","78.54","99","342.1","91%","0%"
"*041pz*","Pete Alonso","BAL","1B","89","GOATS","Active","31","","78.37","100","25.9","99%","0%"
"*066n3*","Ryan Walker","SF","RP","90","DD","Active","30","NYY Wed 8:05PM","78.35","98","327.9","81%","0%"
"*04b00*","Brice Turang","MIL","2B","91","PAW","Active","26","","78.34","100","37.8","98%","0%"
"*05mre*","Spencer Strider","ATL","SP","92","RC","Active","27","","78.32","100","82","98%","0%"
"*04pbq*","Geraldo Perdomo","ARI","SS","93","ALASKA","Active","26","","78.31","100","55.1","98%","0%"
"*04eqa*","Garrett Whitlock","BOS","RP","94","45s","Active","29","","78.21","50","444","63%","0%"
"*05y23*","Tanner Bibee","CLE","SP","95","AKR","Reserve","26","","78.17","99","169","97%","0%"
"*041ps*","Nick Lodolo","CIN","SP","96","PAW","Active","27","","77.95","100","141.4","98%","0%"
"*04z6m*","Agustin Ramirez","MIA","C","97","GOATS","Reserve","24","","77.84","100","108.4","98%","0%"
"*05r01*","Robert Suarez","ATL","RP","98","DD","Active","34","","77.7","100","288.1","94%","0%"
"*04e2u*","Brent Rooker","ATH","OF,UT","99","KCP","Active","31","","77.67","100","44.3","98%","0%"
"*040b5*","Randy Arozarena","SEA","OF","100","ALASKA","Active","30","","77.57","100","51.8","98%","0%"
"*03df2*","Dylan Cease","TOR","SP","101","45s","Active","30","","77.51","100","70.9","98%","0%"
"*02mwm*","Matt Olson","ATL","1B","102","DD","Active","31","","77.44","100","31.7","99%","0%"
"*04pr1*","Steven Kwan","CLE","OF","103","AKR","Active","28","","77.43","99","137.5","98%","0%"
"*04355*","Yordan Alvarez","HOU","UT","104","SUGA","Active","28","","77.4","100","38.1","98%","0%"
"*04pkr*","Nico Hoerner","CHC","2B","105","ALASKA","Active","28","","77.28","100","90.4","97%","0%"
"*031cy*","Emilio Pagan","CIN","RP","106","AKR","Reserve","34","","77.26","100","252.2","89%","0%"
"*04ali*","Edward Cabrera","CHC","SP","107","RC","Active","27","","77.25","100","199.8","95%","0%"
"*04q05*","Alex Vesia","LAD","RP","108","GOATS","Reserve","29","","77.19","26","478.9","48%","0%"
"*04pst*","Jarren Duran","BOS","OF","109","BOS","Active","29","","76.93","99","64.4","99%","0%"
"*02hj7*","Merrill Kelly","ARI","SP","110","BOS","Reserve","37","","76.9","100","210.8","92%","0%"
"*031fj*","Gabe Speier","SEA","RP","111","PAW","Active","30","","76.87","16","484.4","35%","0%"
"*0512v*","Michael Harris II","ATL","OF","112","GOATS","Active","24","","76.83","100","102.2","98%","0%"
"*041qo*","Zac Gallen","(N/A)","SP","113","SUGA","Reserve","30","","76.81","100","183.4","96%","0%"
"*05aoc*","Eury Perez","MIA","SP","114","45s","Active","22","","76.72","100","97.9","98%","0%"
"*025dn*","Christian Yelich","MIL","UT","116","BOS","Active","34","","76.7","100","77","97%","0%"
"*04ppj*","Jeremy Pena","HOU","SS","117","45s","Active","28","","76.55","100","127.2","98%","0%"
"*03qwa*","Phil Maton","CHC","RP","118","ALASKA","Reserve","32","","76.53","23","462.5","35%","+1%"
"*05143*","Hunter Gaddis","CLE","RP","119","HERSH","Active","27","","76.52","26","476.9","51%","0%"
"*05ge9*","Shota Imanaga","CHC","SP","120","MN","Reserve","32","","76.42","100","167.6","98%","0%"
"*03yrz*","William Contreras","MIL","C","121","MN","Active","28","","76.32","100","63.3","98%","0%"
"*02iug*","Michael Wacha","KC","SP","122","GOATS","Reserve","34","","76.25","99","291.6","83%","0%"
"*01fh9*","Bryce Harper","PHI","1B","123","45s","Active","33","","76.21","100","37.6","98%","0%"
"*04px8*","Reese Olson","DET","SP","124","SUGA","Inj Res","26","","76.13","100","300.4","91%","0%"
"*04o4s*","Shea Langeliers","ATH","C","125","AKR","Active","28","","75.72","100","66.9","98%","0%"
"*025it*","Jason Adam","SD","RP","126","GOATS","Active","34","","75.64","18","490.7","47%","0%"
"*0425t*","Bailey Ober","MIN","SP","127","MN","Active","30","","75.59","100","267.8","89%","0%"
"*02i2k*","Byron Buxton","MIN","OF","128","PAW","Active","32","","75.55","100","58.6","98%","0%"
"*04em6*","Will Vest","DET","RP","129","SUGA","Active","30","","75.46","91","343.1","79%","-1%"
"*05y2l*","Emmet Sheehan","LAD","SP","130","SUGA","Active","26","","75.43","100","143.8","95%","0%"
"*03atq*","Willy Adames","SF","SS","131","KCP","Active","30","NYY Wed 8:05PM","75.41","100","92.9","96%","0%"
"*02bx4*","Clay Holmes","NYM","SP","132","BOS","Active","32","","75.4","100","276.9","89%","0%"
"*025he*","George Springer","TOR","OF","133","GOATS","Reserve","36","","75.15","100","81.5","97%","0%"
"*01cgo*","Freddie Freeman","LAD","1B","134","PAW","Active","36","","75.04","100","56.2","98%","0%"
"*02w7p*","Alex Bregman","CHC","3B","135","BOS","Active","31","","74.92","100","84.1","98%","0%"
"*01spl*","Jurickson Profar","ATL","OF","136","MN","Active","32","","74.91","100","141.1","93%","-1%"
"*04c0o*","Jose Soriano","LAA","SP","137","45s","Inj Res","27","","74.84","100","277.6","87%","0%"
"*02bq2*","Brandon Nimmo","TEX","OF","138","ALASKA","Active","32","","74.77","100","105.6","96%","0%"
"*024m0*","Jose Altuve","HOU","2B,OF","139","DD","Active","35","","74.74","100","96.8","97%","0%"
"*05u6q*","Cam Schlittler","NYY","SP","140","45s","Reserve","24","@SF Wed 8:05PM","74.72","100","137.8","96%","0%"
"*03dau*","Trevor Megill","MIL","RP","141","MN","Inj Res","32","","74.66","100","213.7","93%","0%"
"*02x0f*","Sean Manaea","NYM","SP","143","DD","Active","33","","74.57","99","309.2","78%","0%"
"*06mi0*","Bryan King","HOU","RP","144","AKR","Reserve","29","","74.55","13","484.4","35%","0%"
"*05ycf*","Noah Cameron","KC","SP","145","DD","Reserve","26","","74.51","100","218.7","95%","0%"
"*043ia*","Adrian Morejon","SD","RP","146","45s","Active","26","","74.45","47","446.4","62%","-1%"
"*04cd5*","MacKenzie Gore","TEX","SP","147","BOS","Reserve","26","","74.42","100","164.3","98%","0%"
"*05rat*","James Wood","WSH","OF","148","45s","Active","23","","74.37","100","28","99%","0%"
"*030uc*","Rafael Devers","SF","1B","149","DD","Active","29","NYY Wed 8:05PM","74.31","100","35.9","98%","0%"
"*05jq2*","Andrew Abbott","CIN","SP","150","RC","Active","26","","74.19","100","196.5","97%","-1%"
"*05138*","Matt Brash","SEA","RP","151","DD","Reserve","27","","74.06","32","458.1","53%","0%"
"*05g3x*","Maikel Garcia","KC","3B","152","RC","Active","25","","73.91","100","69.2","98%","0%"
"*02c2r*","Carlos Rodon","NYY","SP","153","BOS","Active","33","@SF Wed 8:05PM","73.91","100","166.4","98%","0%"
"*02c4q*","Nick Martinez","(N/A)","SP,RP","154","DD","Active","35","","73.9","90","416.4","55%","0%"
"*02mw6*","Corey Seager","TEX","SS","155","BOS","Reserve","31","","73.8","100","88.1","98%","0%"
"*03d6w*","Jack Flaherty","DET","SP","156","KCP","Reserve","30","","73.74","100","194.1","94%","0%"
"*06luc*","Jack Dreyer","LAD","SP,RP","157","KCP","Active","26","","73.58","15","486.4","32%","0%"
"*060pm*","Wyatt Langford","TEX","OF","158","KCP","Active","24","","73.57","100","45.1","99%","0%"
"*04tzu*","Ronny Henriquez","MIA","RP","159","ALASKA","Active","25","","73.52","56","426.8","58%","-1%"
"*03120*","Cody Bellinger","NYY","OF","160","45s","Active","30","@SF Wed 8:05PM","73.5","100","73.4","98%","0%"
"*04ak5*","Trevor Rogers","BAL","SP","161","DD","Reserve","28","","73.45","100","143.1","97%","0%"
"*061yu*","Jacob Misiorowski","MIL","SP","162","45s","Active","23","","73.45","100","94.7","98%","0%"
"*041qb*","Bo Bichette","NYM","SS","163","PAW","Active","27","","73.31","100","99.6","98%","0%"
"*03qo0*","Pete Fairbanks","MIA","RP","164","BOS","Active","32","","73.3","99","244.1","91%","0%"
"*03ae8*","Dansby Swanson","CHC","SS","165","KCP","Active","31","","73.18","100","135.2","94%","0%"
"*04g1x*","David Peterson","NYM","SP","166","PAW","Reserve","30","","73.08","99","289.8","86%","0%"
"*02mw3*","Christian Walker","HOU","1B","167","KCP","Active","34","","73.04","100","167.9","93%","0%"
"*025j1*","Robbie Ray","SF","SP","168","BOS","Reserve","34","NYY Wed 8:05PM","72.99","100","146.6","96%","0%"
"*062ob*","Jose Ferrer","SEA","RP","169","ALASKA","Active","25","","72.9","50","446","49%","-1%"
"*02jh6*","Eugenio Suarez","(N/A)","3B","170","BOS","Active","34","","72.84","100","71.4","96%","0%"
"*04t9b*","Michael Busch","CHC","1B","171","MN","Active","28","","72.71","100","101.2","98%","0%"
"*02bqh*","Trevor Story","BOS","SS","172","MN","Active","33","","72.52","100","102.8","95%","0%"
"*01u75*","Salvador Perez","KC","C,1B","173","DD","Active","35","","72.49","100","134.2","95%","0%"
"*03mew*","Luis Arraez","(N/A)","1B","174","BOS","Active","28","","72.32","100","287.4","89%","0%"
"*05y4b*","Caleb Durbin","MIL","3B","175","RC","Active","25","","72.29","99","245.8","88%","0%"
"*03mnq*","Carlos Estevez","KC","RP","176","MN","Reserve","33","","72.12","100","170","94%","0%"
"*0374m*","Tyler Rogers","TOR","RP","177","KCP","Active","35","","72.11","21","479","43%","+1%"
"*05ua7*","Jackson Merrill","SD","OF","178","45s","Active","22","","72.02","100","74","99%","0%"
"*03qju*","Garrett Cleavinger","TB","RP","180","AKR","Reserve","31","","71.95","25","465.7","33%","+1%"
"*04ggi*","Andrew Kittredge","BAL","RP","181","SUGA","Active","35","","71.94","32","457.2","36%","0%"
"*03fi0*","Ozzie Albies","ATL","2B","183","SUGA","Active","29","","71.91","99","142.6","97%","0%"
"*0524l*","Yainer Diaz","HOU","C","184","45s","Reserve","27","","71.71","100","184.7","96%","0%"
"*04prt*","Lawrence Butler","ATH","OF","185","RC","Active","25","","71.71","99","126.2","98%","0%"
"*06491*","Orion Kerkering","PHI","RP","186","RC","Active","24","","71.67","19","488.3","43%","0%"
"*04yk2*","Spencer Torkelson","DET","1B","187","GOATS","Active","26","","71.66","100","143.3","98%","0%"
"*05ym7*","Fernando Cruz","NYY","RP","188","GOATS","Active","35","@SF Wed 8:05PM","71.65","21","484.9","34%","0%"
"*05jr0*","Alec Burleson","STL","1B,OF","189","HERSH","Active","27","","71.62","100","220.2","92%","0%"
"*04cwf*","Shane Baz","BAL","SP","190","AKR","Reserve","26","","71.53","100","198.4","97%","0%"
"*03sef*","Seth Lugo","KC","SP","191","GOATS","Active","36","","71.4","100","298.4","85%","-1%"
"*065ji*","Jakob Marsee","MIA","OF","192","PAW","Active","24","","71.4","100","136.7","96%","0%"
"*04naz*","Tyler Holton","DET","SP,RP","193","GOATS","Active","29","","71.39","13","482.9","28%","0%"
"*03dfa*","Tanner Scott","LAD","RP","194","PAW","Inj Res","31","","71.3","75","402.3","72%","0%"
"*02c5l*","Luke Weaver","NYM","RP","195","GOATS","Active","32","","71.16","37","450.9","54%","0%"
"*04mlf*","Casey Mize","DET","SP","196","SUGA","Reserve","28","","71.15","100","254","93%","0%"
"*03pov*","Brady Singer","CIN","SP","197","DD","Reserve","29","","71.15","100","238.7","92%","0%"
"*04eos*","Joey Cantillo","CLE","SP,RP","198","AKR","Reserve","26","","71.13","99","312","80%","0%"
"*04pko*","Grayson Rodriguez","LAA","SP","199","SUGA","Inj Res","26","","71.08","100","290","93%","0%"
"*05ylp*","Jared Koenig","MIL","RP","200","PAW","Reserve","32","","71.05","10","479.3","27%","0%"
"*05u2v*","Hunter Goodman","COL","C","201","SUGA","Active","26","","71.03","100","87.7","98%","0%"
"*02nax*","Matt Strahm","KC","RP","202","PAW","Active","34","","70.91","25","468.5","41%","0%"
"*04tjl*","Otto Lopez","MIA","2B,SS","203","45s","Reserve","27","","70.85","99","317.6","86%","-1%"
"*02i3o*","Aaron Nola","PHI","SP","204","GOATS","Reserve","32","","70.79","100","185.9","94%","0%"
"*0622t*","Jacob Wilson","ATH","SS","205","HERSH","Active","23","","70.78","100","197.8","98%","0%"
"*05gtn*","Tyler Soderstrom","ATH","1B,OF","206","ALASKA","Active","24","","70.73","100","88.2","99%","0%"
"*05u9z*","Roman Anthony","BOS","OF","207","DD","Reserve","21","","70.68","100","40.4","99%","0%"
"*0622w*","Chandler Simpson","TB","OF","208","RC","Active","25","","70.66","100","164.8","94%","0%"
"*03pom*","Austin Riley","ATL","3B","209","RC","Inj Res","28","","70.64","100","61.6","98%","0%"
"*05jp7*","Gavin Williams","CLE","SP","210","45s","Active","26","","70.57","100","123","98%","0%"
"*05gww*","Cade Horton","CHC","SP","211","ALASKA","Active","24","","70.57","100","169.1","98%","0%"
"*04nb2*","Riley Greene","DET","OF","212","PAW","Active","25","","70.51","100","64.9","99%","0%"
"*0630d*","Drake Baldwin","ATL","C","213","PAW","Active","24","","70.47","100","133.9","97%","0%"
"*04a2t*","Kodai Senga","NYM","SP","214","RC","Reserve","32","","70.43","100","283.4","93%","0%"
"*05rik*","Bubba Chandler","PIT","SP","215","HERSH","Active","23","","70.36","100","164.3","98%","0%"
"*031d4*","Zack Littell","(N/A)","SP","217","DD","Reserve","30","","70.27","96","329.2","78%","0%"
"*03d7h*","Mitch Keller","PIT","SP","218","ALASKA","Reserve","29","","70.23","100","255.8","90%","0%"
"*03m6o*","Yandy Diaz","TB","1B","219","GOATS","Active","34","","70.21","100","138.2","95%","0%"
"*025gb*","Xander Bogaerts","SD","SS","220","MN","Reserve","33","","70.2","100","229","90%","0%"
"*06dqb*","Shane Smith","CHW","SP","221","HERSH","Reserve","25","","70.17","100","263.3","88%","-1%"
"*03pje*","Taylor Ward","BAL","OF","222","MN","Active","32","","70.11","100","114.9","97%","0%"
"*05ybv*","Jackson Holliday","BAL","2B","223","RC","Active","22","","70.09","100","89","99%","0%"
"*0512e*","Spencer Steer","CIN","1B","224","HERSH","Active","28","","70.07","100","224.9","92%","0%"
"*04tji*","Edwin Uceta","TB","RP","225","RC","Active","28","","70.01","88","398.8","71%","0%"
"*05y7s*","Nolan McLean","NYM","SP","226","GOATS","Active","24","","69.99","100","117.5","97%","0%"
"*05zh9*","Luke Keaschall","MIN","2B","227","RC","Active","23","","69.97","100","112.5","97%","0%"
"*04ru5*","Andy Pages","LAD","OF","228","ALASKA","Active","25","","69.93","100","129.3","98%","0%"
"*03nmw*","Ian Happ","CHC","OF","229","DD","Active","31","","69.92","100","113.8","96%","0%"
"*02xic*","Teoscar Hernandez","LAD","OF","230","45s","Active","33","","69.87","100","116.9","96%","0%"
"*01svz*","Kenley Jansen","DET","RP","231","BOS","Reserve","38","","69.81","100","265.2","85%","0%"
"*03ql5*","Ryan Helsley","BAL","RP","232","BOS","Active","31","","69.78","100","217.1","89%","0%"
"*05gsi*","Ceddanne Rafaela","BOS","2B,OF","233","AKR","Active","25","","69.46","100","156","98%","0%"
"*05h2u*","Jared Jones","PIT","SP","234","45s","Inj Res","24","","69.44","98","371.1","91%","0%"
"*05yo5*","Ben Rice","NYY","C,1B","235","45s","Active","26","@SF Wed 8:05PM","69.36","100","81.1","98%","0%"
"*02mwk*","Jose Berrios","TOR","SP","236","45s","Inj Res","31","","69.29","97","331.4","84%","0%"
"*04p10*","Bryson Stott","PHI","2B","239","HERSH","Active","28","","69.06","100","161.1","94%","0%"
"*03btv*","Sandy Alcantara","MIA","SP","240","MN","Active","30","","68.99","100","136.9","97%","0%"
"*06apx*","Trey Yesavage","TOR","SP","241","45s","Reserve","22","","68.97","100","133.2","97%","0%"
"*04n8z*","Xavier Edwards","MIA","2B,SS","242","GOATS","Active","26","","68.94","100","173.9","96%","-1%"
"*0414g*","Luis Garcia Jr.","WSH","2B","243","45s","Active","25","","68.94","100","236.8","88%","-1%"
"*04aee*","Jo Adell","LAA","OF","245","SUGA","Active","26","","68.85","100","129.2","96%","0%"
"*04pvl*","Mike Burrows","HOU","SP","246","DD","Active","26","","68.77","97","355.9","71%","+1%"
"*03zlh*","Oneil Cruz","PIT","OF","247","DD","Active","27","","68.76","100","76.5","98%","0%"
"*05yb8*","Chad Patrick","MIL","SP","248","KCP","Reserve","27","","68.56","99","327.5","76%","0%"
"*04ml0*","Yusei Kikuchi","LAA","SP","249","KCP","Active","34","","68.55","99","253.8","84%","0%"
"*04b02*","Seiya Suzuki","CHC","OF,UT","250","PAW","Active","31","","68.45","100","80.9","98%","0%"
"*04aq4*","Adolis Garcia","PHI","OF","252","HERSH","Reserve","32","","68.33","100","214.4","89%","0%"
"*02c47*","Shawn Armstrong","CLE","RP","253","GOATS","Active","35","","68.29","20","481.9","27%","0%"
"*05m49*","Jung Hoo Lee","SF","OF","255","PAW","Reserve","27","NYY Wed 8:05PM","68.08","100","251.6","92%","0%"
"*05vy6*","Bryce Miller","SEA","SP","256","RC","Active","27","","68.05","100","225.2","95%","0%"
"*041e3*","Braxton Garrett","MIA","SP","257","DD","Inj Res","28","","68.04","48","468.7","47%","0%"
"*02c2h*","Chris Bassitt","(N/A)","SP","259","45s","Reserve","36","","67.61","98","305.9","81%","-1%"
"*03e5m*","Bryan Reynolds","PIT","OF","260","MN","Reserve","31","","67.41","100","168","95%","0%"
"*05rb1*","Sal Frelick","MIL","OF","261","AKR","Active","25","","67.39","100","197.3","94%","0%"
"*05gsc*","Jordan Westburg","BAL","3B","263","AKR","Reserve","26","","67.25","100","122.6","98%","0%"
"*04q2n*","Adley Rutschman","BAL","C","264","PAW","Active","27","","67.14","100","163.7","98%","0%"
"*03qjy*","Brandon Lowe","PIT","2B","265","PAW","Active","31","","67.11","100","139.1","96%","0%"
"*03oh0*","Willson Contreras","BOS","1B","266","MN","Active","33","","66.91","100","195.7","94%","0%"
"*05tzn*","Parker Messick","CLE","SP","267","HERSH","Reserve","25","","66.7","99","328.7","87%","0%"
"*045gu*","TJ Friedl","CIN","OF","268","HERSH","Active","30","","66.48","100","215","88%","0%"
"*04t40*","Brayan Bello","BOS","SP","269","AKR","Reserve","26","","66.43","100","258.3","94%","0%"
"*04yid*","Ryne Nelson","ARI","SP,RP","270","MN","Active","27","","66.34","100","252","90%","0%"
"*04ee8*","Heliot Ramos","SF","OF","271","GOATS","Active","26","NYY Wed 8:05PM","66.3","100","174.5","96%","-1%"
"*04pmq*","Braxton Ashcraft","PIT","SP,RP","272","ALASKA","Active","26","","66.25","98","327.7","79%","0%"
"*05t2b*","Daylen Lile","WSH","OF","273","45s","Reserve","23","","66.21","100","237.1","88%","0%"
"*04y9o*","Jack Leiter","TEX","SP","274","DD","Reserve","25","","66.1","100","230.4","95%","0%"
"*03d6s*","Matt Chapman","SF","3B","275","PAW","Active","32","NYY Wed 8:05PM","66.01","99","115.9","95%","0%"
"*031t0*","Gleyber Torres","DET","2B","276","SUGA","Active","29","","65.82","100","183.9","95%","-1%"
"*042sz*","Will Smith","LAD","C","278","KCP","Reserve","30","","65.8","100","117","98%","0%"
"*01uc9*","Nick Castellanos","PHI","OF","280","KCP","Reserve","33","","65.66","100","285.8","84%","0%"
"*031bl*","Kyle Finnegan","DET","RP","281","SUGA","Active","34","","65.59","83","397.4","71%","0%"
"*03dpg*","Kevin Ginkel","ARI","RP","282","MN","Inj Res","31","","65.56","15","478.2","17%","0%"
"*04k0w*","Camilo Doval","NYY","RP","283","HERSH","Active","28","@SF Wed 8:05PM","65.55","51","457.9","60%","+1%"
"*0658b*","Jonah Tong","NYM","SP","285","HERSH","Active","22","","65.54","99","314.8","89%","0%"
"*04qnd*","Noelvi Marte","CIN","3B,OF","286","KCP","Active","24","","65.53","100","160","97%","0%"
"*05jpk*","Joe Boyle","TB","SP","287","PAW","Reserve","26","","65.52","85","436.8","65%","0%"
"*066cf*","Zebby Matthews","MIN","SP","288","HERSH","Reserve","25","","65.41","99","303.8","86%","0%"
"*0596e*","Dylan Crews","WSH","OF","290","KCP","Active","23","","65.22","100","155.6","98%","0%"
"*05mdt*","Evan Carter","TEX","OF","291","RC","Reserve","23","","65.22","99","266.6","92%","0%"
"*05gwy*","Masyn Winn","STL","SS","293","AKR","Reserve","23","","65.09","99","294.2","88%","0%"
"*04si2*","Andrew Vaughn","MIL","1B","294","DD","Active","27","","65.07","99","288.2","80%","0%"
"*0310z*","J.P. Crawford","SEA","SS","295","BOS","Active","31","","65.06","94","322.6","71%","-1%"
"*04b01*","Tomoyuki Sugano","(N/A)","SP","296","GOATS","Reserve","36","","64.98","20","475.2","30%","0%"
"*03poq*","Tony Santillan","CIN","RP","297","PAW","Reserve","28","","64.76","43","445.9","51%","0%"
"*04azv*","Jake Burger","TEX","1B","298","GOATS","Reserve","29","","64.75","99","305.4","77%","0%"
"*04mra*","Ezequiel Tovar","COL","SS","299","SUGA","Active","24","","64.74","100","241.1","89%","0%"
"*04071*","Isaac Paredes","HOU","3B","300","ALASKA","Active","26","","64.72","100","157.8","96%","0%"
"*050ok*","Yennier Cano","BAL","RP","301","BOS","Reserve","31","","64.7","6","469.9","19%","0%"
"*04alp*","Ernie Clement","TOR","2B,3B,SS","302","DD","Reserve","29","","64.66","99","303.5","81%","0%"
"*04t3y*","Alejandro Kirk","TOR","C","303","AKR","Active","27","","64.65","100","218.1","89%","0%"
"*050c3*","Jasson Dominguez","NYY","OF","304","RC","Active","22","@SF Wed 8:05PM","64.63","100","178.7","97%","0%"
"*04s1h*","Luis Gil","NYY","SP","305","45s","Reserve","27","@SF Wed 8:05PM","64.56","100","273.3","94%","0%"
"*051em*","Kerry Carpenter","DET","OF","306","RC","Active","28","","64.55","100","215.6","95%","0%"
"*02w16*","Anthony Santander","TOR","OF,UT","307","ALASKA","Reserve","31","","64.48","100","208.2","91%","0%"
"*03dgq*","Ryan OHearn","PIT","1B,OF","310","AKR","Active","32","","64.32","100","320","82%","0%"
"*05lg3*","Brandon Pfaadt","ARI","SP","311","45s","Reserve","27","","64.28","99","282.6","88%","0%"
"*02bu9*","Marcus Semien","NYM","2B","312","BOS","Reserve","35","","64.28","100","188.3","91%","0%"
"*04afl*","Brendon Little","TOR","RP","313","PAW","Reserve","29","","64.26","9","466.1","32%","+1%"
"*0312g*","Tyler Mahle","SF","SP","316","KCP","Inj Res","31","NYY Wed 8:05PM","63.89","98","353.2","79%","0%"
"*066du*","Brad Lord","WSH","SP,RP","317","HERSH","Reserve","25","","63.82","45","484.1","36%","0%"
"*03d6p*","Grant Holmes","ATL","SP","318","AKR","Inj Res","29","","63.76","70","450.5","63%","0%"
"*0512q*","Justin Slaten","BOS","RP","319","DD","Reserve","28","","63.65","13","484.9","22%","0%"
"*05ras*","Colton Cowser","BAL","OF","321","KCP","Reserve","25","","63.39","100","220","92%","0%"
"*04pse*","Brendan Donovan","STL","2B","322","BOS","Reserve","29","","63.37","100","253.3","92%","0%"
"*01usi*","Marcell Ozuna","(N/A)","UT","323","KCP","Reserve","35","","63.33","100","243.7","81%","0%"
"*02mwq*","Zach Eflin","BAL","SP","324","AKR","Inj Res","31","","63.32","91","403.9","67%","+1%"
"*05uo2*","Logan Henderson","MIL","SP","326","HERSH","Active","23","","63.1","100","286.1","91%","0%"
"*04hyc*","Ivan Herrera","STL","UT","327","GOATS","Active","25","","63.1","100","152.9","95%","0%"
"*004ee*","Max Scherzer","(N/A)","SP","328","GOATS","Reserve","41","","62.97","70","462.7","47%","0%"
"*03pzn*","Andres Gimenez","TOR","2B","330","GOATS","Reserve","27","","62.92","99","284.5","71%","0%"
"*05t9v*","Jonathan Aranda","TB","1B","332","HERSH","Reserve","27","","62.86","100","189.2","95%","0%"
"*04mlx*","Matthew Liberatore","STL","SP","333","RC","Reserve","26","","62.83","95","383.6","74%","-1%"
"*06f1r*","Connelly Early","BOS","SP","334","SUGA","Reserve","23","","62.78","100","238","93%","0%"
"*047l7*","Luis Robert Jr.","NYM","OF","335","SUGA","Inj Res","28","","62.75","100","125.7","96%","0%"
"*05y3u*","Munetaka Murakami","CHW","3B","336","SUGA","Minors","25","","62.74","100","167.3","85%","0%"
"*060eu*","Ben Joyce","LAA","RP","338","RC","Active","25","","62.67","24","475.8","52%","0%"
"*04y97*","Kyle Stowers","MIA","OF","340","BOS","Reserve","28","","62.58","100","133.5","97%","0%"
"*04pks*","Matt McLain","CIN","2B","341","45s","Active","26","","62.49","100","207","94%","0%"
"*041rj*","JoJo Romero","STL","RP","343","SUGA","Active","29","","62.45","28","458.3","46%","0%"
"*04mlt*","Shane McClanahan","TB","SP","344","PAW","Inj Res","28","","62.35","99","265.2","94%","0%"
"*041yb*","Dean Kremer","BAL","SP","345","KCP","Reserve","30","","62.27","96","355","69%","0%"
"*060x1*","Wilyer Abreu","BOS","OF","346","HERSH","Active","26","","62.15","100","234","93%","0%"
"*05gdz*","Roki Sasaki","LAD","SP","347","AKR","Inj Res","24","","62.14","100","188.9","98%","0%"
"*04mlr*","Jeffrey Springs","ATH","SP","348","BOS","Active","33","","62.05","96","334.9","74%","0%"
"*04ru7*","Miguel Vargas","CHW","1B,3B","349","HERSH","Reserve","26","","61.81","99","273.6","82%","0%"
"*01ucb*","Drew Pomeranz","LAA","RP","350","PAW","Reserve","37","","61.81","15","482.8","13%","0%"
"*03pit*","Trent Grisham","NYY","OF","352","AKR","Active","29","@SF Wed 8:05PM","61.64","100","198.2","90%","0%"
"*01sy3*","Nolan Arenado","ARI","3B","353","KCP","Inj Res","34","","61.62","92","384.7","74%","0%"
"*0596g*","Reid Detmers","LAA","RP","354","ALASKA","Active","26","","61.58","95","377","67%","0%"
"*03ann*","Jeff Hoffman","TOR","RP","355","HERSH","Active","33","","61.56","100","206.6","91%","0%"
"*02i37*","Lucas Giolito","(N/A)","SP","356","BOS","Active","31","","61.53","99","301.1","83%","-1%"
"*02yd1*","Jorge Polanco","NYM","2B","357","SUGA","Active","32","","61.51","100","202.4","90%","0%"
"*02i2q*","Carlos Correa","HOU","3B,SS","358","SUGA","Active","31","","61.48","100","275.4","89%","0%"
"*041ah*","Josh Lowe","LAA","OF","359","PAW","Reserve","27","","61.47","99","267.4","80%","0%"
"*04tk1*","Slade Cecconi","CLE","SP","361","HERSH","Active","26","","61.46","97","352.8","74%","-1%"
"*05u4l*","Daniel Palencia","CHC","RP","365","DD","Inj Res","25","","61.33","100","249.2","88%","0%"
"*0513l*","Brenton Doyle","COL","OF","367","45s","Active","27","","61.3","100","185.2","90%","-1%"
"*04qii*","Addison Barger","TOR","3B,OF","368","HERSH","Active","26","","61.3","100","173.3","94%","-1%"
"*0513c*","Joey Ortiz","MIL","SS","369","BOS","Reserve","27","","61.3","85","420.4","55%","-1%"
"*04mn5*","Alec Bohm","PHI","3B","370","GOATS","Active","29","","61.14","100","247.4","90%","0%"
"*045kb*","Cristian Javier","HOU","SP","371","RC","Reserve","28","","61.11","98","353.7","78%","0%"
"*025i9*","J.T. Realmuto","PHI","C","373","DD","Reserve","34","","60.71","99","277.3","82%","+1%"
"*03dp8*","Ramon Laureano","SD","OF","374","DD","Reserve","31","","60.7","100","206.3","84%","-1%"
"*04s1g*","Gabriel Moreno","ARI","C","376","SUGA","Active","25","","60.65","94","338.1","82%","0%"
"*04eld*","J.P. Sears","SD","SP","377","MN","Reserve","29","","60.57","89","445.2","53%","0%"
"*060ml*","Huascar Brazoban","NYM","RP","378","KCP","Reserve","36","","60.54","3","464.7","10%","0%"
"*04aeb*","Royce Lewis","MIN","3B","379","45s","Active","26","","60.36","100","206.8","94%","0%"
"*05yj1*","Nolan Schanuel","LAA","1B","381","DD","Active","23","","60.34","96","293.7","84%","-1%"
"*04pr8*","Taj Bradley","MIN","SP","382","RC","Reserve","24","","60.27","92","363.1","81%","-1%"
"*041r5*","Dustin May","STL","SP","383","AKR","Reserve","28","","60.26","94","394.9","74%","0%"
"*04llv*","Lenyn Sosa","CHW","1B,2B","384","GOATS","Reserve","26","","60.1","100","269.8","80%","-1%"
"*04mnw*","Ryan Weathers","NYY","SP","385","PAW","Active","26","@SF Wed 8:05PM","59.96","100","315.9","83%","0%"
"*05ahg*","Austin Wells","NYY","C","386","ALASKA","Active","26","@SF Wed 8:05PM","59.96","94","331.9","84%","0%"
"*01cdf*","Giancarlo Stanton","NYY","OF,UT","387","GOATS","Active","36","@SF Wed 8:05PM","59.91","100","218.3","86%","0%"
"*05rbv*","Samuel Basallo","BAL","C","388","45s","Reserve","21","","59.9","100","290","96%","0%"
"*05wxy*","Kyle Teel","CHW","C","391","HERSH","Active","23","","59.76","98","311","94%","0%"
"*04674*","Johan Oviedo","BOS","SP","392","KCP","Reserve","27","","59.76","85","422.1","61%","-1%"
"*04efa*","Daulton Varsho","TOR","OF","393","HERSH","Active","29","","59.67","100","194.1","85%","0%"
"*05u9o*","Sal Stewart","CIN","1B","394","PAW","Active","22","","59.59","100","236.4","92%","0%"
"*03div*","Jake Latz","TEX","SP,RP","395","PAW","Reserve","29","","59.58","68","464","35%","-1%"
"*05u9q*","Jac Caglianone","KC","OF","396","RC","Active","22","","59.45","100","196.7","97%","0%"
"*041rd*","Corbin Burnes","ARI","SP","398","MN","Inj Res","31","","59.44","73","454.7","82%","0%"
"*0312l*","Brad Keller","PHI","RP","399","AKR","Reserve","30","","59.38","25","474","38%","0%"
"*0648n*","Chase Meidroth","CHW","2B,SS","400","ALASKA","Active","24","","59.31","90","383.3","71%","-1%"
"*05tce*","Connor Norby","MIA","3B","401","RC","Reserve","25","","59.29","90","364.5","72%","0%"
"*01srb*","Jameson Taillon","CHC","SP","403","ALASKA","Active","34","","59.05","99","293.5","80%","0%"
"*04nky*","Trevor Larnach","MIN","OF,UT","406","GOATS","Active","28","","58.93","96","325.3","65%","0%"
"*026lz*","Josh Bell","MIN","1B","407","AKR","Reserve","33","","58.88","88","386.8","55%","0%"
"*05r3i*","Andrew Painter","PHI","SP","408","RC","Reserve","22","","58.85","98","370.3","92%","0%"
"*04yig*","Brooks Lee","MIN","2B,3B,SS","410","RC","Active","24","","58.68","91","380.4","79%","0%"
"*05rfu*","Kyle Manzardo","CLE","1B","411","DD","Active","25","","58.67","100","232.1","92%","0%"
"*04y44*","Josh Jung","TEX","3B","413","HERSH","Active","27","","58.52","95","348","83%","0%"
"*051b4*","Jordan Beck","COL","OF","414","DD","Active","24","","58.51","100","232.4","85%","0%"
"*04aok*","Gregory Soto","PIT","RP","415","AKR","Reserve","30","","58.46","16","486.4","22%","0%"
"*041py*","Keegan Akin","BAL","RP","418","PAW","Reserve","30","","58.36","12","476.6","20%","0%"
"*050vn*","Quinn Priester","MIL","SP","419","AKR","Reserve","25","","58.34","100","242.8","93%","0%"
"*03btm*","Jose Alvarado","PHI","RP","420","KCP","Reserve","30","","58.27","17","489.9","29%","0%"
"*029si*","Eduardo Rodriguez","ARI","SP","421","PAW","Reserve","32","","58.21","94","411.2","60%","0%"
"*02mzg*","Max Muncy","LAD","3B","422","45s","Active","35","","58.09","100","213.5","87%","0%"
"*03nru*","Jesus Sanchez","HOU","OF","423","AKR","Reserve","28","","58.08","92","344.7","61%","0%"
"*05a29*","Carmen Mlodzinski","PIT","SP,RP","424","KCP","Active","26","","57.92","20","478.6","22%","+1%"
"*02brc*","Adrian Houser","SF","SP","426","GOATS","Active","32","NYY Wed 8:05PM","57.85","74","446","53%","0%"
"*03zcy*","Mark Vientos","NYM","3B","427","SUGA","Active","26","","57.79","99","275.5","87%","0%"
"*03c65*","Victor Robles","SEA","OF","428","RC","Reserve","28","","57.66","89","389.8","59%","-1%"
"*04pxf*","Davis Martin","CHW","SP","429","ALASKA","Active","29","","57.58","62","473.3","40%","-1%"
"*041q8*","Brandon Marsh","PHI","OF","430","PAW","Reserve","28","","57.52","92","353.4","59%","-1%"
"*06htl*","Ty Johnson","TB","SP","431","GOATS","Minors","24","","57.43","8","478.6","36%","+1%"
"*05y72*","Landen Roupp","SF","SP","432","HERSH","Inj Res","27","NYY Wed 8:05PM","57.41","90","409.9","71%","-1%"
"*0648z*","Victor Scott","STL","OF","433","RC","Active","24","","57.38","95","319.4","72%","-1%"
"*04pqo*","Braydon Fisher","TOR","RP","435","HERSH","Active","25","","57.3","4","466.8","17%","0%"
"*04nx3*","Jonathan India","KC","2B,3B,OF","436","AKR","Active","29","","57.2","97","328.9","74%","0%"
"*041x9*","Graham Ashcraft","CIN","RP","438","BOS","Reserve","27","","57.06","9","476","23%","0%"
"*0473n*","Tyler Wells","BAL","SP","440","ALASKA","Active","31","","57.05","90","378.4","57%","0%"
"*01s8u*","Mike Trout","LAA","OF,UT","441","ALASKA","Active","34","","57.03","100","143.8","96%","0%"
"*03qmh*","Jake Cronenworth","SD","2B","442","BOS","Active","32","","57.02","96","315","72%","-1%"
"*03ab0*","Luis Severino","ATH","SP","444","BOS","Active","31","","56.91","95","365.1","69%","0%"
"*04y9p*","Anthony Volpe","NYY","SS","447","GOATS","Active","24","@SF Wed 8:05PM","56.69","94","328.9","86%","0%"
"*06gwk*","Payton Tolle","BOS","RP","450","PAW","Active","23","","56.59","90","375.7","86%","-1%"
"*04eig*","Jose Caballero","NYY","2B,3B,SS,OF","452","AKR","Active","29","@SF Wed 8:05PM","56.52","100","291.4","79%","0%"
"*03pji*","KeBryan Hayes","CIN","3B","454","AKR","Active","29","","56.35","85","422.4","53%","-1%"
"*041e2*","Mickey Moniak","COL","OF","455","SUGA","Active","27","","56.32","100","259.7","74%","0%"
"*02mv0*","Andrew Heaney","LAD","SP","456","MN","Reserve","34","","56.29","0","-","10%","0%"
"*05gef*","Cade Cavalli","WSH","SP","457","RC","Reserve","27","","56.26","93","385.2","74%","0%"
"*05r1m*","Jordan Lawlar","ARI","3B","458","AKR","Active","23","","56.13","94","344.5","89%","0%"
"*03qr0*","Cedric Mullins","TB","OF","459","DD","Reserve","31","","56.05","99","292.2","76%","0%"
"*04azu*","Kumar Rocker","TEX","SP","460","AKR","Reserve","26","","55.93","68","460.3","75%","0%"
"*0317o*","Jeff McNeil","ATH","2B,OF","461","BOS","Active","33","","55.79","92","359.2","63%","0%"
"*03pdw*","Andrew Benintendi","CHW","OF","462","MN","Active","31","","55.78","87","389.5","52%","-1%"
"*05135*","Jake Mangum","PIT","OF","465","GOATS","Reserve","29","","55.62","88","384.4","56%","-1%"
"*03bin*","Nestor Cortes Jr.","(N/A)","SP","468","HERSH","Reserve","31","","55.53","7","467.6","28%","0%"
"*04pmp*","Simeon Woods-Richardson","MIN","SP","469","SUGA","Active","25","","55.5","93","379.3","66%","-1%"
"*051ia*","Spencer Horwitz","PIT","1B","471","PAW","Reserve","28","","55.29","92","372.5","63%","-1%"
"*060jo*","Cam Smith","HOU","OF","473","45s","Reserve","22","","55.25","98","309.9","91%","-1%"
"*05yby*","Kevin McGonigle","DET","SS","476","RC","Reserve","21","","55.1","99","304","93%","0%"
"*03zbj*","Brusdar Graterol","LAD","RP","477","BOS","Inj Res","27","","55.08","5","466.9","17%","0%"
"*04q56*","Logan OHoppe","LAA","C","479","RC","Active","25","","55.05","97","294.6","81%","0%"
"*0310n*","Ryan McMahon","NYY","3B","481","BOS","Reserve","31","@SF Wed 8:05PM","54.93","92","345.1","67%","0%"
"*05rch*","Colson Montgomery","CHW","SS","482","KCP","Active","23","","54.92","100","225.2","96%","0%"
"*04eej*","Gavin Sheets","SD","OF","483","MN","Active","29","","54.91","93","351.6","66%","-1%"
"*02buh*","Scott Barlow","(N/A)","RP","484","KCP","Active","33","","54.85","1","462.8","7%","0%"
"*05jrh*","Colt Keith","DET","2B,3B","485","GOATS","Reserve","24","","54.82","98","314.7","87%","0%"
"*04eek*","Griffin Canning","(N/A)","SP","486","RC","Inj Res","29","","54.81","11","481.1","28%","+1%"
"*041qs*","Austin Hays","(N/A)","OF","488","SUGA","Active","30","","54.78","84","421","55%","0%"
"*000dp*","Justin Verlander","(N/A)","SP","489","DD","Reserve","42","","54.74","88","439.8","52%","0%"
"*06aly*","Carson Benge","NYM","OF","490","PAW","Reserve","23","","54.66","88","404.2","83%","0%"
"*066n1*","Justin Sterner","ATH","RP","492","MN","Active","29","","54.62","21","482.4","19%","0%"
"*05y4k*","Ben Casparius","LAD","RP","494","AKR","Reserve","26","","54.57","7","475","30%","0%"
"*05jpx*","Tink Hence","STL","SP","496","AKR","Reserve","23","","54.38","9","479","53%","0%"
"*0516n*","Isaac Collins","KC","OF","498","45s","Reserve","28","","54.3","95","344","66%","0%"
"*03qjv*","Harrison Bader","SF","OF","499","MN","Active","31","NYY Wed 8:05PM","54.26","92","363.5","55%","0%"
"*051ui*","Jacob Lopez","ATH","SP","500","KCP","Inj Res","27","","54.25","96","375.4","73%","0%"
"*04pt2*","Lars Nootbaar","STL","OF","501","HERSH","Inj Res","28","","54.21","94","334.1","74%","-1%"
"*04qnc*","Francisco Alvarez","NYM","C","503","GOATS","Reserve","24","","54.12","96","302.1","85%","0%"
"*04pmn*","Parker Meadows","DET","OF","504","DD","Active","26","","54.1","93","346.6","67%","-1%"
"*01ual*","Paul Goldschmidt","(N/A)","1B","505","AKR","Reserve","38","","54.04","69","450.9","49%","-1%"
"*03avk*","Luis Rengifo","(N/A)","2B,3B","508","MN","Active","28","","53.92","44","452.7","34%","-1%"
"*06at1*","Yariel Rodriguez","(N/A)","RP","509","MN","Active","28","","53.87","2","465.2","15%","0%"
"*05xty*","Dylan Beavers","BAL","OF","511","HERSH","Active","24","","53.83","100","277.8","86%","0%"
"*0314j*","Ryan Yarbrough","NYY","SP,RP","512","MN","Reserve","34","@SF Wed 8:05PM","53.79","12","482","15%","0%"
"*02mxf*","Carson Kelly","CHC","C","515","KCP","Active","31","","53.61","91","361.9","64%","-1%"
"*03pix*","Tyler Stephenson","CIN","C","516","BOS","Reserve","29","","53.59","92","370.9","64%","0%"
"*04an8*","Wenceel Perez","DET","OF","517","KCP","Active","26","","53.57","88","417.4","52%","-1%"
"*052ru*","Josh Smith","TEX","1B,3B,SS","518","GOATS","Reserve","28","","53.57","93","368.5","75%","-1%"
"*03btu*","Willi Castro","COL","2B,3B,OF","519","BOS","Active","28","","53.57","93","359.8","65%","0%"
"*05xoo*","Elmer Rodriguez","NYY","SP","520","45s","Reserve","22","@SF Wed 8:05PM","53.56","22","482.1","55%","+1%"
"*05u6r*","Robert Gasser","MIL","SP","522","PAW","Reserve","26","","53.52","38","473.8","52%","0%"
"*05yaz*","Will Warren","NYY","SP","524","MN","Reserve","26","@SF Wed 8:05PM","53.49","99","301.9","86%","0%"
"*041sq*","Tommy Edman","LAD","2B,OF","525","DD","Reserve","30","","53.41","97","305.3","79%","0%"
"*061mh*","Robby Snelling","MIA","SP","526","HERSH","Minors","22","","53.37","98","369.8","87%","0%"
"*04ni3*","Luis Garcia","(N/A)","SP","527","HERSH","Reserve","29","","53.31","1","461.4","26%","+1%"
"*04emt*","Jake Meyers","HOU","OF","529","KCP","Inj Res","29","","53.22","75","438.9","46%","-1%"
"*03whq*","Ty France","(N/A)","1B","531","AKR","Reserve","31","","53.06","15","484.4","19%","0%"
"*05oz7*","Jose Butto","SF","RP","532","AKR","Reserve","27","NYY Wed 8:05PM","53.04","7","470.7","15%","0%"
"*041qr*","Aaron Civale","(N/A)","SP","533","ALASKA","Reserve","30","","52.97","32","490","25%","0%"
"*03djb*","Jalen Beeks","(N/A)","RP","535","MN","Active","32","","52.86","0","-","6%","0%"
"*04o78*","Matt Wallner","MIN","OF","536","PAW","Reserve","28","","52.83","97","310.6","69%","-1%"
"*041xv*","Nathaniel Lowe","(N/A)","1B","537","KCP","Active","30","","52.82","79","426.4","51%","-1%"
"*0473m*","Zach McKinstry","DET","3B,SS,OF","538","ALASKA","Active","30","","52.71","99","309.8","80%","-1%"
"*04ppz*","Jake Irvin","WSH","SP","539","MN","Reserve","28","","52.71","47","475.5","41%","0%"
"*04pn3*","Josiah Gray","WSH","SP","547","AKR","Inj Res","28","","51.94","20","482.3","29%","0%"
"*03dbe*","Austin Gomber","(N/A)","SP","548","MN","Reserve","32","","51.85","3","461.9","8%","0%"
"*05xod*","Sean Burke","CHW","SP","549","MN","Reserve","26","","51.8","85","446.8","58%","-1%"
"*04o2w*","Ben Brown","CHC","SP,RP","551","HERSH","Reserve","26","","51.71","44","469.4","52%","0%"
"*05ynx*","River Ryan","LAD","SP","553","AKR","Inj Res","27","","51.52","22","488.9","46%","0%"
"*059bx*","Brady House","WSH","3B","555","45s","Reserve","22","","51.51","77","449.9","68%","0%"
"*05133*","Andre Pallante","STL","SP","557","AKR","Reserve","27","","51.48","37","481.7","32%","0%"
"*03pjl*","Ryan Mountcastle","BAL","1B","562","BOS","Active","28","","51.34","42","459.5","44%","0%"
"*02n3l*","Taylor Rogers","MIN","RP","563","KCP","Active","35","","51.31","4","464.1","8%","0%"
"*047sh*","Wandy Peralta","SD","RP","564","MN","Active","34","","51.18","0","-","7%","0%"
"*05sr2*","Michael McGreevy","STL","SP","565","MN","Active","25","","51.17","92","400.5","68%","0%"
"*04ee7*","Clarke Schmidt","NYY","SP","566","ALASKA","Inj Res","29","@SF Wed 8:05PM","51.16","10","476.3","50%","+1%"
"*04yib*","Brett Baty","NYM","2B,3B","568","DD","Active","26","","51.14","93","320.5","77%","-1%"
"*05r9j*","Marcelo Mayer","BOS","3B","569","RC","Inj Res","23","","51.11","97","312.5","92%","0%"
"*03di6*","Jordan Romano","LAA","RP","571","BOS","Reserve","32","","50.91","13","477.6","18%","0%"
"*06cq8*","Christian Moore","LAA","2B","572","RC","Reserve","23","","50.91","89","406.8","77%","-1%"
"*04mrn*","Bo Naylor","CLE","C","573","MN","Active","25","","50.9","85","404.5","54%","0%"
"*02yk4*","Tyler ONeill","BAL","OF","574","BOS","Reserve","30","","50.9","96","349.3","65%","-1%"
"*025kd*","Jose Quintana","(N/A)","SP","578","KCP","Reserve","37","","50.68","54","476.9","38%","0%"
"*05t9l*","Max Muncy","ATH","2B,3B","579","45s","Reserve","23","","50.65","28","468.8","42%","0%"
"*04efc*","Tyler Freeman","COL","OF","580","HERSH","Active","26","","50.64","55","450.6","42%","0%"
"*05ajg*","Ha-seong Kim","ATL","SS","581","MN","Active","30","","50.64","92","318.6","65%","0%"
"*05y0j*","Spencer Arrighetti","HOU","SP","583","SUGA","Active","26","","50.58","96","357.7","80%","0%"
"*041ai*","Gavin Lux","TB","OF,UT","586","DD","Active","28","","50.2","85","443.1","59%","-1%"
"*05y7x*","Cole Young","SEA","2B","587","GOATS","Active","22","","50.19","38","471.7","58%","0%"
"*05un2*","Edgar Quero","CHW","C","588","SUGA","Active","22","","50.16","80","418.1","63%","0%"
"*04pvu*","Stephen Kolek","KC","SP","589","SUGA","Reserve","28","","50.1","80","443.6","53%","0%"
"*04ai4*","Nolan Gorman","STL","2B,3B","591","KCP","Active","25","","50.07","75","440.9","56%","0%"
"*05js5*","Coby Mayo","BAL","1B","592","HERSH","Active","24","","50.05","78","421.1","78%","0%"
"*05yb1*","Drew Thorpe","CHW","SP","595","DD","Minors","25","","49.94","3","464.2","38%","+1%"
"*01cfr*","Carlos Santana","CHC","1B","600","GOATS","Reserve","39","","49.63","7","473.6","16%","0%"
"*0657l*","Jack Perkins","ATH","RP","601","HERSH","Inj Res","26","","49.44","22","484.1","40%","0%"
"*06f0q*","Kristian Campbell","BOS","2B","602","45s","Reserve","23","","49.39","94","376.9","88%","-1%"
"*026mq*","Tyler Anderson","(N/A)","SP","608","BOS","Reserve","36","","49.14","3","464.1","17%","0%"
"*05rc3*","Masataka Yoshida","BOS","UT","613","GOATS","Reserve","32","","48.98","70","461.3","44%","-1%"
"*05t9n*","Carson Williams","TB","SS","614","SUGA","Reserve","22","","48.95","65","432","77%","0%"
"*05js7*","Nick Yorke","PIT","2B","615","DD","Minors","23","","48.93","35","481.5","41%","-1%"
"*05jp3*","Logan Allen","CLE","SP","616","AKR","Reserve","27","","48.92","68","482.5","49%","0%"
"*05vy5*","Carter Jensen","KC","C","624","HERSH","Reserve","22","","48.56","97","344.4","87%","+1%"
"*05jsg*","Owen Caissie","MIA","OF","625","ALASKA","Minors","23","","48.55","88","389.8","83%","0%"
"*02bxv*","Jon Gray","(N/A)","RP","626","MN","Reserve","34","","48.54","0","-","11%","0%"
"*05xpq*","Christian Scott","NYM","SP","627","HERSH","Reserve","26","","48.48","26","479.4","50%","0%"
"*05uei*","Chase DeLauter","CLE","OF","630","BOS","Minors","24","","48.29","98","328.8","90%","0%"
"*05yav*","David Festa","MIN","SP","632","GOATS","Reserve","25","","48.16","20","488.9","43%","+1%"
"*0515o*","Brandon Sproat","MIL","SP","636","45s","Reserve","25","","48.03","66","453.4","77%","0%"
"*05gbf*","Jordan Walker","STL","OF","640","BOS","Active","23","","47.86","93","367.3","75%","0%"
"*06in4*","Hyeseong Kim","LAD","2B","642","HERSH","Active","27","","47.71","84","403.5","67%","0%"
"*04ydd*","Angel Martinez","CLE","2B,OF","645","ALASKA","Active","24","","47.54","24","484","27%","-1%"
"*05ub0*","Zack Gelof","ATH","2B","649","HERSH","Inj Res","26","","47.44","84","424.2","58%","-1%"
"*03nri*","Lourdes Gurriel Jr.","ARI","OF","650","PAW","Inj Res","32","","47.38","73","441.9","63%","0%"
"*05u3u*","Konnor Griffin","PIT","SS","655","HERSH","Active","19","","47.3","99","264.3","96%","0%"
"*0603p*","Hurston Waldrep","ATL","SP","657","HERSH","Reserve","23","","47.21","100","280.8","93%","0%"
"*03ca3*","Kyle Freeland","COL","SP","663","PAW","Reserve","32","","46.85","66","470.6","32%","0%"
"*05rbs*","Moises Ballesteros","CHC","UT","665","KCP","Minors","22","","46.64","90","375.8","82%","0%"
"*063vu*","Matt Shaw","CHC","3B","667","SUGA","Reserve","24","","46.51","100","272.9","95%","-1%"
"*0421k*","Bowden Francis","TOR","SP","669","KCP","Inj Res","29","","46.4","10","479.5","26%","+1%"
"*06dn6*","C.J. Kayfus","CLE","OF","672","AKR","Active","24","","46.32","53","455.6","59%","0%"
"*063e5*","Caden Dana","LAA","SP","674","RC","Active","22","","46.31","15","483.7","43%","+1%"
"*026qc*","Joc Pederson","TEX","UT","676","GOATS","Reserve","33","","46.22","32","481.8","21%","0%"
"*04etg*","Janson Junk","MIA","SP","685","SUGA","Reserve","30","","45.6","60","478.8","39%","-1%"
"*01fhm*","Martin Perez","(N/A)","SP","688","KCP","Reserve","34","","45.4","3","467.9","15%","+1%"
"*05gbe*","Robert Hassell","WSH","OF","690","MN","Active","24","","45.36","25","485.4","32%","0%"
"*0662m*","Luis Morales","ATH","SP","695","DD","Minors","23","","44.92","90","400.9","80%","-1%"
"*04ydi*","Ronel Blanco","HOU","SP","700","GOATS","Inj Res","32","","44.71","1","461.9","33%","0%"
"*03aqw*","Mauricio Dubon","ATL","2B,3B,SS,OF","704","KCP","Active","31","","44.43","31","466.4","23%","0%"
"*05jp9*","Bryce Elder","ATL","SP","708","SUGA","Reserve","26","","44.38","30","481.2","36%","0%"
"*026l1*","Lance McCullers Jr.","HOU","SP","709","ALASKA","Reserve","32","","44.36","28","484.4","31%","0%"
"*05itb*","Randy Vasquez","SD","SP","715","BOS","Active","27","","43.93","40","487.1","31%","0%"
"*03de9*","Rhys Hoskins","(N/A)","1B","716","KCP","Inj Res","32","","43.9","34","462.2","36%","0%"
"*04q0o*","Romy Gonzalez","BOS","1B,2B","717","HERSH","Reserve","29","","43.88","42","449","39%","0%"
"*05rav*","Richard Fitts","STL","SP","718","MN","Reserve","26","","43.83","44","483.3","36%","0%"
"*032lk*","Sean Newcomb","CHW","SP,RP","729","KCP","Active","32","","43.41","15","488.3","14%","0%"
"*0512c*","Alec Marsh","KC","SP","733","MN","Inj Res","27","","43.35","0","-","12%","0%"
"*0597k*","Nick Gonzales","PIT","2B","736","HERSH","Active","26","","43.24","70","455.3","46%","-1%"
"*03d7g*","Alex Verdugo","ATL","OF","737","BOS","Active","29","","43.24","2","465.6","10%","0%"
"*05y9r*","Justin Wrobleski","LAD","RP","738","ALASKA","Active","25","","43.23","16","487.6","27%","0%"
"*05zya*","Thomas Harrington","PIT","RP","740","AKR","Minors","24","","43.21","0","-","35%","0%"
"*03dim*","John Means","(N/A)","SP","744","PAW","Inj Res","32","","43.08","6","469.6","14%","0%"
"*05u96*","Bryce Eldridge","SF","UT","747","RC","Reserve","21","NYY Wed 8:05PM","42.96","92","360.6","88%","-1%"
"*04de1*","Triston Casas","BOS","1B","752","SUGA","Inj Res","26","","42.74","91","349.7","84%","0%"
"*05139*","Michael Massey","KC","2B","754","MN","Reserve","27","","42.64","13","483.9","15%","0%"
"*06dlz*","Ryan Waldschmidt","ARI","OF","759","SUGA","Reserve","23","","42.52","39","473.4","66%","+1%"
"*0516h*","DJ Herz","WSH","SP","762","DD","Inj Res","25","","42.37","1","462.6","31%","+1%"
"*05yaf*","Jacob Young","WSH","OF","764","AKR","Active","26","","42.17","31","486","24%","0%"
"*05y30*","Justin Crawford","PHI","OF","770","RC","Reserve","22","","41.76","98","352.4","86%","0%"
"*05xtz*","Dalton Rushing","LAD","C","775","ALASKA","Reserve","24","","41.6","50","446.1","68%","0%"
"*05xor*","Christian Encarnacion-Strand","CIN","1B","776","RC","Reserve","26","","41.49","23","484.2","42%","0%"
"*051d0*","Troy Johnston","COL","OF,UT","778","DD","Active","28","","41.44","22","469.1","17%","0%"
"*05gs4*","Cole Henry","WSH","RP","782","ALASKA","Reserve","26","","41.31","9","474.3","14%","0%"
"*03amq*","German Marquez","(N/A)","SP","786","KCP","Reserve","30","","41.09","4","462.1","11%","0%"
"*03aac*","Walker Buehler","(N/A)","SP","791","MN","Reserve","31","","41.01","59","478.7","45%","0%"
"*061bo*","Rhett Lowder","CIN","SP","793","KCP","Minors","23","","40.99","87","414.1","82%","0%"
"*03ql8*","Bailey Falter","KC","SP","798","ALASKA","Inj Res","28","","40.84","2","463.3","20%","0%"
"*06hv8*","Logan Evans","SEA","SP","799","RC","Active","24","","40.81","8","479","33%","0%"
"*02h98*","Enrique Hernandez","(N/A)","1B,3B,OF","807","KCP","Reserve","34","","40.47","7","473","12%","0%"
"*01s98*","Jose Iglesias","(N/A)","2B,3B,SS","810","MN","Active","36","","40.3","7","473.2","6%","0%"
"*05xpo*","Ryan Bergert","KC","SP","812","KCP","Reserve","25","","40.28","25","478.8","35%","0%"
"*05gd5*","Luis Perales","WSH","SP,RP","815","SUGA","Reserve","22","","40.15","7","475.6","39%","0%"
"*05yj0*","Chase Dollander","COL","SP","817","ALASKA","Reserve","24","","40.13","41","491.4","63%","0%"
"*05xq2*","Mitch Bratt","ARI","SP","820","PAW","Minors","22","","39.98","4","470.1","23%","+1%"
"*04pkt*","J.T. Ginn","ATH","SP","821","SUGA","Active","26","","39.98","30","479.7","28%","0%"
"*05mrx*","Gavin Stone","LAD","SP","823","GOATS","Inj Res","27","","39.95","13","483.7","39%","0%"
"*06650*","Hayden Birdsong","SF","SP,RP","825","SUGA","Reserve","24","NYY Wed 8:05PM","39.88","21","487.6","49%","0%"
"*0316v*","Jake Bauers","MIL","1B,OF","832","PAW","Reserve","30","","39.54","21","476","15%","0%"
"*05uc4*","Troy Melton","DET","RP","837","HERSH","Reserve","25","","39.37","99","292.6","83%","0%"
"*03r06*","Ryan Feltner","COL","SP","842","ALASKA","Reserve","29","","39.19","2","464.1","13%","0%"
"*0518n*","Vaughn Grissom","LAA","2B","851","RC","Inj Res","25","","38.87","39","470.9","27%","0%"
"*051am*","Easton Lucas","(N/A)","SP","855","GOATS","Minors","29","","38.71","0","-","4%","0%"
"*0518s*","Ryan Gusto","MIA","SP,RP","864","SUGA","Reserve","26","","38.42","1","462.7","15%","+1%"
"*025dq*","Taijuan Walker","PHI","SP,RP","865","KCP","Active","33","","38.42","8","472.2","18%","0%"
"*04y94*","Jonny DeLuca","TB","OF","869","ALASKA","Inj Res","27","","38.31","18","477","21%","0%"
"*01s9c*","Randal Grichuk","(N/A)","OF,UT","873","KCP","Reserve","34","","38.22","2","464.9","5%","0%"
"*03eet*","Yoan Moncada","LAA","3B","874","ALASKA","Active","30","","38.13","26","486.4","23%","0%"
"*060gd*","Quinn Mathews","STL","SP","877","AKR","Reserve","25","","38.05","26","487.4","63%","0%"
"*05tp6*","Thomas White","MIA","SP","883","45s","Minors","21","","37.91","69","433.2","80%","0%"
"*05mru*","Thomas Saggese","STL","2B,SS","886","DD","Reserve","23","","37.85","28","472.8","36%","0%"
"*04nb5*","Hunter Barco","PIT","RP","887","AKR","Reserve","25","","37.75","20","482.6","51%","0%"
"*051dl*","Edouard Julien","COL","1B,2B","888","BOS","Reserve","26","","37.74","12","483.9","18%","+2%"
"*05raw*","Harry Ford","WSH","C","889","AKR","Reserve","22","","37.7","36","447.1","64%","0%"
"*05tuw*","Trey Sweeney","DET","SS","890","MN","Reserve","25","","37.65","13","477.3","22%","0%"
"*05a2d*","Max Meyer","MIA","SP","893","RC","Inj Res","26","","37.35","74","437.1","72%","-1%"
"*04qow*","Kevin Alcantara","CHC","OF","896","GOATS","Minors","23","","37.25","21","483.9","52%","0%"
"*041q6*","Nolan Jones","CLE","OF","898","SUGA","Reserve","27","","37.08","15","483.4","20%","0%"
"*04y95*","JJ Bleday","CIN","OF","899","HERSH","Reserve","28","","37.06","35","473.9","32%","0%"
"*06f1b*","Brody Hopkins","TB","SP","901","HERSH","Reserve","24","","36.95","12","481.7","51%","+1%"
"*05j8u*","Jhostynxon Garcia","PIT","OF","906","ALASKA","Minors","23","","36.83","32","472.9","57%","0%"
"*05u3v*","Walker Jenkins","MIN","OF","908","45s","Reserve","20","","36.73","61","445.8","81%","0%"
"*060m8*","Jurrangelo Cijntje","SEA","SP","910","AKR","Minors","22","","36.7","2","463.5","53%","0%"
"*066db*","Zach Cole Jr.","HOU","OF","914","DD","Minors","25","","36.38","30","467.5","34%","0%"
"*03d6v*","Michael Kopech","(N/A)","RP","915","45s","Inj Res","29","","36.34","15","483.4","29%","0%"
"*06alk*","Charlie Condon","COL","1B","920","ALASKA","Minors","22","","36.08","30","475","70%","0%"
"*02yh5*","Amed Rosario","NYY","3B","922","AKR","Reserve","30","@SF Wed 8:05PM","36.03","12","482.7","15%","0%"
"*06fz3*","Mitch Farris","LAA","SP","924","DD","Minors","24","","35.99","0","-","13%","0%"
"*04ybm*","Warming Bernabel","WSH","1B","927","ALASKA","Reserve","23","","35.93","10","477.2","24%","0%"
"*0311w*","Ben Lively","(N/A)","SP","936","SUGA","Inj Res","33","","35.51","0","-","11%","0%"
"*05gss*","Jeferson Quero","MIL","C","944","SUGA","Minors","23","","35.33","18","481.1","52%","0%"
"*04z6k*","Luisangel Acuna","CHW","2B","945","ALASKA","Active","23","","35.28","36","472.6","51%","0%"
"*05js3*","Kyle Harrison","BOS","SP","947","45s","Reserve","24","","35.21","41","481.2","56%","+1%"
"*05w7z*","Edgardo Henriquez","LAD","RP","955","HERSH","Reserve","23","","34.89","4","469.9","22%","0%"
"*025eo*","Mark Canha","KC","OF,UT","963","MN","Reserve","36","","34.53","1","462.3","5%","0%"
"*066iq*","Ben Hess","NYY","SP","964","AKR","Minors","23","@SF Wed 8:05PM","34.51","0","-","35%","+1%"
"*05rcg*","Braden Montgomery","CHW","OF","968","SUGA","Minors","22","","34.44","11","482.1","61%","0%"
"*04o2x*","Davis Schneider","TOR","2B,OF","969","ALASKA","Active","27","","34.43","20","484.8","19%","0%"
"*06fwm*","Jonathon Long","CHC","1B","977","PAW","Reserve","24","","34.21","10","477.9","43%","0%"
"*04ya2*","Daniel Espino","CLE","SP","982","45s","Reserve","25","","33.83","7","473.3","42%","+1%"
"*05tzo*","J.R. Ritchie","ATL","SP","986","DD","Minors","22","","33.75","20","485.9","56%","0%"
"*04yi8*","Spencer Jones","NYY","OF","1002","GOATS","Minors","24","@SF Wed 8:05PM","33.24","59","449.7","77%","0%"
"*0641c*","Zach Dezenzo","HOU","OF","1004","ALASKA","Inj Res","25","","33.2","7","476","21%","0%"
"*06aw3*","JJ Wetherholt","STL","2B,SS","1006","RC","Reserve","23","","33.12","99","322.2","93%","0%"
"*05zq4*","Ryan Johnson","LAA","RP","1011","GOATS","Minors","23","","33.05","3","465.3","30%","-1%"
"*01ub8*","Liam Hendriks","(N/A)","RP","1012","MN","Reserve","36","","33.04","0","-","6%","0%"
"*05xu1*","Alex Freeland","LAD","3B","1013","HERSH","Minors","24","","33.03","16","485.8","52%","0%"
"*05gbg*","Zac Veen","COL","OF","1016","MN","Minors","24","","32.88","18","478.4","47%","+1%"
"*041v6*","Tony Gonsolin","(N/A)","SP","1017","BOS","Inj Res","31","","32.83","1","462.4","19%","+1%"
"*04de0*","Ramon Urias","(N/A)","2B,3B","1021","KCP","Active","31","","32.68","11","479.3","11%","0%"
"*0596f*","Heston Kjerstad","BAL","OF","1024","KCP","Reserve","26","","32.61","8","477.3","38%","0%"
"*04ok0*","Mike Vasil","CHW","RP","1025","AKR","Reserve","25","","32.61","5","469.4","19%","0%"
"*05g3k*","Yanquiel Fernandez","(N/A)","OF","1034","BOS","Minors","23","","32.36","7","473.8","26%","0%"
"*05xze*","Jason Alexander","HOU","SP","1039","PAW","Reserve","32","","32.23","9","472.4","14%","0%"
"*05y7n*","Jarlin Susana","WSH","SP","1043","RC","Minors","21","","32.04","5","468.3","59%","0%"
"*0510l*","Emerson Hancock","SEA","SP","1046","ALASKA","Reserve","26","","31.88","4","469.8","23%","0%"
"*04fyo*","Ronny Mauricio","NYM","3B","1066","BOS","Reserve","24","","31.12","22","479.1","41%","0%"
"*05u2u*","Tyler Black","MIL","1B","1068","AKR","Reserve","25","","31.1","6","475.6","30%","0%"
"*04yfw*","Alek Manoah","LAA","SP","1070","MN","Reserve","28","","31.07","21","489.6","37%","0%"
"*0630e*","Colby Thomas","ATH","OF","1075","AKR","Active","25","","30.86","22","473.7","43%","+1%"
"*05t9g*","Gage Jump","ATH","SP","1085","45s","Minors","22","","30.54","14","484.4","58%","+1%"
"*05rb0*","Jackson Jobe","DET","SP","1086","ALASKA","Reserve","23","","30.5","2","464","63%","0%"
"*054p6*","Emmanuel Rodriguez","MIN","OF","1091","SUGA","Minors","22","","30.25","20","484.4","63%","0%"
"*05rcs*","Gabriel Gonzalez","MIN","OF","1095","HERSH","Reserve","22","","30.02","2","466","36%","0%"
"*064zm*","Didier Fuentes","ATL","SP","1096","AKR","Minors","20","","29.92","7","475.9","38%","0%"
"*05uy5*","AJ Smith-Shawver","ATL","SP","1099","HERSH","Inj Res","23","","29.89","0","-","54%","0%"
"*04ggr*","Jarred Kelenic","CHW","OF","1103","ALASKA","Reserve","26","","29.63","7","471","14%","+1%"
"*05zd4*","Hagen Smith","CHW","SP","1104","PAW","Minors","22","","29.48","13","479.2","64%","0%"
"*05zde*","Travis Bazzana","CLE","2B","1106","RC","Reserve","23","","29.43","79","428.4","85%","0%"
"*06hx4*","Kaelen Culpepper","MIN","SS","1117","HERSH","Minors","23","","29.12","15","485.1","57%","+1%"
"*05y7v*","Carson Whisenhunt","SF","SP","1118","BOS","Minors","25","NYY Wed 8:05PM","28.94","5","468.7","38%","0%"
"*0517z*","Mitch Spence","ATH","SP,RP","1123","PAW","Reserve","27","","28.81","0","-","10%","0%"
"*05jre*","Enrique Bradfield Jr.","BAL","OF","1124","BOS","Minors","24","","28.81","6","468.3","41%","0%"
"*05uec*","Yoniel Curet","PHI","SP","1127","DD","Minors","23","","28.61","0","-","27%","+1%"
"*062h4*","Carlos Lagrange","NYY","SP","1132","45s","Minors","22","@SF Wed 8:05PM","28.48","6","473","53%","+1%"
"*05u2k*","Hao-Yu Lee","DET","2B,3B","1134","HERSH","Minors","22","","28.42","5","470.2","24%","+1%"
"*05jpe*","Connor Phillips","CIN","RP","1137","KCP","Minors","24","","28.34","21","477.2","28%","0%"
"*060u3*","Andrew Alvarez","WSH","SP","1140","PAW","Reserve","26","","28.29","3","464.3","18%","0%"
"*05oqe*","Ty Madden","DET","SP","1149","ALASKA","Minors","25","","28.1","0","-","20%","0%"
"*059bs*","Bryan Ramos","CHW","3B","1151","GOATS","Minors","23","","28.08","1","463.6","16%","0%"
"*066m0*","Kohl Drake","ARI","SP","1160","ALASKA","Minors","25","","27.88","2","463.5","19%","0%"
"*0512u*","Jack Kochanowicz","LAA","SP","1168","ALASKA","Reserve","25","","27.59","0","-","13%","0%"
"*067xm*","George Klassen","LAA","SP","1177","RC","Minors","24","","27.48","9","482","43%","+1%"
"*05wxw*","Gordon Graceffo","STL","RP","1193","KCP","Minors","25","","26.66","0","-","11%","0%"
"*05raz*","Chase Petty","CIN","SP","1196","AKR","Reserve","22","","26.53","6","469.9","43%","+1%"
"*06am0*","Mickey Gasper","WSH","C","1201","MN","Active","30","","26.31","0","-","3%","0%"
"*03qkh*","Paul DeJong","NYY","3B","1206","MN","Active","32","@SF Wed 8:05PM","26.12","4","468.7","9%","0%"
"*05rcf*","Joshua Baez","STL","OF","1212","45s","Minors","22","","25.84","26","470.8","58%","0%"
"*060ub*","Colt Emerson","SEA","SS","1215","ALASKA","Minors","20","","25.76","66","424.5","79%","0%"
"*04aed*","Kyle Wright","KC","SP","1219","BOS","Reserve","30","","25.69","0","-","10%","0%"
"*05js6*","Ricky Tiedemann","TOR","SP","1220","RC","Minors","23","","25.68","16","487.8","60%","0%"
"*05rcd*","Joe Mack","MIA","C","1221","SUGA","Active","23","","25.65","25","460.4","51%","0%"
"*05u9y*","Max Clark","DET","OF","1227","SUGA","Minors","21","","25.45","22","486.7","70%","0%"
"*05xse*","Hector Rodriguez","CIN","OF","1228","HERSH","Minors","21","","25.44","10","472","35%","0%"
"*0662o*","Sebastian Walcott","TEX","SS","1232","45s","Minors","19","","25.38","21","481.4","69%","0%"
"*05y7t*","Henry Bolte","ATH","OF","1235","PAW","Minors","22","","25.27","3","465.9","30%","0%"
"*050s0*","Kyren Paris","LAA","OF","1241","KCP","Reserve","24","","24.92","6","470.9","21%","0%"
"*05xom*","Tyler Mattison","DET","SP","1245","MN","Minors","26","","24.72","0","-","4%","0%"
"*05l9f*","Landon Knack","LAD","SP","1247","BOS","Reserve","28","","24.66","4","466.8","20%","0%"
"*05u36*","Aidan Miller","PHI","SS","1250","45s","Reserve","21","","24.52","34","447.4","70%","0%"
"*04ooy*","Marco Luciano","NYY","OF","1253","GOATS","Minors","24","@SF Wed 8:05PM","24.43","3","465.5","26%","+1%"
"*067yp*","Ralphy Velazquez","CLE","1B","1257","AKR","Minors","20","","24.33","4","470.3","49%","0%"
"*05nsq*","Deyvison De Los Santos","MIA","3B","1259","SUGA","Minors","22","","24.26","5","469.9","43%","+1%"
"*0637j*","Josue Briceno","DET","C,1B","1261","PAW","Minors","21","","24.23","11","480.2","58%","+1%"
"*05g4k*","Mick Abel","MIN","SP","1266","KCP","Minors","24","","24.01","59","454.4","68%","0%"
"*05wrt*","Tre Morgan","TB","1B","1267","HERSH","Reserve","23","","23.91","7","469.1","44%","0%"
"*04py3*","J.P. France","HOU","RP","1269","ALASKA","Active","30","","23.85","2","463.9","9%","0%"
"*06481*","Jacob Reimer","NYM","3B","1273","HERSH","Minors","21","","23.74","0","-","40%","0%"
"*050s3*","Blake Walston","ARI","SP","1277","ALASKA","Minors","24","","23.59","0","-","9%","0%"
"*06f0k*","Rafael Flores","PIT","1B","1286","SUGA","Active","25","","23.41","9","477.2","16%","0%"
"*05rgq*","Kendry Rojas","MIN","SP","1288","PAW","Minors","23","","23.23","1","462.4","27%","0%"
"*05yib*","Nelson Rada","LAA","OF","1294","RC","Minors","20","","23.13","9","479.8","35%","0%"
"*05ge1*","Ryan Clifford","NYM","1B,OF","1298","PAW","Minors","22","","22.96","13","483.2","51%","0%"
"*060la*","Jett Williams","MIL","2B,SS,OF","1313","RC","Reserve","22","","22.47","23","468.7","66%","+1%"
"*05yid*","Michael Arroyo","SEA","2B","1328","45s","Minors","21","","22.03","2","464.7","52%","0%"
"*06c36*","Brice Matthews","HOU","2B","1371","PAW","Minors","23","","19.49","47","467.6","57%","0%"
"*05jp8*","Kevin Abel","CIN","SP","1386","KCP","Minors","26","","0","0","-","2%","0%"
"*06c78*","Franklin Arias","BOS","SS","1609","SUGA","Minors","20","","0","0","-","52%","0%"
"*05rcj*","Edwin Arroyo","CIN","SS","1643","KCP","Minors","22","","0","4","464.5","34%","0%"
"*05t64*","Felix Bautista","BAL","RP","1783","ALASKA","Inj Res","30","","0","2","462.5","50%","0%"
"*05yed*","Eric Bitonti","MIL","1B","1890","SUGA","Minors","20","","0","0","-","23%","0%"
"*06hea*","Caleb Bonemer","CHW","3B,SS","1928","PAW","Minors","20","","0","0","-","49%","+1%"
"*05ybz*","Brody Brecht","COL","SP","1993","AKR","Minors","23","","0","0","-","24%","0%"
"*06mnj*","Griffin Burkholder","PHI","OF","2075","RC","Minors","20","","0","0","-","22%","+1%"
"*066mx*","Starlyn Caba","MIA","SS","2096","AKR","Minors","20","","0","0","-","23%","0%"
"*06mmx*","Juneiker Caceres","CLE","OF","2120","SUGA","Reserve","18","","0","0","-","26%","+1%"
"*06agr*","Slade Caldwell","ARI","OF","2138","AKR","Minors","19","","0","0","-","40%","0%"
"*062e0*","Cam Caminiti","ATL","SP","2156","45s","Minors","19","","0","0","-","57%","0%"
"*066eo*","Cole Carrigg","COL","OF","2224","PAW","Minors","23","","0","3","467.6","37%","0%"
"*04p0h*","Diego Cartaya","SF","C","2227","KCP","Minors","24","NYY Wed 8:05PM","0","0","-","11%","0%"
"*05mx9*","Felnin Celesten","SEA","SS","2299","RC","Minors","20","","0","0","-","47%","+1%"
"*066mn*","Yoeilin Cespedes","BOS","2B","2320","DD","Minors","20","","0","0","-","22%","0%"
"*04axv*","Yoelkis Cespedes","(N/A)","OF","","BOS","Minors","28","","0","0","-","2%","0%"
"*05yix*","Jaison Chourio","CLE","OF","2370","SUGA","Minors","20","","0","0","-","45%","+1%"
"*06rm6*","Kendry Chourio","KC","SP","2371","45s","Minors","18","","0","0","-","41%","+1%"
"*06qif*","Brandon Clarke","STL","SP","2391","SUGA","Reserve","22","","0","0","-","32%","0%"
"*04ug5*","Emmanuel Clase","(N/A)","RP","","GOATS","Inj Res","27","","0","3","461.6","22%","0%"
"*06bfu*","Alex Clemmey","WSH","SP","2399","45s","Minors","20","","0","0","-","32%","0%"
"*05u1y*","Cam Collier","CIN","1B,3B","2425","KCP","Minors","21","","0","6","469.9","56%","0%"
"*01c5l*","Yu Darvish","SD","SP","2625","MN","Reserve","39","","0","2","462.8","23%","0%"
"*06dm0*","Felipe De La Cruz","NYM","SP,RP","2673","DD","Minors","24","","0","0","-","14%","0%"
"*061zv*","Josue De Paula","LAD","OF","2728","RC","Minors","20","","0","2","464.6","61%","+1%"
"*067yc*","Leodalis De Vries","ATH","SS","2733","RC","Minors","19","","0","11","479.6","66%","0%"
"*06626*","Alfredo Duno","CIN","C","2895","RC","Reserve","20","","0","0","-","50%","+1%"
"*0512d*","Tristin English","ATL","1B","2968","GOATS","Minors","28","","0","0","-","3%","0%"
"*06423*","Aroon Escobar","PHI","2B","2981","HERSH","Minors","21","","0","0","-","36%","0%"
"*066sx*","Jonny Farmelo","SEA","OF","3036","RC","Minors","21","","0","0","-","47%","0%"
"*05u6g*","Jackson Ferris","LAD","SP","3082","45s","Minors","22","","0","2","465.4","54%","0%"
"*06nv7*","Victor Figueroa","BAL","1B","3095","DD","Minors","22","","0","0","-","17%","0%"
"*06mh4*","Edward Florentino","PIT","OF","3123","SUGA","Reserve","19","","0","0","-","53%","+1%"
"*05ww2*","Wilmer Flores","DET","RP","3139","KCP","Minors","24","","0","0","-","7%","0%"
"*066mk*","Welbyn Francisca","CLE","SS","3178","AKR","Minors","19","","0","0","-","22%","0%"
"*03dpt*","Reed Garrett","NYM","RP","3305","KCP","Active","33","","0","0","-","13%","0%"
"*05r5e*","Angel Genao","CLE","3B,SS","3323","AKR","Minors","21","","0","0","-","45%","+1%"
"*06cql*","Kendall George","LAD","OF","3331","ALASKA","Minors","21","","0","0","-","18%","0%"
"*06qr6*","Nate George","BAL","OF","3332","RC","Reserve","19","","0","0","-","35%","+1%"
"*05u2m*","Theo Gillen","TB","OF","3356","HERSH","Minors","20","","0","0","-","47%","0%"
"*06ps2*","Josuar Gonzalez","SF","SS","3430","RC","Reserve","18","NYY Wed 8:05PM","0","0","-","51%","+1%"
"*05oek*","Elijah Green","WSH","OF","3483","GOATS","Minors","22","","0","0","-","18%","0%"
"*03ysp*","Jay Groome","(N/A)","SP","","BOS","Minors","27","","0","0","-","2%","0%"
"*06mnh*","Dasan Hill","MIN","SP","3789","PAW","Minors","20","","0","0","-","31%","0%"
"*06eyu*","Zyhir Hope","LAD","OF","3843","AKR","Minors","21","","0","0","-","60%","+1%"
"*062pp*","Xavier Isaac","TB","UT","3919","GOATS","Minors","22","","0","3","466.5","50%","+1%"
"*05rc5*","Termarr Johnson","PIT","2B","4017","MN","Minors","21","","0","3","465.3","49%","0%"
"*05tdk*","Druw Jones","ARI","OF","4028","GOATS","Minors","22","","0","0","-","44%","+1%"
"*04nq4*","Blaze Jordan","STL","1B,3B","4039","DD","Minors","23","","0","1","462.3","36%","+1%"
"*067yf*","Dakota Jordan","SF","OF","4040","AKR","Reserve","22","NYY Wed 8:05PM","0","0","-","20%","0%"
"*005ih*","Clayton Kershaw","(N/A)","SP","4109","PAW","Reserve","37","","0","0","-","11%","0%"
"*06n3o*","Johnny King","TOR","SP","4125","PAW","Minors","19","","0","0","-","37%","0%"
"*05tdl*","Dylan Lesko","TB","RP","4307","GOATS","Minors","22","","0","0","-","22%","+1%"
"*06l0n*","Sean Paul Linan","WSH","SP","4334","SUGA","Reserve","21","","0","0","-","15%","0%"
"*05r64*","Thayron Liranzo","DET","C","4350","HERSH","Minors","22","","0","0","-","34%","0%"
"*06b72*","George Lombard Jr.","NYY","SS","4379","SUGA","Minors","20","@SF Wed 8:05PM","0","3","463.6","58%","+1%"
"*06ibv*","Jesus Made","MIL","SS","4479","RC","Minors","18","","0","7","475.1","64%","0%"
"*02bvk*","Nick Martini","ATH","UT","4628","MN","Reserve","35","","0","0","-","2%","0%"
"*06lp4*","Kash Mayfield","SD","SP","4663","PAW","Minors","20","","0","0","-","36%","+1%"
"*04ywk*","Tylor Megill","NYM","SP","4758","HERSH","Inj Res","30","","0","4","461.6","31%","0%"
"*062yr*","Noble Meyer","MIA","SP","4841","RC","Minors","21","","0","0","-","47%","+1%"
"*05rfc*","Lazaro Montes","SEA","OF","4940","45s","Minors","21","","0","7","469.5","61%","0%"
"*06ibo*","Emil Morales","LAD","SS","4968","SUGA","Minors","19","","0","0","-","49%","0%"
"*06r8u*","Shotaro Morii","ATH","SS","4996","SUGA","Reserve","19","","0","0","-","36%","+1%"
"*062pm*","Owen Murphy","ATL","SP","5052","HERSH","Minors","22","","0","2","465.8","41%","+1%"
"*05y3p*","Arjun Nimmala","TOR","SS","5119","HERSH","Minors","20","","0","0","-","50%","0%"
"*05xsq*","Luis Ortiz","(N/A)","SP","","AKR","Inj Res","27","","0","0","-","9%","0%"
"*06kkf*","Braylon Payne","MIL","OF","5370","DD","Minors","19","","0","0","-","36%","+1%"
"*06m0g*","Elian Pena","NYM","SS","5400","45s","Minors","18","","0","0","-","46%","0%"
"*06j3f*","Luis Pena","MIL","2B,SS","5409","RC","Minors","19","","0","0","-","56%","0%"
"*05u6h*","Brock Porter","TEX","RP","5602","BOS","Minors","22","","0","0","-","20%","+1%"
"*067xj*","Cooper Pratt","MIL","SS","5623","ALASKA","Minors","21","","0","0","-","47%","0%"
"*02zif*","Ryan Pressly","(N/A)","RP","","BOS","Active","37","","0","0","-","3%","0%"
"*06c79*","Eduardo Quintero","LAD","OF","5665","SUGA","Reserve","20","","0","0","-","55%","+1%"
"*05yai*","Bryce Rainer","DET","SS","5675","45s","Minors","20","","0","0","-","56%","0%"
"*05jqh*","Tekoah Roby","STL","SP","5879","DD","Minors","24","","0","0","-","23%","+1%"
"*06mnp*","Rainiel Rodriguez","STL","C","5941","45s","Minors","19","","0","0","-","50%","+1%"
"*061wh*","Jefferson Rojas","CHC","2B,SS","5969","BOS","Minors","20","","0","0","-","34%","0%"
"*05jri*","Alejandro Rosario","WSH","SP","6009","SUGA","Minors","24","","0","0","-","33%","+1%"
"*06psm*","Andrew Salas","MIA","OF","6092","AKR","Minors","17","","0","0","-","27%","0%"
"*05ybr*","Ethan Salas","SD","C","6094","RC","Minors","19","","0","0","-","54%","0%"
"*05uc7*","Noah Schultz","CHW","SP","6237","KCP","Minors","22","","0","18","483.5","67%","0%"
"*039vx*","Jose Siri","NYM","OF","6360","MN","Inj Res","30","","0","2","463.8","7%","0%"
"*066ip*","Mike Sirota","LAD","OF","6362","HERSH","Minors","22","","0","0","-","47%","0%"
"*06ier*","Ryan Sloan","SEA","SP","6370","RC","Minors","20","","0","0","-","56%","0%"
"*06dq9*","Aidan Smith","TB","OF","6373","SUGA","Minors","21","","0","0","-","32%","+1%"
"*05t7a*","Anthony Solometo","PIT","SP","6419","ALASKA","Minors","23","","0","0","-","18%","+1%"
"*066fg*","Gage Stanifer","TOR","SP,RP","6466","SUGA","Reserve","22","","0","1","462.9","26%","0%"
"*06nub*","Khal Stephen","CLE","SP","6485","ALASKA","Minors","23","","0","3","465.6","41%","0%"
"*0620x*","Santiago Suarez","TB","SP","6529","AKR","Minors","21","","0","0","-","27%","0%"
"*06ahu*","Sean Sullivan","COL","SP","6545","PAW","Minors","23","","0","0","-","13%","0%"
"*05ycl*","Travis Sykora","WSH","SP","6563","HERSH","Minors","21","","0","2","462.3","58%","+1%"
"*06bsb*","Eduardo Tait","MIN","C","6568","HERSH","Reserve","19","","0","0","-","44%","0%"
"*05wy1*","Brayden Taylor","TB","2B,3B","6600","AKR","Minors","23","","0","0","-","31%","0%"
"*066ir*","James Tibbs","LAD","OF","6659","SUGA","Minors","23","","0","0","-","36%","0%"
"*05ucf*","James Triantos","CHC","2B,3B,OF","6740","ALASKA","Minors","23","","0","0","-","36%","+1%"
"*051bm*","Louis Varland","TOR","RP","6856","DD","Active","28","","0","24","476.4","32%","0%"
"*0516g*","Ryan Ward","LAD","1B,OF","6986","MN","Minors","27","","0","14","483.1","19%","-1%"
"*041m3*","Forrest Whitley","TB","RP","7053","BOS","Minors","28","","0","3","466.6","9%","0%"
"*06huh*","Brett Wichrowski","MIL","SP","7059","GOATS","Minors","23","","0","0","-","13%","0%"
"*05u2p*","Jaxon Wiggins","CHC","SP","7064","HERSH","Minors","24","","0","18","491.2","57%","+1%"
"*05ubi*","Brock Wilken","MIL","3B","7066","PAW","Minors","23","","0","3","467.8","41%","0%"
"*06dmr*","Matt Wilkinson","CLE","SP","7069","DD","Minors","23","","0","0","-","15%","0%"
