Rank,Name,Value,Age,Positions,Team,Level
1,"Bobby Witt Jr.",10000,25.6,"SS","KC","MLB"
2,"Shohei Ohtani",9941,31.6,"SP, UT","LAD","MLB"
3,"Juan Soto",8617,27.3,"OF","NYM","MLB"
4,"Paul Skenes",8015,23.7,"SP","PIT","MLB"
5,"Corbin Carroll",7150,25.4,"OF","AZ","MLB"
6,"Junior Caminero",7070,22.6,"3B","TB","MLB"
7,"Elly De La Cruz",6935,24.1,"SS","CIN","MLB"
8,"Nick Kurtz",6856,22.9,"1B","ATH","MLB"
9,"Aaron Judge",6577,33.8,"OF","NYY","MLB"
10,"Gunnar Henderson",6573,24.6,"SS","BAL","MLB"
11,"Tarik Skubal",6507,29.2,"SP","DET","MLB"
12,"Vladimir Guerrero Jr.",6375,26.9,"1B","TOR","MLB"
13,"Julio Rodriguez",6342,25.1,"OF","SEA","MLB"
14,"Ronald Acuna Jr.",6103,28.1,"OF","ATL","MLB"
15,"Garrett Crochet",6029,26.6,"SP","BOS","MLB"
16,"Roman Anthony",5863,21.7,"OF","BOS","MLB"
17,"Fernando Tatis Jr.",5816,27.1,"OF","SD","MLB"
18,"Jackson Chourio",5679,21.9,"OF","MIL","MLB"
19,"James Wood",4974,23.4,"OF","WSH","MLB"
20,"Kyle Tucker",4914,29,"OF","LAD","MLB"
21,"Konnor Griffin",4625,19.8,"SS","PIT","AA"
22,"Jose Ramirez",4598,33.4,"3B","CLE","MLB"
23,"Yoshinobu Yamamoto",4571,27.5,"SP","LAD","MLB"
24,"Cal Raleigh",4562,29.2,"C","SEA","MLB"
25,"Wyatt Langford",4482,24.2,"OF","TEX","MLB"
26,"Bryan Woo",4377,26,"SP","SEA","MLB"
27,"Jackson Merrill",4370,22.8,"OF","SD","MLB"
28,"Hunter Greene",4282,26.5,"SP","CIN","MLB"
29,"Hunter Brown",4248,27.4,"SP","HOU","MLB"
30,"Pete Crow-Armstrong",4079,23.9,"OF","CHC","MLB"
31,"Yordan Alvarez",4017,28.6,"OF","HOU","MLB"
32,"Zach Neto",3973,25,"SS","LAA","MLB"
33,"Eury Perez",3831,22.8,"SP","MIA","MLB"
34,"Francisco Lindor",3817,32.2,"SS","NYM","MLB"
35,"Logan Gilbert",3772,28.7,"SP","SEA","MLB"
36,"Rafael Devers",3725,29.3,"1B","SF","MLB"
37,"Jazz Chisholm Jr.",3669,28,"2B, 3B","NYY","MLB"
38,"Riley Greene",3527,25.3,"OF","DET","MLB"
39,"Cristopher Sanchez",3485,29.1,"SP","PHI","MLB"
40,"Kevin McGonigle",3451,21.5,"SS","DET","AA"
41,"Samuel Basallo",3408,21.5,"C","BAL","MLB"
42,"Logan Webb",3298,29.2,"SP","SF","MLB"
43,"Ketel Marte",3294,32.3,"2B","AZ","MLB"
44,"Cole Ragans",3275,28.1,"SP","KC","MLB"
45,"Spencer Schwellenbach",3225,25.7,"SP","ATL","MLB"
46,"Jacob Misiorowski",3168,23.8,"SP","MIL","MLB"
47,"George Kirby",3161,27.9,"SP","SEA","MLB"
48,"CJ Abrams",3142,25.3,"SS","WSH","MLB"
49,"Kyle Schwarber",3136,32.9,"UT","PHI","MLB"
50,"Chase Burns",3122,23,"SP","CIN","MLB"
51,"Joe Ryan",3033,29.7,"SP","MIN","MLB"
52,"Pete Alonso",3030,31.2,"1B","BAL","MLB"
53,"Trea Turner",3025,32.6,"SS","PHI","MLB"
54,"JJ Wetherholt",3014,23.4,"2B, SS","STL","AAA"
55,"Jackson Holliday",2943,22.2,"2B","BAL","MLB"
56,"Leo De Vries",2915,19.3,"SS","ATH","AA"
57,"Jesus Made",2904,18.7,"SS","MIL","AA"
58,"Bryce Harper",2885,33.3,"1B","PHI","MLB"
59,"Freddy Peralta",2811,29.7,"SP","MIL","MLB"
60,"Bo Bichette",2772,27.9,"SS","NYM","MLB"
61,"Tyler Soderstrom",2729,24.2,"1B, OF","ATH","MLB"
62,"Mookie Betts",2645,33.3,"SS","LAD","MLB"
63,"Bubba Chandler",2611,23.4,"SP","PIT","MLB"
64,"Max Fried",2588,32,"SP","NYY","MLB"
65,"Trey Yesavage",2585,22.5,"SP","TOR","MLB"
66,"Oneil Cruz",2581,27.3,"OF","PIT","MLB"
67,"Jac Caglianone",2573,22.9,"1B, OF","KC","MLB"
68,"Austin Riley",2570,28.8,"3B","ATL","MLB"
69,"Nolan McLean",2514,24.5,"SP","NYM","MLB"
70,"Max Clark",2513,21.1,"OF","DET","AA"
71,"Josh Naylor",2479,28.6,"1B","SEA","MLB"
72,"Matt Olson",2456,31.8,"1B","ATL","MLB"
73,"Corey Seager",2413,31.8,"SS","TEX","MLB"
74,"Maikel Garcia",2409,25.9,"2B, 3B, SS","KC","MLB"
75,"Walker Jenkins",2364,20.9,"OF","MIN","AAA"
76,"Spencer Strider",2356,27.3,"SP","ATL","MLB"
77,"Manny Machado",2328,33.6,"3B","SD","MLB"
78,"Geraldo Perdomo",2286,26.3,"SS","AZ","MLB"
79,"Sebastian Walcott",2253,19.9,"SS","TEX","AA"
80,"Jarren Duran",2244,29.4,"OF","BOS","MLB"
81,"William Contreras",2235,28.1,"C","MIL","MLB"
82,"Dylan Crews",2209,23.9,"OF","WSH","MLB"
83,"Ben Rice",2201,26.9,"C, 1B","NYY","MLB"
84,"MacKenzie Gore",2157,26.9,"SP","TEX","MLB"
85,"Mason Miller",2145,27.4,"RP","SD","MLB"
86,"Cam Schlittler",2132,24.9,"SP","NYY","MLB"
87,"Dylan Cease",2103,30.1,"SP","TOR","MLB"
88,"Jacob Wilson",2094,23.8,"SS","ATH","MLB"
89,"Brent Rooker",2079,31.3,"OF, UT","ATH","MLB"
90,"Roki Sasaki",2058,24.2,"SP","LAD","MLB"
91,"Jordan Westburg",2057,26.9,"2B, 3B","BAL","MLB"
92,"Jesus Luzardo",2042,28.3,"SP","PHI","MLB"
93,"Vinnie Pasquantino",2029,28.3,"1B","KC","MLB"
94,"Lawrence Butler",1954,25.6,"OF","ATH","MLB"
95,"Kristian Campbell",1940,23.6,"2B","BOS","MLB"
96,"Jeremy Pena",1933,28.4,"SS","HOU","MLB"
97,"Alex Bregman",1897,31.8,"3B","CHC","MLB"
98,"Josue De Paula",1878,20.7,"OF","LAD","AA"
99,"Framber Valdez",1870,32.2,"SP","FA","MLB"
100,"Michael Busch",1856,28.2,"1B","CHC","MLB"
101,"Michael King",1851,30.7,"SP","SD","MLB"
102,"Brice Turang",1833,26.2,"2B","MIL","MLB"
103,"Travis Bazzana",1778,23.4,"2B","CLE","AAA"
104,"2026 Early 1st",1758,,"","",""
105,"Freddie Freeman",1737,36.4,"1B","LAD","MLB"
106,"Gavin Williams",1730,26.5,"SP","CLE","MLB"
107,"Luke Keaschall",1718,23.5,"2B","MIN","MLB"
108,"Cody Bellinger",1695,30.6,"OF","NYY","MLB"
109,"Pablo Lopez",1690,29.9,"SP","MIN","MLB"
110,"Blake Snell",1681,33.2,"SP","LAD","MLB"
111,"Agustin Ramirez",1674,24.4,"C","MIA","MLB"
112,"Drake Baldwin",1663,24.8,"C","ATL","MLB"
113,"Bryce Eldridge",1656,21.3,"UT","SF","MLB"
114,"Michael Harris II",1654,24.9,"OF","ATL","MLB"
115,"Will Smith",1625,30.8,"C","LAD","MLB"
116,"Jasson Dominguez",1620,22.9,"OF","NYY","MLB"
117,"Emmet Sheehan",1599,26.2,"SP","LAD","MLB"
118,"Andrew Painter",1598,22.8,"SP","PHI","AAA"
119,"Cade Horton",1596,24.5,"SP","CHC","MLB"
120,"Edward Florentino",1581,19.2,"OF","PIT","A"
121,"Seiya Suzuki",1578,31.5,"OF, UT","CHC","MLB"
122,"Jared Jones",1574,24.5,"SP","PIT","MLB"
123,"Marcelo Mayer",1560,23.1,"3B","BOS","MLB"
124,"Shea Langeliers",1560,28.2,"C","ATH","MLB"
125,"Spencer Torkelson",1557,26.4,"1B","DET","MLB"
126,"Matt Shaw",1544,24.2,"3B","CHC","MLB"
127,"Nick Lodolo",1511,27.9,"SP","CIN","MLB"
128,"Thomas White",1493,21.3,"SP","MIA","AAA"
129,"Kyle Stowers",1465,28.1,"OF","MIA","MLB"
130,"Cam Smith",1459,22.9,"OF","HOU","MLB"
131,"Jackson Jobe",1452,23.5,"SP","DET","MLB"
132,"Aidan Miller",1445,21.6,"SS","PHI","AAA"
133,"Luis Pena",1442,19.2,"2B, SS","MIL","A+"
134,"Tyler Glasnow",1439,32.4,"SP","LAD","MLB"
135,"Zyhir Hope",1430,21,"OF","LAD","AA"
136,"Adley Rutschman",1413,27.9,"C","BAL","MLB"
137,"Zack Wheeler",1397,35.7,"SP","PHI","MLB"
138,"Byron Buxton",1372,32.1,"OF","MIN","MLB"
139,"2027 Early 1st",1371,,"","",""
140,"Kade Anderson",1356,21.6,"SP","SEA","ROK"
141,"Colt Emerson",1301,20.5,"SS","SEA","AAA"
142,"Jordan Lawlar",1300,23.5,"3B","AZ","MLB"
143,"Isaac Paredes",1296,26.9,"3B","HOU","MLB"
144,"Andy Pages",1277,25.2,"OF","LAD","MLB"
145,"Ranger Suarez",1276,30.4,"SP","BOS","MLB"
146,"Sal Stewart",1265,22.2,"1B","CIN","MLB"
147,"Colson Montgomery",1245,23.9,"3B, SS","CWS","MLB"
148,"Corbin Burnes",1240,31.3,"SP","AZ","MLB"
149,"Bryce Rainer",1240,20.6,"SS","DET","A"
150,"Ivan Herrera",1228,25.7,"C","STL","MLB"
151,"Shane Baz",1227,26.6,"SP","BAL","MLB"
152,"Chris Sale",1225,36.8,"SP","ATL","MLB"
153,"Carter Jensen",1213,22.6,"C","KC","MLB"
154,"Nico Hoerner",1212,28.7,"2B","CHC","MLB"
155,"Carson Benge",1212,23,"OF","NYM","AAA"
156,"Steven Kwan",1200,28.4,"OF","CLE","MLB"
157,"Hunter Goodman",1198,26.3,"C","COL","MLB"
158,"Andres Munoz",1187,27,"RP","SEA","MLB"
159,"Kris Bubic",1185,28.5,"SP","KC","MLB"
160,"Jacob deGrom",1180,37.6,"SP","TEX","MLB"
161,"Edward Cabrera",1170,27.8,"SP","CHC","MLB"
162,"Kyle Bradish",1166,29.4,"SP","BAL","MLB"
163,"Randy Arozarena",1164,30.9,"OF","SEA","MLB"
164,"Shota Imanaga",1163,32.4,"SP","CHC","MLB"
165,"Bryce Miller",1161,27.4,"SP","SEA","MLB"
166,"Shane McClanahan",1155,28.8,"SP","TB","AAA"
167,"Jonathan Aranda",1146,27.7,"1B","TB","MLB"
168,"Ozzie Albies",1133,29.1,"2B","ATL","MLB"
169,"Ryan Pepiot",1120,28.4,"SP","TB","MLB"
170,"Noelvi Marte",1112,24.3,"3B, OF","CIN","MLB"
171,"Andrew Abbott",1111,26.7,"SP","CIN","MLB"
172,"Jonah Tong",1108,22.6,"SP","NYM","MLB"
173,"Tanner Bibee",1106,26.9,"SP","CLE","MLB"
174,"Addison Barger",1082,26.2,"3B, OF","TOR","MLB"
175,"Edwin Diaz",1072,31.9,"RP","LAD","MLB"
176,"Wilyer Abreu",1049,26.6,"OF","BOS","MLB"
177,"Willy Adames",1048,30.4,"SS","SF","MLB"
178,"Carlos Rodon",1033,33.1,"SP","NYY","MLB"
179,"Jhoan Duran",1032,28.1,"RP","PHI","MLB"
180,"Ethan Holliday",1025,18.9,"SS","COL","A"
181,"Luis Robert Jr.",1018,28.5,"OF","NYM","MLB"
182,"Joshua Baez",1003,22.6,"OF","STL","AA"
183,"Gerrit Cole",1001,35.4,"SP","NYY","MLB"
184,"Josh Hader",1000,31.8,"RP","HOU","MLB"
185,"Connelly Early",992,23.8,"SP","BOS","MLB"
186,"Tatsuya Imai",979,27,"SP, RP","HOU",""
187,"Chase DeLauter",977,24.3,"OF","CLE","MLB"
188,"Eli Willits",972,18.1,"SS","WSH","A"
189,"Christian Yelich",967,34.2,"OF, UT","MIL","MLB"
190,"Payton Tolle",964,23.3,"SP","BOS","MLB"
191,"Ceddanne Rafaela",961,25.4,"2B, OF","BOS","MLB"
192,"Liam Doyle",951,21.7,"SP","STL","AA"
193,"Lazaro Montes",945,21.3,"OF","SEA","AA"
194,"Travis Sykora",940,21.8,"SP","WSH","AA"
195,"Robby Snelling",940,22.1,"SP","MIA","AAA"
196,"Hurston Waldrep",938,23.9,"SP","ATL","MLB"
197,"Mike Trout",935,34.5,"OF, UT","LAA","MLB"
198,"Sandy Alcantara",928,30.4,"SP","MIA","MLB"
199,"Kyle Teel",918,23.9,"C","CWS","MLB"
200,"Kerry Carpenter",913,28.4,"OF","DET","MLB"
201,"Grayson Rodriguez",910,26.2,"SP","LAA","MLB"
202,"Braden Montgomery",902,22.8,"OF","CWS","AA"
203,"Royce Lewis",885,26.7,"3B","MIN","MLB"
204,"Munetaka Murakami",883,25,"3B","CWS",""
205,"Kyle Manzardo",883,25.5,"1B","CLE","MLB"
206,"Heliot Ramos",882,26.4,"OF","SF","MLB"
207,"Owen Caissie",881,23.6,"OF","MIA","MLB"
208,"Noah Schultz",864,22.5,"SP","CWS","AAA"
209,"Justin Crawford",863,22.1,"OF","PHI","AAA"
210,"Francisco Alvarez",862,24.2,"C","NYM","MLB"
211,"Carson Williams",862,22.6,"SS","TB","MLB"
212,"Moises Ballesteros",861,22.2,"UT","CHC","MLB"
213,"Luis Castillo",860,33.1,"SP","SEA","MLB"
214,"Evan Carter",857,23.4,"OF","TEX","MLB"
215,"2026 Mid 1st",855,,"","",""
216,"Shane Bieber",855,30.7,"SP","TOR","MLB"
217,"Luis Gil",854,27.7,"SP","NYY","MLB"
218,"Colton Cowser",851,25.9,"OF","BAL","MLB"
219,"Logan Henderson",850,23.9,"SP","MIL","MLB"
220,"Seth Hernandez",841,19.6,"SP","PIT","ROK"
221,"Rainiel Rodriguez",837,19.1,"C","STL","A+"
222,"Charlie Condon",837,22.8,"1B","COL","AA"
223,"Matt McLain",836,26.5,"2B","CIN","MLB"
224,"Nick Pivetta",830,32.9,"SP","SD","MLB"
225,"Jo Adell",828,26.8,"OF","LAA","MLB"
226,"Zac Gallen",826,30.5,"SP","FA","MLB"
227,"Dalton Rushing",823,24.9,"C","LAD","MLB"
228,"Josue Briceno",818,21.4,"C, 1B","DET","AA"
229,"Jett Williams",815,22.2,"2B, SS, OF","NYM","AAA"
230,"Reese Olson",814,26.5,"SP","DET","MLB"
231,"2027 Mid 1st",809,,"","",""
232,"Dylan Beavers",804,24.5,"OF","BAL","MLB"
233,"Yainer Diaz",803,27.4,"C","HOU","MLB"
234,"Justin Steele",794,30.6,"SP","CHC","MLB"
235,"Masyn Winn",792,23.9,"SS","STL","MLB"
236,"Hagen Smith",788,22.5,"SP","CWS","AA"
237,"Ian Happ",781,31.5,"OF","CHC","MLB"
238,"Brandon Woodruff",779,32.9,"SP","MIL","MLB"
239,"Noah Cameron",771,26.5,"SP","KC","MLB"
240,"Ezequiel Tovar",768,24.5,"SS","COL","MLB"
241,"Teoscar Hernandez",767,33.3,"OF","LAD","MLB"
242,"Coby Mayo",765,24.1,"1B","BAL","MLB"
243,"Ryan Waldschmidt",756,23.3,"OF","AZ","AA"
244,"AJ Smith-Shawver",749,23.2,"SP","ATL","MLB"
245,"Emmanuel Rodriguez",747,22.9,"OF","MIN","AAA"
246,"Eugenio Suarez",745,34.5,"3B","FA","MLB"
247,"Brandon Sproat",745,25.4,"SP","MIL","MLB"
248,"Aaron Nola",743,32.7,"SP","PHI","MLB"
249,"Cade Smith",741,26.7,"RP","CLE","MLB"
250,"Trevor Rogers",739,28.2,"SP","BAL","MLB"
251,"Kevin Gausman",734,35.1,"SP","TOR","MLB"
252,"JoJo Parker",730,19.5,"SS","TOR","ROK"
253,"Jarlin Susana",725,21.9,"SP","WSH","AA"
254,"George Lombard Jr.",718,20.7,"SS","NYY","AA"
255,"Christian Moore",716,23.3,"2B","LAA","MLB"
256,"Alec Burleson",710,27.2,"1B, OF","STL","MLB"
257,"Sal Frelick",709,25.8,"OF","MIL","MLB"
258,"Drew Rasmussen",709,30.5,"SP","TB","MLB"
259,"Mark Vientos",704,26.1,"3B","NYM","MLB"
260,"Matt Chapman",703,32.8,"3B","SF","MLB"
261,"Ryan Weathers",702,26.1,"SP","NYY","MLB"
262,"Brayan Bello",702,26.7,"SP","BOS","MLB"
263,"Zebby Matthews",700,25.7,"SP","MIN","MLB"
264,"Jack Leiter",699,25.8,"SP","TEX","MLB"
265,"Eduardo Quintero",694,20.4,"OF","LAD","A+"
266,"2026 Late 1st",692,,"","",""
267,"Casey Mize",685,28.8,"SP","DET","MLB"
268,"Brenton Doyle",685,27.7,"OF","COL","MLB"
269,"Kodai Senga",683,33,"SP","NYM","MLB"
270,"Jakob Marsee",681,24.6,"OF","MIA","MLB"
271,"Jung Hoo Lee",680,27.5,"OF","SF","MLB"
272,"Colt Keith",663,24.5,"1B, 2B, 3B","DET","MLB"
273,"Triston Casas",662,26,"1B","BOS","MLB"
274,"Devin Williams",660,31.4,"RP","NYM","MLB"
275,"Ralphy Velazquez",659,20.7,"1B","CLE","AA"
276,"Nathan Eovaldi",654,35.9,"SP","TEX","MLB"
277,"Mike Sirota",652,22.6,"OF","LAD","A+"
278,"Gage Jump",646,22.8,"SP","ATH","AA"
279,"Robbie Ray",645,34.3,"SP","SF","MLB"
280,"Anthony Volpe",644,24.8,"SS","NYY","MLB"
281,"Alejandro Kirk",643,27.2,"C","TOR","MLB"
282,"Quinn Priester",640,25.4,"SP","MIL","MLB"
283,"Michael Arroyo",639,21.2,"2B","SEA","AA"
284,"Brendan Donovan",637,29,"2B, OF","STL","MLB"
285,"Joe Boyle",634,26.5,"SP","TB","MLB"
286,"2027 Late 1st",628,,"","",""
287,"Josuar Gonzalez",626,18.3,"SS","SF","ROK"
288,"Bryan Reynolds",619,31,"OF","PIT","MLB"
289,"Chandler Simpson",618,25.2,"OF","TB","MLB"
290,"Dansby Swanson",618,31.9,"SS","CHC","MLB"
291,"Jamie Arnold",618,21.9,"SP","ATH","ROK"
292,"Spencer Jones",617,24.7,"OF","NYY","AAA"
293,"Bryson Stott",614,28.3,"2B, SS","PHI","MLB"
294,"Xavier Edwards",612,26.5,"2B, SS","MIA","MLB"
295,"Taj Bradley",603,24.9,"SP","MIN","MLB"
296,"Gleyber Torres",603,29.1,"2B","DET","MLB"
297,"Brandon Lowe",600,31.6,"2B","TB","MLB"
298,"Troy Melton",593,25.2,"SP, RP","DET","MLB"
299,"Spencer Steer",592,28.2,"1B, OF","CIN","MLB"
300,"Logan O'Hoppe",588,25.9,"C","LAA","MLB"
301,"Will Warren",582,26.6,"SP","NYY","MLB"
302,"Parker Messick",579,25.3,"SP","CLE","MLB"
303,"Rhett Lowder",578,23.9,"SP","CIN","AAA"
304,"Cam Caminiti",576,19.5,"SP","ATL","A"
305,"Jose Altuve",575,35.7,"2B, OF","HOU","MLB"
306,"Dax Kilby",572,19.2,"SS","NYY","A"
307,"Jordan Beck",568,24.8,"OF","COL","MLB"
308,"Alfredo Duno",563,20.1,"C","CIN","A"
309,"Ryan Sloan",560,20,"SP","SEA","A+"
310,"Luis Morales",560,23.4,"SP","ATH","MLB"
311,"Willson Contreras",559,33.7,"1B","BOS","MLB"
312,"Emil Morales",558,19.4,"SS","LAD","A"
313,"Franklin Arias",557,20.2,"SS","BOS","AA"
314,"Shane Smith",549,25.8,"SP","CWS","MLB"
315,"Gage Wood",547,22.1,"SP","PHI","A"
316,"Jack Flaherty",547,30.3,"SP","DET","MLB"
317,"Max Meyer",538,26.9,"SP","MIA","MLB"
318,"Kaelen Culpepper",531,23.1,"SS","MIN","AA"
319,"Gabriel Moreno",529,25.9,"C","AZ","MLB"
320,"Esmerlyn Valdez",525,22,"OF","PIT","AA"
321,"Cole Young",521,22.5,"2B","SEA","MLB"
322,"George Springer",520,36.4,"OF","TOR","MLB"
323,"Luis Garcia Jr.",518,25.7,"2B","WSH","MLB"
324,"Taylor Ward",517,32.1,"OF","BAL","MLB"
325,"Yandy Diaz",511,34.5,"1B","TB","MLB"
326,"Spencer Arrighetti",511,26.1,"SP","HOU","MLB"
327,"Arjun Nimmala",507,20.3,"SS","TOR","A+"
328,"Brandon Nimmo",507,32.9,"OF","TEX","MLB"
329,"Quinn Mathews",498,25.3,"SP","STL","AAA"
330,"Jacob Reimer",496,21.9,"3B","NYM","AA"
331,"Austin Wells",494,26.6,"C","NYY","MLB"
332,"Sonny Gray",492,36.2,"SP","BOS","MLB"
333,"Josh Lowe",490,27.9,"OF","LAA","MLB"
334,"Cristian Javier",485,28.9,"SP","HOU","MLB"
335,"Daulton Varsho",478,29.6,"OF","TOR","MLB"
336,"Jhostynxon Garcia",475,23.1,"OF","PIT","MLB"
337,"Harry Ford",475,22.9,"C","WSH","MLB"
338,"Jose Soriano",474,27.3,"SP","LAA","MLB"
339,"Nolan Schanuel",474,23.9,"1B","LAA","MLB"
340,"Theo Gillen",473,20.4,"OF","TB","A"
341,"Jaxon Wiggins",470,24.3,"SP","CHC","AAA"
342,"Brooks Lee",469,24.9,"2B, 3B, SS","MIN","MLB"
343,"Mick Abel",469,24.5,"SP","MIN","MLB"
344,"Tyler Bremner",468,21.8,"SP","LAA","ROK"
345,"Aiva Arquette",466,22.3,"SS","MIA","A+"
346,"Kyson Witherspoon",465,21.5,"SP","BOS","ROK"
347,"Jonny Farmelo",463,21.4,"OF","SEA","A+"
348,"Grant Taylor",463,23.7,"SP, RP","CWS","MLB"
349,"Xavier Isaac",459,22.1,"UT","TB","AA"
350,"Kazuma Okamoto",458,29,"1B, 3B","TOR",""
351,"Carlos Correa",456,31.4,"3B, SS","HOU","MLB"
352,"Clarke Schmidt",452,29.9,"SP","NYY","MLB"
353,"Andrew Vaughn",445,27.8,"1B","MIL","MLB"
354,"Felnin Celesten",442,20.4,"SS","SEA","A+"
355,"Brett Baty",439,26.2,"2B, 3B","NYM","MLB"
356,"Elmer Rodriguez-Cruz",436,22.5,"SP","NYY","AAA"
357,"Mitch Keller",435,29.8,"SP","PIT","MLB"
358,"Trevor Story",431,33.2,"SS","BOS","MLB"
359,"Slade Caldwell",428,19.6,"OF","AZ","A+"
360,"Brandon Pfaadt",422,27.3,"SP","AZ","MLB"
361,"Braxton Ashcraft",422,26.3,"SP, RP","PIT","MLB"
362,"Cam Collier",422,21.2,"1B, 3B","CIN","AA"
363,"Alec Bohm",422,29.5,"1B, 3B","PHI","MLB"
364,"Caleb Durbin",420,25.9,"2B, 3B","MIL","MLB"
365,"Edgar Quero",420,22.8,"C","CWS","MLB"
366,"Ethan Conrad",419,21.6,"OF","CHC","ROK"
367,"Brice Matthews",416,23.9,"2B","HOU","MLB"
368,"Brady House",412,22.7,"3B","WSH","MLB"
369,"Carlos Lagrange",408,22.7,"SP","NYY","AA"
370,"Daylen Lile",405,23.2,"OF","WSH","MLB"
371,"Jackson Ferris",402,22,"SP","LAD","AA"
372,"Ethan Salas",398,19.7,"C","SD","AA"
373,"Lars Nootbaar",397,28.4,"OF","STL","MLB"
374,"C.J. Kayfus",391,24.3,"1B, OF","CLE","MLB"
375,"Chase Dollander",391,24.3,"SP","COL","MLB"
376,"Ramon Laureano",386,31.6,"OF","SD","MLB"
377,"Bailey Ober",385,30.6,"SP","MIN","MLB"
378,"Luis Arraez",381,28.8,"1B, 2B","FA","MLB"
379,"Chase Meidroth",381,24.5,"2B, SS","CWS","MLB"
380,"Ryne Nelson",377,28,"SP, RP","AZ","MLB"
381,"David Festa",372,25.9,"SP","MIN","MLB"
382,"Jurrangelo Cijntje",368,22.7,"SP","SEA","AA"
383,"Jacob Lopez",367,27.9,"SP","ATH","MLB"
384,"Colby Thomas",366,25,"OF","ATH","MLB"
385,"Trevor Megill",364,32.2,"RP","MIL","MLB"
386,"Aidan Smith",362,21.5,"OF","TB","A+"
387,"Trent Grisham",360,29.3,"OF","NYY","MLB"
388,"Kyle Harrison",359,24.5,"SP","BOS","MLB"
389,"Brady Singer",358,29.5,"SP","CIN","MLB"
390,"Salvador Perez",357,35.7,"C, 1B","KC","MLB"
391,"Cooper Pratt",356,21.5,"SS","MIL","AA"
392,"Anthony Santander",353,31.3,"OF, UT","TOR","MLB"
393,"Hayden Birdsong",352,24.4,"SP, RP","SF","MLB"
394,"2026 Early 2nd",352,,"","",""
395,"Noble Meyer",351,21.1,"SP","MIA","A+"
396,"Kumar Rocker",351,26.2,"SP","TEX","MLB"
397,"Ryan Helsley",350,31.5,"RP","BAL","MLB"
398,"Landen Roupp",348,27.4,"SP","SF","MLB"
399,"Braylon Payne",346,19.5,"OF","MIL","A"
400,"2027 Early 2nd",346,,"","",""
401,"Ricky Tiedemann",345,23.5,"SP","TOR","MLB"
402,"Josh Jung",344,27.9,"3B","TEX","MLB"
403,"TJ Friedl",343,30.5,"OF","CIN","MLB"
404,"Eduardo Tait",343,19.4,"C","MIN","A+"
405,"Ian Seymour",341,27.1,"SP, RP","TB","MLB"
406,"Hunter Barco",339,25.1,"RP","PIT","MLB"
407,"2027 Mid 2nd",336,,"","",""
408,"Alex Freeland",334,24.4,"2B, 3B","LAD","MLB"
409,"Jordan Walker",331,23.7,"OF","STL","MLB"
410,"Termarr Johnson",328,21.6,"2B","PIT","AA"
411,"Ryan Clifford",325,22.5,"1B, OF","NYM","AAA"
412,"Michael Forret",325,21.8,"SP","TB","AA"
413,"Jaison Chourio",324,20.7,"OF","CLE","A+"
414,"Christian Scott",324,26.6,"SP","NYM","MLB"
415,"Connor Norby",323,25.7,"3B","MIA","MLB"
416,"Bryan Abreu",322,28.8,"RP","HOU","MLB"
417,"Jorge Polanco",321,32.6,"2B","NYM","MLB"
418,"Chase Petty",319,22.8,"SP","CIN","MLB"
419,"Seth Lugo",317,36.2,"SP","KC","MLB"
420,"Kayson Cunningham",317,19.6,"SS","AZ","A"
421,"Jose Berrios",316,31.7,"SP","TOR","MLB"
422,"Juan Sanchez",314,18.3,"3B, SS","TOR","ROK"
423,"Abner Uribe",314,25.6,"RP","MIL","MLB"
424,"Ryan O'Hearn",310,32.5,"1B, OF","PIT","MLB"
425,"Kevin Alcantara",308,23.6,"OF","CHC","MLB"
426,"Jurickson Profar",307,32.9,"OF","ATL","MLB"
427,"Xander Bogaerts",307,33.3,"SS","SD","MLB"
428,"Aroon Escobar",306,21.1,"2B","PHI","AA"
429,"Caden Scarborough",305,20.8,"SP","TEX","A+"
430,"Tommy White",301,22.9,"3B","ATH","AA"
431,"2026 Mid 2nd",301,,"","",""
432,"Matthew Liberatore",301,26.2,"SP","STL","MLB"
433,"Reid Detmers",301,26.6,"RP","LAA","MLB"
434,"Jeferson Quero",300,23.3,"C","MIL","AAA"
435,"Dillon Dingler",299,27.4,"C","DET","MLB"
436,"Tommy Troy",299,24,"2B, OF","AZ","AAA"
437,"Miguel Vargas",299,26.2,"1B, 3B","CWS","MLB"
438,"Clay Holmes",297,32.9,"SP","NYM","MLB"
439,"Billy Carlson",294,19.5,"SS","CWS","ROK"
440,"Robert Suarez",293,34.9,"RP","ATL","MLB"
441,"David Bednar",292,31.3,"RP","NYY","MLB"
442,"Otto Lopez",291,27.3,"2B, SS","MIA","MLB"
443,"Randy Rodriguez",291,26.4,"RP","SF","MLB"
444,"James Tibbs III",291,23.3,"OF","LAD","AA"
445,"Angel Genao",290,21.7,"3B, SS","CLE","AA"
446,"Felix Bautista",288,30.6,"RP","BAL","MLB"
447,"Christian Walker",287,34.8,"1B","HOU","MLB"
448,"Tre' Morgan",286,23.5,"1B","TB","AAA"
449,"Tink Hence",286,23.5,"SP","STL","AA"
450,"Daniel Palencia",284,25.9,"RP","CHC","MLB"
451,"Tommy Edman",283,30.7,"2B, 3B, OF","LAD","MLB"
452,"Orion Kerkering",283,24.8,"RP","PHI","MLB"
453,"Drew Gilbert",281,25.3,"OF","SF","MLB"
454,"Ronny Mauricio",281,24.8,"3B","NYM","MLB"
455,"Max Muncy",280,23.4,"2B, 3B","ATH","MLB"
456,"Merrill Kelly",279,37.3,"SP","AZ","MLB"
457,"Slade Cecconi",278,26.6,"SP","CLE","MLB"
458,"Joe Musgrove",278,33.2,"SP","SD","MLB"
459,"Jonathon Long",276,24,"1B","CHC","AAA"
460,"Johnny King",273,19.5,"SP","TOR","A"
461,"Parker Meadows",272,26.2,"OF","DET","MLB"
462,"Ben Brown",272,26.4,"SP, RP","CHC","MLB"
463,"Zac Veen",271,24.1,"OF","COL","MLB"
464,"Hyeseong Kim",270,27,"2B, SS, OF","LAD","MLB"
465,"Jeff Hoffman",268,33.1,"RP","TOR","MLB"
466,"Andres Gimenez",262,27.4,"2B, SS","TOR","MLB"
467,"Gavin Fien",262,18.9,"3B, SS","WSH","A"
468,"Edwin Arroyo",261,22.4,"SS","CIN","AA"
469,"Pete Fairbanks",260,32.1,"RP","MIA","MLB"
470,"Max Muncy",260,35.4,"3B","LAD","MLB"
471,"Jacob Melton",259,25.4,"OF","TB","MLB"
472,"Jesus Sanchez",257,28.3,"OF","HOU","MLB"
473,"Matthew Boyd",257,34.9,"SP","CHC","MLB"
474,"Zack Gelof",255,26.3,"2B","ATH","MLB"
475,"Matt Wallner",253,28.1,"OF","MIN","MLB"
476,"Caleb Bonemer",251,20.3,"3B, SS","CWS","A+"
477,"Brock Wilken",250,23.6,"3B","MIL","AA"
478,"Steele Hall",249,18.5,"SS","CIN","ROK"
479,"Justin Martinez",249,24.5,"RP","AZ","MLB"
480,"Robert Calaz",248,20.2,"OF","COL","A"
481,"Victor Scott II",247,24.9,"OF","STL","MLB"
482,"Deyvison De Los Santos",247,22.6,"3B","MIA","AAA"
483,"Griffin Jax",247,31.2,"SP, RP","TB","MLB"
484,"David Peterson",246,30.4,"SP","NYM","MLB"
485,"Caden Dana",245,22.1,"SP","LAA","MLB"
486,"Adolis Garcia",245,32.9,"OF","PHI","MLB"
487,"Josh Smith",244,28.5,"1B, 3B, SS, OF","TEX","MLB"
488,"Grant Holmes",243,29.9,"SP","ATL","MLB"
489,"Jace Jung",242,25.3,"3B","DET","MLB"
490,"Adael Amador",240,22.8,"2B","COL","MLB"
491,"Adrian Morejon",239,26.9,"RP","SD","MLB"
492,"Tyler Locklear",235,25.2,"1B","AZ","MLB"
493,"Brandon Clarke",232,22.8,"SP","STL","A+"
494,"Gavin Stone",232,27.3,"SP","LAD","MLB"
495,"Joe Mack",231,23.1,"C","MIA","AAA"
496,"Garrett Mitchell",231,27.4,"OF","MIL","MLB"
497,"Dustin May",230,28.4,"SP","STL","MLB"
498,"Blade Tidwell",228,24.7,"SP","SF","MLB"
499,"Simeon Woods Richardson",226,25.3,"SP","MIN","MLB"
500,"Owen Murphy",226,22.3,"SP","ATL","A+"
501,"Blake Mitchell",225,21.5,"C","KC","A+"
502,"Andrew Fischer",223,21.7,"3B","MIL","A+"
503,"2026 Late 2nd",222,,"","",""
504,"Jeremiah Estrada",222,27.3,"RP","SD","MLB"
505,"Jake Burger",221,29.8,"1B","TEX","MLB"
506,"Marcus Semien",218,35.4,"2B","NYM","MLB"
507,"Sean Burke",218,26.1,"SP","CWS","MLB"
508,"Brody Hopkins",217,24,"SP","TB","AA"
509,"Thayron Liranzo",217,22.6,"C","DET","AA"
510,"J.R. Ritchie",216,22.6,"SP","ATL","AAA"
511,"Nate George",215,19.7,"OF","BAL","A+"
512,"Kash Mayfield",215,20.9,"SP","SD","A"
513,"2027 Late 2nd",215,,"","",""
514,"Carson Whisenhunt",215,25.3,"SP","SF","MLB"
515,"Ha-Seong Kim",213,30.3,"SS","ATL","MLB"
516,"Robert Gasser",210,26.7,"SP","MIL","MLB"
517,"Zack Littell",209,30.3,"SP","FA","MLB"
518,"Marcell Ozuna",208,35.2,"UT","FA","MLB"
519,"Kendry Rojas",207,23.2,"SP","MIN","AAA"
520,"Luis Matos",207,24,"OF","SF","MLB"
521,"Luisangel Acuna",206,23.9,"2B","CWS","MLB"
522,"Carlos Narvaez",205,27.2,"C","BOS","MLB"
523,"Jack Perkins",201,26.1,"SP, RP","ATH","MLB"
524,"Robert Hassell",201,24.5,"OF","WSH","MLB"
525,"Cade Cavalli",199,27.5,"SP","WSH","MLB"
526,"Michael McGreevy",198,25.6,"SP","STL","MLB"
527,"Christian Encarnacion-Strand",198,26.2,"1B","CIN","MLB"
528,"Lucas Giolito",196,31.6,"SP","FA","MLB"
529,"Gavin Kilen",195,21.8,"SS","SF","A"
530,"Tyler O'Neill",193,30.6,"OF","BAL","MLB"
531,"Joendry Vargas",192,20.2,"SS","LAD","A"
532,"J.T. Realmuto",190,34.9,"C","PHI","MLB"
533,"Ryan Mountcastle",190,28.9,"1B","BAL","MLB"
534,"DJ Herz",188,25.1,"SP","WSH","MLB"
535,"Nolan Gorman",188,25.7,"2B, 3B","STL","MLB"
536,"Ben Hess",185,23.4,"SP","NYY","AA"
537,"Thomas Saggese",184,23.8,"2B, 3B, SS","STL","MLB"
538,"Tyler Stephenson",183,29.5,"C","CIN","MLB"
539,"Seaver King",182,22.8,"SS","WSH","AA"
540,"Gage Stanifer",182,22.2,"SP, RP","TOR","AA"
541,"Aroldis Chapman",181,37.9,"RP","BOS","MLB"
542,"Khal Stephen",180,23.1,"SP","CLE","AA"
543,"Kendry Chourio",180,18.3,"SP","KC","A"
544,"Demetrio Crisantes",179,21.4,"2B","AZ","A+"
545,"Tyson Lewis",177,20.1,"SS","CIN","A"
546,"Kruz Schoolcraft",175,18.8,"SP","SD","A"
547,"Camilo Doval",174,28.6,"RP","NYY","MLB"
548,"George Klassen",174,24,"SP","LAA","AAA"
549,"Lourdes Gurriel Jr.",173,32.3,"OF","AZ","MLB"
550,"Cade Povich",173,25.8,"SP","BAL","MLB"
551,"Richard Fitts",171,26.1,"SP","STL","MLB"
552,"Zach Eflin",170,31.8,"SP","BAL","MLB"
553,"Logan Evans",169,24.7,"SP","SEA","MLB"
554,"Lucas Erceg",169,30.8,"RP","KC","MLB"
555,"Reynaldo Lopez",169,32.1,"SP","ATL","MLB"
556,"Mike Burrows",163,26.2,"SP","HOU","MLB"
557,"Bobby Miller",163,26.8,"SP, RP","LAD","MLB"
558,"J.P. Crawford",161,31.1,"SS","SEA","MLB"
559,"Tanner Scott",159,31.5,"RP","LAD","MLB"
560,"Cedric Mullins",157,31.3,"OF","TB","MLB"
561,"Druw Jones",157,22.2,"OF","AZ","A+"
562,"Johan Oviedo",157,27.9,"SP","BOS","MLB"
563,"Alejandro Rosario",156,24.1,"SP","WSH","AA"
564,"Enrique Bradfield Jr.",155,24.2,"OF","BAL","AAA"
565,"Bo Naylor",154,25.9,"C","CLE","MLB"
566,"Ike Irish",153,22.2,"C, 1B","BAL","A"
567,"Matt Brash",153,27.7,"RP","SEA","MLB"
568,"Luis Perales",151,22.8,"SP, RP","WSH","AAA"
569,"Jace LaViolette",150,22.2,"OF","CLE","ROK"
570,"Wenceel Perez",150,26.3,"OF","DET","MLB"
571,"Trey Gibson",148,23.7,"SP","BAL","AAA"
572,"2026 Early 3rd",147,,"","",""
573,"A.J. Ewing",146,21.5,"OF","NYM","AA"
574,"Ernie Clement",146,29.9,"1B, 2B, 3B, SS","TOR","MLB"
575,"Willi Castro",145,28.8,"2B, 3B, OF","COL","MLB"
576,"Luke Weaver",144,32.4,"RP","NYM","MLB"
577,"Trevor Larnach",143,28.9,"OF, UT","MIN","MLB"
578,"Chad Patrick",143,27.5,"SP","MIL","MLB"
579,"Tyler Mahle",142,31.3,"SP","SF","MLB"
580,"Ben Casparius",142,26.9,"SP, RP","LAD","MLB"
581,"Yusei Kikuchi",141,34.6,"SP","LAA","MLB"
582,"Thomas Harrington",140,24.6,"RP","PIT","MLB"
583,"Joey Ortiz",139,27.6,"SS","MIL","MLB"
584,"Joey Cantillo",139,26.1,"SP, RP","CLE","MLB"
585,"Luis Severino",139,31.9,"SP","ATH","MLB"
586,"Jefferson Rojas",138,20.8,"2B, SS","CHC","AA"
587,"Hector Rodriguez",137,21.9,"OF","CIN","AAA"
588,"Jhonny Level",136,18.8,"SS","SF","A"
589,"Bryce Cunningham",136,23.1,"SP","NYY","A+"
590,"Ryan Jeffers",135,28.7,"C","MIN","MLB"
591,"Gabriel Gonzalez",133,22.1,"OF","MIN","AAA"
592,"Jonathan India",133,29.1,"2B, 3B, OF","KC","MLB"
593,"Ronny Henriquez",132,25.6,"RP","MIA","MLB"
594,"Luis Hernandez",129,20.3,"SS","SF","ROK"
595,"Christopher Morel",128,26.6,"OF","MIA","MLB"
596,"Ben Joyce",128,25.4,"RP","LAA","MLB"
597,"Jake Cronenworth",126,32,"1B, 2B, SS","SD","MLB"
598,"Henry Bolte",126,22.5,"OF","ATH","AAA"
599,"Sean Murphy",126,31.3,"C","ATL","MLB"
600,"Alex Clemmey",124,20.5,"SP","WSH","AA"
601,"Heston Kjerstad",123,26.9,"OF","BAL","MLB"
602,"Logan Allen",123,27.4,"SP","CLE","MLB"
603,"Garrett Whitlock",122,29.6,"RP","BOS","MLB"
604,"Chris Bassitt",122,36.9,"SP","FA","MLB"
605,"Drew Thorpe",121,25.3,"SP","CWS","MLB"
606,"Elian Pena",121,18.3,"SS","NYM","ROK"
607,"Rhys Hoskins",120,32.9,"1B","FA","MLB"
608,"Nolan Arenado",119,34.8,"3B","AZ","MLB"
609,"Jose Caballero",118,29.4,"2B, 3B, SS, OF","NYY","MLB"
610,"Daniel Pierce",118,19.5,"SS","TB","ROK"
611,"Dasan Hill",117,20.1,"SP","MIN","A+"
612,"JJ Bleday",117,28.2,"OF","CIN","MLB"
613,"Edwin Uceta",117,28.1,"RP","TB","MLB"
614,"Xavier Neyens",116,19.3,"3B","HOU","ROK"
615,"Didier Fuentes",115,20.6,"SP","ATL","MLB"
616,"Nelson Rada",114,20.4,"OF","LAA","AAA"
617,"2026 Mid 3rd",114,,"","",""
618,"Braylon Doughty",114,20.2,"SP","CLE","A"
619,"Cole Carrigg",114,23.7,"OF","COL","AA"
620,"Will Vest",114,30.7,"RP","DET","MLB"
621,"Blaze Jordan",111,23.1,"1B, 3B","STL","AAA"
622,"Kutter Crawford",111,29.8,"SP","BOS","MLB"
623,"Shotaro Morii",110,19.1,"SS","ATH","ROK"
624,"Ryan Walker",110,30.2,"RP","SF","MLB"
625,"Gavin Lux",110,28.2,"2B, OF","TB","MLB"
626,"Austin Hays",109,30.6,"OF","FA","MLB"
627,"Denzel Clarke",109,25.8,"OF","ATH","MLB"
628,"Angel Martinez",108,24,"2B, OF","CLE","MLB"
629,"Justin Wrobleski",107,25.6,"SP, RP","LAD","MLB"
630,"Daniel Espino",105,25.1,"SP","CLE","AAA"
631,"Kellon Lindsey",105,20.4,"SS","LAD","A"
632,"Isaac Collins",104,28.5,"OF","KC","MLB"
633,"Charlee Soto",104,20.4,"SP","MIN","A+"
634,"Carlos Estevez",104,33.1,"RP","KC","MLB"
635,"Cris Rodriguez",103,18,"OF","DET","ROK"
636,"Mickey Moniak",103,27.7,"OF","COL","MLB"
637,"Yoniel Curet",103,23.2,"SP","PHI","AAA"
638,"2026 Late 3rd",100,,"","",""
639,"Luke Adams",100,21.8,"1B, 3B","MIL","AA"
640,"Santiago Suarez",100,21.1,"SP","TB","AAA"
641,"Ryan Johnson",100,23.5,"RP","LAA","MLB"
642,"River Ryan",98,27.5,"SP","LAD","MLB"
643,"Kahlil Watson",98,22.8,"SS, OF","CLE","AAA"
644,"Emilio Pagan",97,34.7,"RP","CIN","MLB"
645,"Orelvis Martinez",97,24.2,"2B","WSH","AAA"
646,"Spencer Horwitz",96,28.2,"1B","PIT","MLB"
647,"Keibert Ruiz",95,27.5,"C","WSH","MLB"
648,"Miguel Ullola",95,23.6,"SP","HOU","AAA"
649,"Jeffrey Springs",94,33.4,"SP","ATH","MLB"
650,"Tanner McDougal",94,22.8,"SP","CWS","AA"
651,"Blaze Alexander",94,26.6,"2B, 3B","AZ","MLB"
652,"Giancarlo Stanton",93,36.2,"OF, UT","NYY","MLB"
653,"JP Sears",93,29.9,"SP","SD","MLB"
654,"Yanquiel Fernandez",92,23.1,"OF","COL","MLB"
655,"Brayan Rocchio",91,25.1,"2B, SS","CLE","MLB"
656,"Yoeilin Cespedes",91,20.4,"2B","BOS","A"
657,"Lenyn Sosa",91,26,"1B, 2B","CWS","MLB"
658,"Warming Bernabel",90,23.7,"1B","WSH","MLB"
659,"Zach McKinstry",90,30.8,"3B, SS, OF","DET","MLB"
660,"Porter Hodge",89,24.9,"RP","CHC","MLB"
661,"Raisel Iglesias",88,36.1,"RP","ATL","MLB"
662,"PJ Morlando",87,20.7,"OF","MIA","A"
663,"Josh Hammond",87,19.4,"3B, SS","KC","ROK"
664,"Nick Castellanos",87,33.9,"OF","PHI","MLB"
665,"Walker Buehler",87,31.5,"SP","FA","MLB"
666,"Victor Robles",87,28.7,"OF","SEA","MLB"
667,"Dorian Soto",86,17.9,"SS","BOS","ROK"
668,"Nick Gonzales",86,26.7,"2B, SS","PIT","MLB"
669,"Jose Ferrer",86,25.9,"RP","SEA","MLB"
670,"Bryce Elder",85,26.7,"SP","ATL","MLB"
671,"Gabriel Arias",85,25.9,"2B, SS","CLE","MLB"
672,"Juneiker Caceres",84,18.5,"OF","CLE","A"
673,"Ty Johnson",83,24.4,"SP","TB","AA"
674,"Ke'Bryan Hayes",82,29,"3B","CIN","MLB"
675,"Marek Houston",82,21.8,"SS","MIN","A+"
676,"Nacho Alvarez Jr.",81,22.8,"3B","ATL","MLB"
677,"2027 Mid 3rd",81,,"","",""
678,"Hunter Dobbins",80,26.4,"SP","STL","MLB"
679,"Juan Brito",80,24.4,"2B, SS","CLE","AAA"
680,"James Triantos",80,23,"2B, 3B, OF","CHC","AAA"
681,"Nathaniel Lowe",79,30.6,"1B","FA","MLB"
682,"Ching-Hsien Ko",79,19.5,"OF","LAD","A"
683,"Welbyn Francisca",78,19.7,"SS","CLE","A"
684,"Michael Soroka",77,28.5,"SP","AZ","MLB"
685,"Tai Peete",77,20.5,"OF","SEA","A+"
686,"Tony Santillan",77,28.8,"RP","CIN","MLB"
687,"Luke Dickerson",76,20.5,"2B, SS","WSH","A"
688,"Tyler Freeman",76,26.7,"2B, OF","COL","MLB"
689,"Sean Gamble",75,19.6,"SS","KC","ROK"
690,"Brandon Marsh",75,28.1,"OF","PHI","MLB"
691,"Braxton Garrett",75,28.5,"SP","MIA","MLB"
692,"Esteban Mejia",75,18.9,"SP","BAL","A"
693,"Michael Wacha",72,34.6,"SP","KC","MLB"
694,"JD Dix",72,20.3,"2B","AZ","A"
695,"Sean Manaea",71,34,"SP","NYM","MLB"
696,"Jack Dreyer",71,26.9,"SP, RP","LAD","MLB"
697,"Brayden Taylor",71,23.7,"2B, 3B","TB","AA"
698,"Max Acosta",70,23.3,"3B","MIA","MLB"
699,"Devin Taylor",70,22.1,"OF","ATH","A"
700,"Gavin Sheets",70,29.8,"1B, OF","SD","MLB"
701,"Hunter Gaddis",70,27.8,"RP","CLE","MLB"
702,"Ryan Bergert",70,25.9,"SP","KC","MLB"
703,"Dean Kremer",70,30.1,"SP","BAL","MLB"
704,"Eric Bitonti",70,20.2,"1B","MIL","A"
705,"Stephen Kolek",69,28.8,"SP","KC","MLB"
706,"Ryan McMahon",69,31.1,"3B","NYY","MLB"
707,"Romy Gonzalez",68,29.4,"1B, 2B","BOS","MLB"
708,"Tyler Wells",67,31.4,"SP","BAL","MLB"
709,"Jonathan Santucci",67,23.1,"SP","NYM","AA"
710,"Yorger Bautista",67,18.4,"OF","SEA","ROK"
711,"Kyle Finnegan",67,34.4,"RP","DET","MLB"
712,"Zach Cole Jr.",66,25.5,"OF","HOU","MLB"
713,"Bo Davidson",65,23.6,"OF","SF","AA"
714,"Miguel Amaya",65,26.9,"C","CHC","MLB"
715,"Josh Adamczewski",65,20.7,"SS","MIL","A+"
716,"Brailer Guerrero",64,19.6,"OF","TB","A"
717,"Blake Burke",63,22.6,"1B","MIL","AA"
718,"2027 Early 3rd",63,,"","",""
719,"Moises Chace",63,22.6,"SP","PHI","AA"
720,"Jared Triolo",63,27.9,"1B, 2B, 3B, SS","PIT","MLB"
721,"Jordan Leasure",62,27.5,"RP","CWS","MLB"
722,"2027 Late 3rd",62,,"","",""
723,"David Davalillo",62,23.4,"SP","TEX","AA"
724,"Patrick Bailey",62,26.7,"C","SF","MLB"
725,"Dominic Canzone",60,28.5,"OF","SEA","MLB"
726,"JoJo Romero",60,29.4,"RP","STL","MLB"
727,"Gino Groover",60,23.8,"3B","AZ","AA"
728,"Luis De Leon",59,22.8,"SP","BAL","AA"
729,"Jameson Taillon",59,34.2,"SP","CHC","MLB"
730,"Brandon Winokur",59,21.1,"3B, SS, OF","MIN","A+"
731,"Jeff McNeil",59,33.8,"2B, OF","ATH","MLB"
732,"Cody Ponce",58,31,"SP","TOR",""
733,"Jack Wenninger",58,23.9,"SP","NYM","AA"
734,"Kemp Alderman",58,23.5,"OF","MIA","AAA"
735,"Dennis Santana",58,29.8,"RP","PIT","MLB"
736,"Hao-Yu Lee",58,22.9,"2B, 3B","DET","AAA"
737,"T.J. Nichols",58,23.6,"SP","TB","AA"
738,"Jeremiah Jackson",57,25.9,"3B, OF","BAL","MLB"
739,"Harrison Bader",56,31.7,"OF","SF","MLB"
740,"Kyle Karros",56,23.5,"3B","COL","MLB"
741,"Bryan King",56,29.2,"RP","HOU","MLB"
742,"Andrew Salas",54,17.9,"OF","MIA","A"
743,"Brody Brecht",54,23.3,"SP","COL","A"
744,"Kenley Jansen",53,38.3,"RP","DET","MLB"
745,"Connor Prielipp",53,25.1,"SP","MIN","AAA"
746,"Alek Thomas",52,25.8,"OF","AZ","MLB"
747,"Nick Yorke",52,23.8,"2B","PIT","MLB"
748,"Jared Thomas",51,22.6,"OF","COL","AA"
749,"Chase Hampton",51,24.5,"SP","NYY","MLB"
750,"Josh Bell",51,33.5,"1B","MIN","MLB"
751,"David Shields",50,19.4,"SP","KC","A"
752,"Tyler Black",50,25.5,"1B","MIL","MLB"
753,"Brad Lord",49,25.9,"SP, RP","WSH","MLB"
754,"Jake Mangum",49,29.9,"OF","PIT","MLB"
755,"Javier Baez",48,33.2,"2B, 3B, SS, OF","DET","MLB"
756,"Luis Rengifo",48,28.9,"2B, 3B, OF","FA","MLB"
757,"Davis Martin",48,29.1,"SP","CWS","MLB"
758,"Robert Garcia",47,29.6,"RP","TEX","MLB"
759,"Vance Honeycutt",47,22.7,"OF","BAL","A+"
760,"Dylan Lesko",47,22.4,"RP","TB","A+"
761,"Max Anderson",46,23.9,"2B","DET","AAA"
762,"Carson Kelly",46,31.6,"C","CHC","MLB"
763,"Jose Perdomo",46,19.4,"SS","ATL","ROK"
764,"Matt Strahm",46,34.2,"RP","KC","MLB"
765,"Kody Clemens",45,29.7,"1B, 2B, OF","MIN","MLB"
766,"Marco Luciano",45,24.4,"OF","BAL","AAA"
767,"Abimelec Ortiz",44,23.9,"1B, OF","WSH","AAA"
768,"Janson Junk",44,30,"SP","MIA","MLB"
769,"Nick Martinez",44,35.5,"SP, RP","FA","MLB"
770,"Gabe Speier",44,30.8,"RP","SEA","MLB"
771,"Alex Vesia",44,29.8,"RP","LAD","MLB"
772,"Lane Thomas",43,30.4,"OF","KC","MLB"
773,"Jake Meyers",42,29.6,"OF","HOU","MLB"
774,"Brad Keller",42,30.5,"RP","PHI","MLB"
775,"George Valera",42,25.2,"UT","CLE","MLB"
776,"Cooper Ingle",41,23.9,"C","CLE","AAA"
777,"Victor Vodnik",41,26.3,"RP","COL","MLB"
778,"Masataka Yoshida",40,32.6,"UT","BOS","MLB"
779,"Sung-Mun Song",39,29,"2B, 3B","SD",""
780,"Max Scherzer",39,41.5,"SP","FA","MLB"
781,"A.J. Blubaugh",39,25.6,"SP, RP","HOU","MLB"
782,"Jorge Soler",38,33.9,"OF","LAA","MLB"
783,"Andrew Kittredge",38,35.9,"RP","BAL","MLB"
784,"Alek Manoah",38,28.1,"SP","LAA","AAA"
785,"Calvin Faucher",37,30.4,"RP","MIA","MLB"
786,"Patrick Forbes",37,21.6,"SP","AZ","ROK"
787,"Paulino Santana",36,19.2,"OF","TEX","A"
788,"Starlyn Caba",36,20.2,"SS","MIA","A"
789,"Griffin Burkholder",36,20.4,"OF","PHI","A"
790,"Justin Gonzales",35,19.1,"OF","BOS","A+"
791,"Slater de Brun",35,18,"OF","TB",""
792,"Anderson Brito",34,21.6,"SP","TB","A+"
793,"Hyun-Seok Jang",34,21.9,"SP","LAD","A"
794,"Eduardo Rodriguez",34,32.8,"SP","AZ","MLB"
795,"Cody Bradford",34,27.9,"SP, RP","TEX","MLB"
796,"Brock Porter",34,22.7,"RP","TEX","A+"
797,"Connor Phillips",33,24.7,"RP","CIN","MLB"
798,"Mike Yastrzemski",33,35.4,"OF","ATL","MLB"
799,"Miguel Bleis",33,21.9,"OF","BOS","AA"
800,"Eric Lauer",32,30.7,"SP, RP","TOR","MLB"
801,"Gary Gill Hill",32,21.4,"SP","TB","A+"
802,"Leonardo Bernal",31,21.9,"C","STL","AA"
803,"Mikey Romero",31,22.1,"2B, 3B, SS","BOS","AAA"
804,"Nathan Lukes",31,31.6,"OF","TOR","MLB"
805,"Kevin Alvarez",30,18.1,"OF","HOU","ROK"
806,"Riley Quick",30,21,"SP","MIN",""
807,"Trevor McDonald",30,24.9,"SP","SF","MLB"
808,"Elijah Green",30,22.2,"OF","WSH","A+"
809,"Heriberto Hernandez",30,26.1,"OF","MIA","MLB"
810,"Caden Bodine",29,22.2,"C","TB","A"
811,"Henry Lalane",29,21.7,"SP","NYY","A"
812,"Aaron Ashby",29,27.7,"RP","MIL","MLB"
813,"Drue Hackenberg",29,23.8,"SP","ATL","AA"
814,"Phil Maton",29,32.9,"RP","CHC","MLB"
815,"Andrew Benintendi",28,31.6,"OF","CWS","MLB"
816,"Winston Santos",25,23.8,"SP","TEX","AAA"
817,"Jason Adam",25,34.5,"RP","SD","MLB"
818,"Javier Sanoja",25,23.4,"2B, 3B, SS, OF, RP","MIA","MLB"
819,"Jake Irvin",25,28.9,"SP","WSH","MLB"
820,"Sam Antonacci",24,22.9,"2B, 3B","CWS","AA"
821,"Edgardo Henriquez",24,23.6,"RP","LAD","MLB"
822,"Tekoah Roby",24,24.4,"SP","STL","AAA"
823,"Roderick Arias",23,21.4,"SS","NYY","A"
824,"Kevin Defrank",23,17.5,"SP","MIA","ROK"
825,"Austin Martin",23,26.9,"OF","MIN","MLB"
826,"Wehiwa Aloy",23,21.9,"SS","BAL","A"
827,"Colin Rea",23,35.6,"SP","CHC","MLB"
828,"Bishop Letson",22,21.4,"SP","MIL","AA"
829,"Kyle Freeland",22,32.7,"SP","COL","MLB"
830,"Ethan Frey",21,21.9,"OF","HOU","A"
831,"Justin Verlander",21,42.9,"SP","FA","MLB"
832,"Jaden Hamm",21,23.4,"SP","DET","AA"
833,"Zachary Root",20,21,"SP","LAD",""
834,"Adrian Houser",20,32.9,"SP","SF","MLB"
835,"Mitch Bratt",19,22.6,"SP","AZ","AA"
836,"Garrett Cleavinger",19,31.8,"RP","TB","MLB"
837,"Brendan Summerhill",17,22.2,"OF","TB","A"
838,"Tyler Rogers",16,35.1,"RP","TOR","MLB"
839,"Ethan Pecko",16,23.4,"SP","HOU","AAA"
840,"Michael Lorenzen",16,34.1,"SP","COL","MLB"
841,"Vaughn Grissom",16,25.1,"2B","LAA","AAA"
842,"Quentin Young",14,18.9,"SS","MIN","A"
843,"Jose Corniell",13,22.6,"RP","TEX","MLB"
844,"Mitch Voit",13,21.3,"2B","NYM","A"
845,"J.T. Ginn",13,26.7,"SP","ATH","MLB"
846,"Charles Davalan",12,22.1,"OF","LAD","A"
847,"Fernando Cruz",12,35.8,"RP","NYY","MLB"
848,"Paul Goldschmidt",11,38.4,"1B","FA","MLB"
849,"Marcus Phillips",11,21,"SP","BOS",""
850,"Enmanuel Bonilla",10,20,"OF","TOR","ROK"
851,"Mike Boeve",10,23.7,"1B","MIL","AA"
852,"Adam Duvall",10,37.4,"OF","ATL","MLB"
853,"Max Schuemann",10,28.6,"2B, 3B, SS, OF","ATH","MLB"
854,"Stuart Fairchild",10,29.9,"OF","CLE","MLB"
855,"Miguel Rojas",10,36.9,"2B, 3B, SS","LAD","MLB"
856,"Ben Rortvedt",10,28.4,"C","CIN","MLB"
857,"Joey Oakie",10,19.7,"SP","CLE","A"
858,"Tim Herrin",10,29.3,"RP","CLE","MLB"
859,"Dylan Floro",10,35.1,"RP","ATH","AAA"
860,"Kyle Higashioka",10,35.8,"C","TEX","MLB"
861,"Ryan Fernandez",10,27.6,"RP","STL","MLB"
862,"Jacob Webb",10,32.5,"RP","CHC","MLB"
863,"Dedniel Nunez",10,29.7,"RP","NYM","MLB"
864,"Brett Wisely",10,26.7,"2B","TB","MLB"
865,"Hogan Harris",10,29.1,"RP","ATH","MLB"
866,"Donovan Solano",10,38.1,"1B","FA","MLB"
867,"James Paxton",10,37.2,"SP","LAD","MLB"
868,"Charlie Morton",10,42.2,"SP","FA","MLB"
869,"Jordan Hicks",10,29.4,"SP, RP","BOS","MLB"
870,"Matt Mervis",10,27.8,"1B","WSH","MLB"
871,"Jose Alvarado",10,30.7,"RP","PHI","MLB"
872,"Matt Wilkinson",10,23.1,"SP","CLE","A+"
873,"Jeral Perez",10,21.2,"2B, SS","CWS","A+"
874,"Matthew Lugo",10,24.7,"OF","LAA","MLB"
875,"Jay Allen",10,23.2,"OF","CIN","AA"
876,"Jon Gray",10,34.2,"RP","FA","MLB"
877,"Mitch Haniger",10,35.1,"OF","SEA","MLB"
878,"Sem Robberse",10,24.3,"SP","STL","AAA"
879,"Carlos Jorge",10,22.4,"OF","CIN","A+"
880,"Jacob Gonzalez",10,23.7,"2B, SS","CWS","AAA"
881,"Yilber Diaz",10,25.5,"RP","AZ","MLB"
882,"Alex Cobb",10,38.3,"SP","FA","AAA"
883,"Chase Davis",10,24.2,"OF","STL","AA"
884,"Jose Iglesias",10,36.1,"2B, 3B, SS","FA","MLB"
885,"David Peralta",10,38.5,"OF","SD","AAA"
886,"Tyler Kinley",10,35,"RP","ATL","MLB"
887,"Hunter Renfroe",10,34,"OF","KC","MLB"
888,"Osvaldo Bido",10,30.3,"SP, RP","LAA","MLB"
889,"Jorge Lopez",10,32.9,"RP","WSH","MLB"
890,"Jorge Alcala",10,30.5,"RP","TOR","MLB"
891,"Carson Spiers",10,28.2,"SP","CIN","MLB"
892,"Jonah Bride",10,30.1,"3B","TEX","MLB"
893,"Tyler Ferguson",10,32.3,"RP","ATH","MLB"
894,"Tommy Kahnle",10,36.5,"RP","FA","MLB"
895,"Valente Bellozo",10,26.1,"SP, RP","FA","MLB"
896,"Tyler Phillips",10,28.3,"RP","MIA","MLB"
897,"Brooks Baldwin",10,25.5,"2B, 3B, SS, OF","CWS","MLB"
898,"Adrian Del Castillo",10,26.3,"UT","AZ","MLB"
899,"Jerar Encarnacion",10,28.3,"OF","SF","MLB"
900,"Alex Call",10,31.3,"OF","LAD","MLB"
901,"Daniel Schneemann",10,29,"2B, 3B, SS, OF","CLE","MLB"
902,"Sam Hentges",10,29.5,"RP","SF","MLB"
903,"Cionel Perez",10,29.8,"RP","FA","MLB"
904,"Keider Montero",10,25.6,"SP, RP","DET","MLB"
905,"Yonny Chirinos",10,32.1,"SP","MIA","AAA"
906,"Davis Daniel",10,28.6,"SP","CIN","MLB"
907,"Juan Yepez",10,27.9,"OF","FA","AAA"
908,"Santiago Espinal",10,31.2,"2B, 3B, OF","CIN","MLB"
909,"Jake Bloss",10,24.6,"SP","TOR","AAA"
910,"Shay Whitcomb",10,27.3,"2B","HOU","MLB"
911,"Robert Stephenson",10,32.9,"RP","LAA","MLB"
912,"Emiliano Teodo",10,24.9,"SP, RP","TEX","AAA"
913,"Sean Bouchard",10,29.7,"OF","FA","MLB"
914,"George Wolkow",10,20.1,"OF","CWS","A"
915,"Cristian Mena",10,23.1,"RP","AZ","MLB"
916,"Tyler Fitzgerald",10,28.4,"2B","SF","MLB"
917,"Michael Mercado",10,26.8,"RP","PHI","MLB"
918,"Naoyuki Uwasawa",10,31.9,"SP","BOS","AAA"
919,"Nathan Martorella",10,24.9,"1B","MIA","AAA"
920,"Lonnie White Jr.",10,23.1,"OF","PIT","A+"
921,"Gunnar Hoglund",10,26.1,"SP","ATH","MLB"
922,"Connor Joe",10,33.5,"OF, UT","FA","MLB"
923,"Griff McGarry",10,26.7,"SP, RP","WSH","AAA"
924,"Stone Garrett",10,30.2,"OF","WSH","AAA"
925,"Brett Wichrowski",10,23.5,"SP","MIL","AA"
926,"Drey Jameson",10,28.5,"RP","AZ","MLB"
927,"Maddux Bruns",10,23.6,"SP","LAD","A+"
928,"Fernando Cruz",10,19.2,"SS","CHC","ROK"
929,"Michael Conforto",10,32.9,"OF","FA","MLB"
930,"Payton Martin",10,21.7,"SP","LAD","A+"
931,"Anthony Gutierrez",10,21.2,"OF","TEX","A+"
932,"Daniel Lynch",10,29.2,"SP, RP","KC","MLB"
933,"Royber Salinas",10,24.8,"RP","ATL","A+"
934,"Paul Blackburn",10,32.2,"SP, RP","NYY","MLB"
935,"Colin Houck",10,21.3,"3B, SS","NYM","A+"
936,"Marco Raya",10,23.5,"SP, RP","MIN","AAA"
937,"Josh Knoth",10,20.5,"SP","MIL","A"
938,"Tyler Anderson",10,36.1,"SP","FA","MLB"
939,"John Cruz",10,20.4,"OF","MIA","A"
940,"Anthony DeSclafani",10,35.8,"SP, RP","AZ","MLB"
941,"Jackson Rutledge",10,26.8,"RP","WSH","MLB"
942,"Blake Wolters",10,21.3,"SP","KC","A"
943,"Sam Bachman",10,26.3,"RP","LAA","MLB"
944,"Rece Hinds",10,25.4,"OF","CIN","MLB"
945,"Cole Wilcox",10,26.6,"RP","SEA","MLB"
946,"Mark Canha",10,36.9,"OF, UT","KC","MLB"
947,"Javier Assad",10,28.5,"SP","CHC","MLB"
948,"Ian Anderson",10,27.8,"RP","FA","MLB"
949,"Alexander Ramirez",10,23.1,"OF","NYM","AA"
950,"Tanner Houck",10,29.6,"SP","BOS","MLB"
951,"Jorbit Vivas",10,24.9,"2B, 3B","NYY","MLB"
952,"Vidal Brujan",10,27.9,"3B, SS, OF","NYM","MLB"
953,"Brennan Bernardino",10,34,"SP, RP","COL","MLB"
954,"Erik Miller",10,27.9,"RP","SF","MLB"
955,"Alex Faedo",10,30.2,"RP","FA","AAA"
956,"Jalen Beeks",10,32.6,"SP, RP","FA","MLB"
957,"Ryan Thompson",10,33.6,"RP","AZ","MLB"
958,"Joey Estes",10,24.3,"SP","ATH","MLB"
959,"Will Smith",10,36.6,"RP","KC","MLB"
960,"Blake Treinen",10,37.6,"RP","LAD","MLB"
961,"Miguel Andujar",10,30.9,"3B, OF","FA","MLB"
962,"Cody Poteet",10,31.5,"RP","FA","MLB"
963,"Roddery Munoz",10,25.8,"RP","HOU","MLB"
964,"Andre Pallante",10,27.4,"SP","STL","MLB"
965,"Casey Schmitt",10,26.9,"1B, 2B, 3B","SF","MLB"
966,"Blake Walston",10,24.6,"SP","AZ","MLB"
967,"Oscar Colas",10,27.4,"OF","FA","AAA"
968,"Corey Julks",10,29.9,"OF","DET","MLB"
969,"Josiah Gray",10,28.1,"SP","WSH","AAA"
970,"A.J. Puk",10,30.8,"RP","AZ","MLB"
971,"Kyle Hendricks",10,36.2,"SP","FA","MLB"
972,"Dylan Moore",10,33.5,"1B, 2B, 3B, OF","FA","MLB"
973,"Kevin Pillar",10,37.1,"OF","TEX","MLB"
974,"Jake Bauers",10,30.3,"1B, OF","MIL","MLB"
975,"Ronel Blanco",10,32.4,"SP","HOU","MLB"
976,"Edmundo Sosa",10,29.9,"2B, 3B, SS","PHI","MLB"
977,"Patrick Sandoval",10,29.3,"SP","BOS","MLB"
978,"Mitch Spence",10,27.7,"SP, RP","ATH","MLB"
979,"Bryse Wilson",10,28.1,"SP, RP","PHI","MLB"
980,"Chris Flexen",10,31.6,"RP","CHC","MLB"
981,"Jon Singleton",10,34.4,"UT","FA","MLB"
982,"Cooper Criswell",10,29.5,"RP","SEA","MLB"
983,"Jose Urena",10,34.4,"SP, RP","FA","MLB"
984,"Jose Trevino",10,33.2,"C","CIN","MLB"
985,"Korey Lee",10,27.5,"C","CWS","MLB"
986,"Nick Gordon",10,30.3,"2B","KC","AAA"
987,"Jorge Barrosa",10,24.9,"OF","AZ","MLB"
988,"Ky Bush",10,26.2,"SP","CWS","MLB"
989,"Cade Marlowe",10,28.6,"OF","ATH","AAA"
990,"Marc Church",10,24.8,"RP","TEX","MLB"
991,"Sam Huff",10,28,"C","BAL","MLB"
992,"Tomoyuki Sugano",10,36.3,"SP","FA","MLB"
993,"Nick Nastrini",10,25.9,"SP, RP","LAD","AAA"
994,"Jose Leclerc",10,32.1,"RP","FA","MLB"
995,"Tirso Ornelas",10,25.9,"OF","SD","MLB"
996,"Wilmer Flores",10,34.5,"1B","FA","MLB"
997,"Craig Yoho",10,26.3,"RP","MIL","MLB"
998,"Jake Eder",10,27.3,"RP","WSH","MLB"
999,"Luke Raley",10,31.4,"1B, OF","SEA","MLB"
1000,"Andrew Morris",10,24.4,"SP","MIN","AAA"
1001,"Zach Maxwell",10,25,"RP","CIN","MLB"
1002,"Adolfo Sanchez",10,19.4,"OF","CIN","ROK"
1003,"Everson Pereira",10,24.8,"OF","CWS","MLB"
1004,"Leo Jimenez",10,24.7,"2B","TOR","MLB"
1005,"Carmen Mlodzinski",10,26.9,"SP, RP","PIT","MLB"
1006,"Dane Myers",10,29.9,"OF","CIN","MLB"
1007,"Hans Crouse",10,27.4,"SP, RP","BAL","AAA"
1008,"Nick Frasso",10,27.3,"SP, RP","LAD","AAA"
1009,"Troy Taylor",10,24.4,"RP","SEA","MLB"
1010,"Aaron Schunk",10,28.5,"SS","FA","MLB"
1011,"Caleb Kilian",10,28.7,"RP","SF","AAA"
1012,"Seth Halvorsen",10,25.9,"RP","COL","MLB"
1013,"Zach DeLoach",10,27.5,"OF","CWS","AAA"
1014,"Tristan Beck",10,29.6,"RP","SF","MLB"
1015,"Andrew Walters",10,25.2,"RP","CLE","MLB"
1016,"Kyren Paris",10,24.2,"2B, OF","LAA","MLB"
1017,"Johnathan Rodriguez",10,26.2,"OF","CLE","MLB"
1018,"Jaden Hill",10,26.1,"RP","COL","MLB"
1019,"Tom Murphy",10,34.8,"C","FA","MLB"
1020,"Rafael Marchan",10,26.9,"C","PHI","MLB"
1021,"Jeremy Rodriguez",10,19.6,"2B, 3B, SS","NYM","A"
1022,"Joe Whitman",10,24.4,"SP","SF","AA"
1023,"Kendall George",10,21.3,"OF","LAD","A+"
1024,"Andry Lara",10,23.1,"RP","WSH","MLB"
1025,"Gabriel Rincones Jr.",10,24.9,"OF","PHI","AAA"
1026,"Griffin Canning",10,29.7,"SP","FA","MLB"
1027,"A.J. Vukovich",10,24.5,"OF","AZ","AAA"
1028,"Sean Sullivan",10,23.5,"SP","COL","AA"
1029,"Pablo Guerrero",10,19.5,"1B","TEX","A"
1030,"Dominic Keegan",10,25.5,"C","TB","AAA"
1031,"Colton Ledbetter",10,24.2,"OF","TB","AA"
1032,"Cory Lewis",10,25.3,"SP, RP","MIN","AAA"
1033,"Jansel Luis",10,20.9,"2B, 3B","AZ","A+"
1034,"Anthony Rizzo",10,36.5,"1B","NYY","AA"
1035,"Luis Merejo",10,19.6,"1B, OF","CLE","A"
1036,"Zander Mueth",10,20.6,"SP","PIT","A"
1037,"Reggie Crawford",10,25.2,"RP","SF","AAA"
1038,"Alan Roden",10,26.1,"OF","MIN","MLB"
1039,"Leody Taveras",10,27.4,"OF","BAL","MLB"
1040,"Eduardo Beltre",10,19.3,"OF","MIN","A"
1041,"Jeter Martinez",10,19.9,"SP","PIT","A"
1042,"Graham Pauley",10,25.4,"3B","MIA","MLB"
1043,"Ben Kudrna",10,23,"SP","KC","AAA"
1044,"Brandon Drury",10,33.4,"UT","LAA","AAA"
1045,"Justyn-Henry Malloy",10,25.9,"OF","TB","MLB"
1046,"Jonah Heim",10,30.6,"C","FA","MLB"
1047,"Braylin Morel",10,20,"OF","TEX","A"
1048,"K.C. Hunt",10,25.6,"SP","MIL","AA"
1049,"Alejandro Osuna",10,23.3,"OF","TEX","MLB"
1050,"Levi Sterling",10,19.4,"SP","PIT","A"
1051,"Billy Amick",10,23.2,"1B, 3B","MIN","A+"
1052,"Jud Fabian",10,25.3,"OF","BAL","AAA"
1053,"Jhancarlos Lara",10,23,"SP, RP","ATL","AAA"
1054,"Yasser Mercedes",10,21.2,"OF","MIN","A"
1055,"Julian Aguiar",10,24.7,"SP","CIN","MLB"
1056,"Jack Kochanowicz",10,25.1,"SP","LAA","MLB"
1057,"Adam Oller",10,31.3,"SP","MIA","AAA"
1058,"Brady Basso",10,28.3,"RP","ATH","MLB"
1059,"Luken Baker",10,28.9,"UT","AZ","MLB"
1060,"Sterlin Thompson",10,24.6,"OF","COL","AAA"
1061,"Sam Aldegheri",10,24.4,"SP","LAA","MLB"
1062,"Pedro Pages",10,27.4,"C","STL","MLB"
1063,"Justin Turner",10,41.2,"1B, 3B","FA","MLB"
1064,"Yordanny Monegro",10,23.3,"SP","BOS","AA"
1065,"Charles McAdoo",10,23.9,"3B","TOR","AA"
1066,"Seth Johnson",10,27.4,"RP","PHI","MLB"
1067,"Whit Merrifield",10,37,"2B, 3B, OF","ATL","MLB"
1068,"Blake Dunn",10,27.4,"OF","CIN","MLB"
1069,"Mitch Garver",10,35,"C","FA","MLB"
1070,"Brendan Rodgers",10,29.5,"2B","FA","MLB"
1071,"Endy Rodriguez",10,25.7,"1B","PIT","MLB"
1072,"Yennier Cano",10,31.9,"RP","BAL","MLB"
1073,"Will Wagner",10,27.5,"1B, 3B","SD","MLB"
1074,"Yuki Matsui",10,30.3,"RP","SD","MLB"
1075,"Andres Chaparro",10,26.7,"1B","WSH","MLB"
1076,"Grant McCray",10,25.2,"OF","SF","MLB"
1077,"Justin Foscue",10,26.9,"1B","TEX","MLB"
1078,"Tommy Pham",10,37.9,"OF","FA","MLB"
1079,"Jose Tena",10,24.9,"3B","WSH","MLB"
1080,"Orlando Arcia",10,31.5,"1B, 2B, 3B, SS","FA","MLB"
1081,"Starling Marte",10,37.3,"OF, UT","FA","MLB"
1082,"Bryan De La Cruz",10,29.1,"OF","PHI","MLB"
1083,"Drew Romo",10,24.4,"C","CWS","MLB"
1084,"Ramon Urias",10,31.7,"2B, 3B","FA","MLB"
1085,"Jake Cousins",10,31.6,"RP","FA","A+"
1086,"Brant Hurter",10,27.4,"SP, RP","DET","MLB"
1087,"Manuel Rodriguez",10,29.5,"RP","TB","MLB"
1088,"Alex Lange",10,30.3,"RP","KC","MLB"
1089,"Rob Refsnyder",10,34.9,"OF, UT","SEA","MLB"
1090,"Keegan Akin",10,30.8,"SP, RP","BAL","MLB"
1091,"Jacob Stallings",10,36.1,"C","FA","MLB"
1092,"Derek Law",10,35.4,"SP, RP","AZ","AAA"
1093,"Tayler Scott",10,33.7,"RP","ATL","MLB"
1094,"Victor Caratini",10,32.5,"C, 1B","MIN","MLB"
1095,"Dylan Lee",10,31.5,"RP","ATL","MLB"
1096,"Ezequiel Duran",10,26.7,"1B, 2B, 3B, SS, OF","TEX","MLB"
1097,"Nick Fortes",10,29.2,"C","TB","MLB"
1098,"Dairon Blanco",10,32.8,"OF","KC","MLB"
1099,"Sean Hjelle",10,28.7,"RP","FA","MLB"
1100,"Pavin Smith",10,29.9,"1B","AZ","MLB"
1101,"Jordan Wicks",10,26.4,"RP","CHC","MLB"
1102,"Christian Vazquez",10,35.4,"C","FA","MLB"
1103,"Beau Brieske",10,27.8,"RP","DET","MLB"
1104,"Sam Hilliard",10,31.9,"OF","FA","MLB"
1105,"Kevin Kelly",10,28.2,"RP","TB","MLB"
1106,"Matt Manning",10,28,"RP","FA","AAA"
1107,"Kris Bryant",10,34.1,"UT","COL","MLB"
1108,"J.P. France",10,30.8,"RP","HOU","MLB"
1109,"Craig Kimbrel",10,37.7,"RP","NYM","MLB"
1110,"Marcus Stroman",10,34.8,"SP","NYY","MLB"
1111,"Luis Garcia",10,29.1,"SP","FA","MLB"
1112,"Jose Siri",10,30.5,"OF","FA","MLB"
1113,"Luis Campusano",10,27.3,"UT","SD","MLB"
1114,"Louis Varland",10,28.1,"RP","TOR","MLB"
1115,"Chris Paddack",10,30.1,"SP","FA","MLB"
1116,"Anthony Solometo",10,23.2,"SP","PIT","AA"
1117,"Ty Madden",10,25.9,"SP","DET","MLB"
1118,"Alex Verdugo",10,29.7,"OF","ATL","MLB"
1119,"Dante Nori",10,21.3,"OF","PHI","AA"
1120,"Walker Janek",10,23.4,"C","HOU","A+"
1121,"Jonatan Clase",10,23.7,"OF","TOR","MLB"
1122,"Malcolm Moore",10,22.5,"C","TEX","A+"
1123,"Max Kepler",10,32.9,"OF","FA","MLB"
1124,"Dany Jimenez",10,32.1,"RP","ATL","AAA"
1125,"Randal Grichuk",10,34.5,"OF, UT","FA","MLB"
1126,"Ryan Noda",10,29.8,"1B","BAL","MLB"
1127,"Eddie Rosario",10,34.3,"UT","FA","MLB"
1128,"Lucas Sims",10,31.7,"RP","FA","MLB"
1129,"Michael Grove",10,29.1,"RP","FA","AAA"
1130,"Yan Gomes",10,38.5,"C","CHC","MLB"
1131,"Ricardo Cabrera",10,21.3,"3B","CIN","A+"
1132,"Yariel Rodriguez",10,28.9,"RP","TOR","MLB"
1133,"Joe Kelly",10,37.6,"RP","LAD","A"
1134,"Michael Kopech",10,29.8,"RP","FA","MLB"
1135,"Luke Little",10,25.4,"RP","CHC","MLB"
1136,"Jake Rogers",10,30.8,"C","DET","MLB"
1137,"Enrique Hernandez",10,34.4,"1B, 2B, 3B, OF","FA","MLB"
1138,"Gary Sanchez",10,33.2,"C","FA","MLB"
1139,"Jakob Junis",10,33.4,"RP","FA","MLB"
1140,"Taylor Rogers",10,35.1,"RP","MIN","MLB"
1141,"David Hamilton",10,28.3,"2B, SS","BOS","MLB"
1142,"Nick Madrigal",10,28.9,"2B, 3B","LAA","AAA"
1143,"Ryan Brasier",10,38.4,"RP","FA","MLB"
1144,"Andrew Chafin",10,35.6,"RP","FA","MLB"
1145,"Gregory Soto",10,30.9,"RP","PIT","MLB"
1146,"Carlos Santana",10,39.8,"1B","FA","MLB"
1147,"Roansy Contreras",10,26.2,"RP","COL","MLB"
1148,"Freddy Fermin",10,30.7,"C","SD","MLB"
1149,"Jose Abreu",10,39,"1B","HOU","ROK"
1150,"Jared Shuster",10,27.5,"SP, RP","STL","MLB"
1151,"Julian Merryweather",10,34.3,"RP","FA","MLB"
1152,"Jorge Mateo",10,30.6,"SS, OF","ATL","MLB"
1153,"Ryan Yarbrough",10,34.1,"SP, RP","NYY","MLB"
1154,"Chris Martin",10,39.7,"RP","TEX","MLB"
1155,"Seranthony Dominguez",10,31.2,"RP","CWS","MLB"
1156,"Jordan Lyles",10,35.3,"SP","KC","AAA"
1157,"Enyel De Los Santos",10,30.1,"RP","FA","MLB"
1158,"Jose Miranda",10,27.6,"3B","SD","MLB"
1159,"Chris Taylor",10,35.4,"2B, OF","FA","MLB"
1160,"Andrew Nardi",10,27.5,"RP","MIA","MLB"
1161,"Matt Waldron",10,29.4,"SP","SD","MLB"
1162,"Cole Irvin",10,32,"SP","BAL","AAA"
1163,"Colin Holderman",10,30.3,"RP","CLE","MLB"
1164,"Clayton Beeter",10,27.3,"RP","WSH","MLB"
1165,"Ryan Borucki",10,31.8,"RP","CWS","MLB"
1166,"Patrick Corbin",10,36.5,"SP","FA","MLB"
1167,"DJ LeMahieu",10,37.6,"2B","NYY","MLB"
1168,"Jacob Young",10,26.5,"OF","WSH","MLB"
1169,"Taijuan Walker",10,33.5,"SP, RP","PHI","MLB"
1170,"Joe Ross",10,32.7,"RP","FA","MLB"
1171,"Mike Clevinger",10,35.1,"RP","FA","MLB"
1172,"Brusdar Graterol",10,27.4,"RP","LAD","MLB"
1173,"Danny Jansen",10,30.8,"C","TEX","MLB"
1174,"Darell Hernaiz",10,24.5,"2B, 3B, SS","ATH","MLB"
1175,"Alex Wood",10,35.1,"SP","ATH","MLB"
1176,"Caleb Ferguson",10,29.6,"RP","CIN","MLB"
1177,"Josh Sborz",10,32.1,"RP","TEX","AAA"
1178,"Cal Quantrill",10,30.9,"SP","FA","MLB"
1179,"Bowden Francis",10,29.8,"SP","TOR","MLB"
1180,"Jason Heyward",10,36.5,"OF","SD","MLB"
1181,"Colin Poche",10,32,"RP","FA","MLB"
1182,"Wade Miley",10,39.2,"SP","FA","MLB"
1183,"Austin Shenton",10,28,"1B, 3B","FA","AAA"
1184,"Joel Payamps",10,31.8,"RP","ATL","MLB"
1185,"Scott Barlow",10,33.1,"RP","FA","MLB"
1186,"Tylor Megill",10,30.5,"SP","NYM","MLB"
1187,"Jon Berti",10,36,"2B, 3B","CHC","MLB"
1188,"DL Hall",10,27.4,"SP, RP","MIL","MLB"
1189,"John Brebbia",10,35.7,"RP","COL","MLB"
1190,"Cole Winn",10,26.2,"RP","TEX","MLB"
1191,"Hector Neris",10,36.6,"RP","KC","MLB"
1192,"Oliver Dunn",10,28.4,"3B","CWS","MLB"
1193,"Richie Palacios",10,28.7,"2B, OF","TB","MLB"
1194,"James McArthur",10,29.1,"RP","KC","MLB"
1195,"Kyle Gibson",10,38.3,"SP","TB","MLB"
1196,"Gio Urshela",10,34.3,"3B","ATH","MLB"
1197,"Will Brennan",10,27.9,"OF","FA","MLB"
1198,"Michael Toglia",10,27.5,"1B","CIN","MLB"
1199,"Emerson Hancock",10,26.7,"SP","SEA","MLB"
1200,"Kyle Isbel",10,28.9,"OF","KC","MLB"
1201,"Ty France",10,31.6,"1B","FA","MLB"
1202,"Andrew McCutchen",10,39.3,"UT","FA","MLB"
1203,"Adam Frazier",10,34.1,"2B, OF","FA","MLB"
1204,"Tim Anderson",10,32.6,"2B, SS","LAA","MLB"
1205,"Nate Pearson",10,29.5,"RP","HOU","MLB"
1206,"John Schreiber",10,31.9,"RP","KC","MLB"
1207,"Seth Brown",10,33.6,"OF","NYY","MLB"
1208,"Danny Coulombe",10,36.3,"RP","FA","MLB"
1209,"Drew Smyly",10,36.6,"SP, RP","CHC","A+"
1210,"Mark Leiter Jr.",10,34.9,"RP","ATH","MLB"
1211,"Bailey Falter",10,28.8,"SP","KC","MLB"
1212,"Tyler Wade",10,31.2,"OF, UT","TEX","MLB"
1213,"Jose Quintana",10,37,"SP","FA","MLB"
1214,"Anthony Rendon",10,35.7,"3B","LAA","MLB"
1215,"J.D. Davis",10,32.8,"1B","FA","MLB"
1216,"Kevin Ginkel",10,31.9,"RP","AZ","MLB"
1217,"Mauricio Dubon",10,31.5,"2B, 3B, SS, OF","ATL","MLB"
1218,"Tyler Holton",10,29.6,"SP, RP","DET","MLB"
1219,"David Robertson",10,40.8,"RP","FA","MLB"
1220,"Giovanny Gallegos",10,34.5,"RP","LAD","AAA"
1221,"Ian Hamilton",10,30.6,"RP","ATL","MLB"
1222,"Joc Pederson",10,33.8,"UT","TEX","MLB"
1223,"Matt Vierling",10,29.4,"OF","DET","MLB"
1224,"Chad Green",10,34.7,"RP","TOR","MLB"
1225,"Yoan Moncada",10,30.7,"3B","FA","MLB"
1226,"Carlos Carrasco",10,38.9,"SP","FA","MLB"
1227,"Luis Urias",10,28.7,"2B","FA","MLB"
1228,"Pierce Johnson",10,34.7,"RP","CIN","MLB"
1229,"Johan Rojas",10,25.5,"OF","PHI","MLB"
1230,"Anthony Bender",10,30.9,"RP","MIA","MLB"
1231,"Elehuris Montero",10,27.5,"1B","COL","AAA"
1232,"Connor Wong",10,29.7,"C","BOS","MLB"
1233,"Nick Loftin",10,27.4,"2B, 3B, OF","KC","MLB"
1234,"Jake McCarthy",10,28.5,"OF","COL","MLB"
1235,"Matt Moore",10,36.6,"RP","BOS","AAA"
1236,"Josh Rojas",10,31.6,"2B, 3B","KC","MLB"
1237,"Paul DeJong",10,32.5,"2B, 3B, SS","FA","MLB"
1238,"Joe Jimenez",10,31,"RP","ATL","MLB"
1239,"Steven Matz",10,34.7,"SP, RP","TB","MLB"
1240,"Kevin Kiermaier",10,35.8,"OF","LAD","MLB"
1241,"Braden Shewmake",10,28.2,"SS","NYY","AAA"
1242,"Ross Stripling",10,36.2,"SP, RP","ATH","A"
1243,"Dakota Hudson",10,31.4,"SP","LAA","AAA"
1244,"Rene Pinto",10,29.2,"C","PHI","AAA"
1245,"Estevan Florial",10,28.2,"OF","CLE","AAA"
1246,"Brooks Raley",10,37.6,"RP","NYM","MLB"
1247,"Wandy Peralta",10,34.5,"RP","SD","MLB"
1248,"Travis d'Arnaud",10,36.9,"C","LAA","MLB"
1249,"Enmanuel Valdez",10,27.1,"1B","PIT","MLB"
1250,"Dominic Fletcher",10,28.4,"OF","PIT","MLB"
1251,"Luis Ortiz",10,27,"SP","CLE","MLB"
1252,"Keaton Winn",10,27.9,"RP","SF","MLB"
1253,"Brock Stewart",10,34.3,"RP","LAD","MLB"
1254,"Kirby Yates",10,38.9,"RP","LAA","MLB"
1255,"Tommy Henry",10,28.5,"RP","AZ","MLB"
1256,"Adam Ottavino",10,40.2,"RP","FA","MLB"
1257,"Steven Wilson",10,31.4,"RP","TB","MLB"
1258,"Zack Thompson",10,28.3,"RP","STL","AAA"
1259,"Ryne Stanek",10,34.5,"RP","STL","MLB"
1260,"Joey Meneses",10,33.7,"1B","ATH","AAA"
1261,"Wander Franco",10,24.9,"SS","TB",""
1262,"Owen White",10,26.5,"RP","FA","MLB"
1263,"Kristian Robinson",10,25.1,"OF","AZ","AAA"
1264,"Yu-Min Lin",10,22.6,"SP","AZ","AAA"
1265,"Kyle Muller",10,28.3,"SP, RP","ATH","A"
1266,"Nick Martini",10,35.6,"OF","FA","MLB"
1267,"Gordon Graceffo",10,25.9,"RP","STL","MLB"
1268,"Erik Swanson",10,32.4,"RP","TOR","MLB"
1269,"Luis Medina",10,26.8,"SP","ATH","MLB"
1270,"LaMonte Wade Jr.",10,32.1,"1B, OF","CWS","MLB"
1271,"Yophery Rodriguez",10,20.2,"OF","BOS","A+"
1272,"Woo Suk Go",10,27.5,"RP","DET","AAA"
1273,"Edward Olivares",10,29.9,"OF","TB","AAA"
1274,"Trevor Williams",10,33.8,"SP","WSH","MLB"
1275,"Mac Horvath",10,24.5,"2B, OF","TB","A+"
1276,"Adam Mazur",10,24.8,"SP","MIA","MLB"
1277,"Ryan Feltner",10,29.4,"SP","COL","MLB"
1278,"Yohandy Morales",10,24.3,"1B, 3B","WSH","AAA"
1279,"Kyle Wright",10,30.3,"SP","KC","AAA"
1280,"Marco Gonzales",10,33.9,"SP","PIT","AAA"
1281,"Trey Lipscomb",10,25.6,"1B, 3B, SS","WSH","MLB"
1282,"Benny Montgomery",10,23.4,"OF","COL","AA"
1283,"Mason Montgomery",10,25.6,"RP","PIT","MLB"
1284,"Alec Marsh",10,27.7,"SP","KC","MLB"
1285,"Jacob Berry",10,24.7,"2B, 3B, OF","MIA","AAA"
1286,"Jared Walsh",10,32.5,"1B","TEX","AAA"
1287,"Gavin Cross",10,24.9,"OF","KC","AA"
1288,"Jonny Deluca",10,27.6,"OF","TB","MLB"
1289,"Rayner Arias",10,19.8,"OF","SF","A"
1290,"Wilmer Flores",10,24.9,"RP","DET","A"
1291,"Joey Gallo",10,32.2,"1B","WSH","A"
1292,"Cristhian Vaquero",10,21.4,"OF","WSH","A"
1293,"Brandon Barriera",10,21.9,"SP","TOR","ROK"
1294,"Brennen Davis",10,26.2,"OF","SEA","AAA"
1295,"Dillon Head",10,21.3,"OF","MIA","A+"
1296,"Domingo German",10,33.5,"SP","PIT","A"
1297,"Ryan Bliss",10,26.1,"2B","SEA","MLB"
1298,"Jake Gelof",10,23.9,"2B, 3B","LAD","A+"
1299,"Frank Mozzicato",10,22.6,"SP","KC","AA"
1300,"Luis Baez",10,22.1,"OF","HOU","AA"
1301,"Carlos Rodriguez",10,24.2,"RP","MIL","MLB"
1302,"Ivan Melendez",10,26,"1B","AZ","AAA"
1303,"Luis Lara",10,21.2,"OF","MIL","AA"
1304,"Martin Perez",10,34.8,"SP","FA","MLB"
1305,"Brando Mayea",10,20.4,"OF","NYY","ROK"
1306,"Jhonkensy Noel",10,24.6,"OF","BAL","MLB"
1307,"Jesse Winker",10,32.5,"UT","FA","MLB"
1308,"Ty Floyd",10,24.4,"SP","CIN","A"
1309,"Ken Waldichuk",10,28.1,"SP","ATL","AAA"
1310,"Nick Pratto",10,27.3,"1B","KC","AAA"
1311,"Oswaldo Cabrera",10,26.9,"3B","NYY","MLB"
1312,"Jose Butto",10,27.9,"RP","SF","MLB"
1313,"Jason Foley",10,30.3,"RP","SF","AAA"
1314,"Trey Sweeney",10,25.8,"SS","DET","MLB"
1315,"Pedro Leon",10,27.7,"OF","PHI","AAA"
1316,"Liam Hendriks",10,36.9,"RP","FA","MLB"
1317,"German Marquez",10,30.9,"SP","FA","MLB"
1318,"Cristian Hernandez",10,22.1,"SS","MIA","A+"
1319,"Spencer Turnbull",10,33.4,"RP","FA","MLB"
1320,"Drew Waters",10,27.1,"OF","KC","MLB"
1321,"Dane Dunning",10,31.1,"RP","SEA","MLB"
1322,"Gregory Santos",10,26.4,"RP","SF","MLB"
1323,"Graham Ashcraft",10,27.9,"RP","CIN","MLB"
1324,"Wikelman Gonzalez",10,23.9,"RP","CWS","MLB"
1325,"Ji Hwan Bae",10,26.5,"OF","NYM","MLB"
1326,"Taylor Walls",10,29.6,"SS","TB","MLB"
1327,"Prelander Berroa",10,25.8,"SP, RP","CWS","MLB"
1328,"Walker Martin",10,21.9,"3B, SS","SF","A"
1329,"Abraham Toro",10,29.1,"1B, 3B","KC","MLB"
1330,"Bryan Hudson",10,28.7,"RP","CWS","MLB"
1331,"Mitchell Parker",10,26.3,"SP","WSH","MLB"
1332,"Cole Sands",10,28.5,"SP, RP","MIN","MLB"
1333,"Ben Lively",10,33.9,"SP","FA","MLB"
1334,"Isiah Kiner-Falefa",10,30.9,"2B, 3B, SS","FA","MLB"
1335,"Tyler Alexander",10,31.6,"SP, RP","TEX","MLB"
1336,"Cooper Hjerpe",10,24.9,"SP","STL","MLB"
1337,"Nick Senzel",10,30.6,"3B, OF","LAD","AAA"
1338,"Harold Ramirez",10,31.4,"UT","WSH","AAA"
1339,"Austin Gomber",10,32.2,"SP","FA","MLB"
1340,"Miguel Sano",10,32.7,"1B, 3B","LAA","ROK"
1341,"David Fry",10,30.2,"UT","CLE","MLB"
1342,"Eguy Rosario",10,26.4,"SS","FA","AAA"
1343,"Peter Lambert",10,28.8,"SP","HOU","AAA"
1344,"Joey Bart",10,29.1,"C","PIT","MLB"
1345,"Albert Suarez",10,36.3,"RP","BAL","MLB"
1346,"Jose Urquidy",10,30.8,"RP","FA","MLB"
1347,"Joey Loperfido",10,26.7,"OF","TOR","MLB"
1348,"Lance McCullers Jr.",10,32.3,"SP","HOU","MLB"
1349,"A.J. Minter",10,32.4,"RP","NYM","MLB"
1350,"Josh Winckowski",10,27.6,"RP","TOR","MLB"
1351,"Rowdy Tellez",10,30.9,"1B","FA","MLB"
1352,"Reese McGuire",10,30.9,"C","MIL","MLB"
1353,"Tyrone Taylor",10,32,"OF","NYM","MLB"
1354,"Liover Peguero",10,25.1,"SS","PHI","MLB"
1355,"Hunter Harvey",10,31.1,"RP","CHC","MLB"
1356,"Cavan Biggio",10,30.8,"OF","FA","MLB"
1357,"Miles Mikolas",10,37.4,"SP","FA","MLB"
1358,"Blake Perkins",10,29.4,"OF","MIL","MLB"
1359,"Reed Garrett",10,33.1,"RP","NYM","MLB"
1360,"Mike Tauchman",10,35.2,"OF","FA","MLB"
1361,"Nick Sandlin",10,29.1,"RP","LAA","MLB"
1362,"Diego Cartaya",10,24.4,"C","SF","AAA"
1363,"Jairo Iriarte",10,24.1,"SP, RP","CWS","AAA"
1364,"Mason Black",10,26.1,"RP","KC","MLB"
1365,"Bryan Ramos",10,23.9,"3B","CWS","MLB"
1366,"Amed Rosario",10,30.2,"2B, 3B","NYY","MLB"
1367,"Tony Gonsolin",10,31.7,"SP","FA","MLB"
1368,"Samuel Zavala",10,21.6,"OF","CWS","A+"
1369,"Mike Vasil",10,25.9,"SP, RP","CWS","MLB"
1370,"Yency Almonte",10,31.7,"RP","CHC","AA"
1371,"Yimi Garcia",10,35.5,"RP","TOR","MLB"
1372,"Kevin Parada",10,24.5,"C","NYM","AAA"
1373,"Dustin Harris",10,26.6,"OF","CWS","MLB"
1374,"Brandon Williamson",10,27.8,"SP","CIN","MLB"
1375,"Chayce McDermott",10,27.4,"RP","BAL","MLB"
1376,"Elias Diaz",10,35.2,"C","FA","MLB"
1377,"Shelby Miller",10,35.3,"RP","FA","MLB"
1378,"Dylan Carlson",10,27.3,"OF","CHC","MLB"
1379,"Daniel Hudson",10,38.9,"RP","LAD","MLB"
1380,"Justin Slaten",10,28.4,"RP","BOS","MLB"
1381,"Landon Knack",10,28.6,"SP","LAD","MLB"
1382,"Hayden Wesneski",10,28.2,"SP","HOU","MLB"
1383,"Justin Lawrence",10,31.2,"RP","PIT","MLB"
1384,"Austin Adams",10,34.7,"RP","BOS","AAA"
1385,"Alexander Canario",10,25.7,"OF","FA","MLB"
1386,"Tobias Myers",10,27.5,"SP, RP","NYM","MLB"
1387,"Jonathan Cannon",10,25.5,"SP","CWS","MLB"
1388,"Michael A. Taylor",10,34.9,"OF","FA","MLB"
1389,"Patrick Wisdom",10,34.4,"3B","SEA","AAA"
1390,"Darius Vines",10,27.8,"SP","ATL","AA"
1391,"Elvis Peguero",10,28.9,"RP","FA","MLB"
1392,"Jhony Brito",10,27.9,"RP","SD","MLB"
1393,"Randy Vasquez",10,27.2,"SP","SD","MLB"
1394,"Sixto Sanchez",10,27.5,"SP","MIA","AAA"
1395,"Joey Wiemer",10,26.9,"OF","WSH","MLB"
1396,"Forrest Whitley",10,28.4,"RP","TB","MLB"
1397,"Michael Massey",10,27.9,"2B, OF","KC","MLB"
1398,"Erik Sabrowski",10,28.3,"RP","CLE","MLB"
1399,"Nic Enright",10,29.1,"RP","TOR","MLB"
1400,"Jason Alexander",10,32.9,"SP","HOU","MLB"
1401,"Justin Topa",10,34.9,"RP","MIN","MLB"
1402,"Corbin Martin",10,30.1,"RP","CHC","MLB"
1403,"Tanner Gordon",10,28.3,"SP","COL","MLB"
1404,"Joey Wentz",10,28.3,"SP, RP","ATL","MLB"
1405,"Caleb Thielbar",10,39,"RP","CHC","MLB"
1406,"Braydon Fisher",10,25.5,"RP","TOR","MLB"
1407,"Bennett Sousa",10,30.8,"RP","HOU","MLB"
1408,"Allan Winans",10,30.5,"RP","NYY","MLB"
1409,"Dietrich Enns",10,34.7,"SP, RP","BAL","MLB"
1410,"Shawn Armstrong",10,35.4,"SP, RP","CLE","MLB"
1411,"Hoby Milner",10,35.1,"RP","CHC","MLB"
1412,"Carter Holton",10,23.4,"SP","ATL","A"
1413,"Jack Suwinski",10,27.5,"OF","PIT","MLB"
1414,"Ryan Ritter",10,25.2,"2B, SS","COL","MLB"
1415,"Brandon Walter",10,29.4,"SP","HOU","MLB"
1416,"Greg Weissert",10,30.9,"RP","BOS","MLB"
1417,"Bryan Baker",10,31.2,"RP","TB","MLB"
1418,"Liam Hicks",10,26.7,"C, 1B","MIA","MLB"
1419,"Jake Bird",10,30.2,"RP","NYY","MLB"
1420,"Jose Anderson",10,19.2,"OF","MIL","A"
1421,"Zach Dezenzo",10,25.7,"OF","HOU","MLB"
1422,"J.D. Martinez",10,38.4,"UT","NYM","A"
1423,"Kyle Hurt",10,27.7,"SP","LAD","AAA"
1424,"Victor Figueroa",10,22.1,"1B","BAL","A+"
1425,"Adbert Alzolay",10,30.9,"RP","NYM","AAA"
1426,"Colton Gordon",10,27.1,"SP","HOU","MLB"
1427,"Drew Pomeranz",10,37.2,"SP, RP","LAA","MLB"
1428,"Jeimer Candelario",10,32.2,"3B","FA","MLB"
1429,"Brock Burke",10,29.5,"RP","CIN","MLB"
1430,"Jahmai Jones",10,28.5,"OF","DET","MLB"
1431,"Luis Torrens",10,29.8,"C","NYM","MLB"
1432,"Myles Straw",10,31.3,"OF","TOR","MLB"
1433,"Kai-Wei Teng",10,27.2,"SP","HOU","MLB"
1434,"Eduard Bazardo",10,30.4,"RP","SEA","MLB"
1435,"Nasim Nunez",10,25.5,"2B, SS","WSH","MLB"
1436,"Blaine Crim",10,28.6,"1B","COL","MLB"
1437,"Anthony Kay",10,30,"SP, RP","CWS",""
1438,"Foster Griffin",10,30,"SP, RP","WSH",""
1439,"McCade Brown",10,25.5,"SP","COL","MLB"
1440,"Drew Anderson",10,31,"SP, RP","DET",""
1441,"Eloy Jimenez",10,29.2,"OF","TOR","AAA"
1442,"Curtis Mead",10,25.3,"1B, 2B, 3B","CWS","MLB"
1443,"Jordan Yost",10,19.1,"SS","DET","ROK"
1444,"Bob Seymour",10,27.3,"1B","TB","MLB"
1445,"Jordan Romano",10,32.8,"RP","LAA","MLB"
1446,"Edouard Julien",10,26.8,"1B, 2B","COL","MLB"
1447,"Thairo Estrada",10,29.9,"2B","FA","MLB"
1448,"Ryan Pressly",10,37.1,"RP","CHC","MLB"
1449,"Esteury Ruiz",10,26.9,"OF","MIA","MLB"
1450,"Alexis Diaz",10,29.3,"RP","TEX","MLB"
1451,"Jordan Montgomery",10,33.1,"SP","FA","AAA"
1452,"Chas McCormick",10,30.8,"OF","CHC","MLB"
1453,"Jarred Kelenic",10,26.5,"OF","CWS","MLB"
1454,"Andrew Alvarez",10,26.6,"SP","WSH","MLB"
1455,"Mitch Farris",10,24.9,"SP","LAA","MLB"
1456,"Nabil Crismatt",10,31.1,"SP","TEX","MLB"
1457,"Andrew Saalfrank",10,28.5,"RP","AZ","MLB"
1458,"Yoendrys Gomez",10,26.3,"SP, RP","TB","MLB"
1459,"Matt Svanson",10,27,"RP","STL","MLB"
1460,"Tate Southisene",10,19.3,"SS","ATL","A"
1461,"Vinny Capra",10,29.6,"3B, SS","BOS","MLB"
1462,"Connor Gillispie",10,28.2,"SP","FA","MLB"
1463,"Brailyn Antunez",10,18.2,"OF","MIL","ROK"
1464,"Diego Tornes",10,17.6,"OF","ATL","ROK"
1465,"Jake Fraley",10,30.7,"OF","TB","MLB"
1466,"Maykel Coret",10,18.4,"OF","TB","ROK"
1467,"Gage Workman",10,26.3,"3B","DET","MLB"
1468,"Aaron Bummer",10,32.4,"SP, RP","ATL","MLB"
1469,"Triston McKenzie",10,28.5,"RP","SD","MLB"
1470,"Eriq Swan",10,24.3,"SP","WSH","A+"
1471,"Tyson Neighbors",10,23.3,"RP","BAL","AA"
1472,"Myles Naylor",10,20.8,"3B","ATH","A"
1473,"Kyle Hart",10,33.2,"SP, RP","SD","MLB"
1474,"Michel Otanez",10,28.6,"RP","TEX","MLB"
1475,"Will Simpson",10,24.4,"1B","TB","AA"
1476,"James Outman",10,28.7,"OF","MIN","MLB"
1477,"Mavis Graves",10,22.2,"SP","PHI","A+"
1478,"Nestor German",10,23.9,"SP","BAL","AAA"
1479,"Matt Canterino",10,28.1,"SP","MIN","AAA"
1480,"Evan Reifert",10,26.7,"RP","TB","AAA"
1481,"Ryan Forcucci",10,23.2,"SP","HOU","ROK"
1482,"Eiberson Castellano",10,24.7,"RP","COL","AA"
1483,"Michael Siani",10,26.5,"OF","NYY","MLB"
1484,"Shinnosuke Ogasawara",10,28.3,"SP, RP","WSH","MLB"
1485,"Tsung-Che Cheng",10,24.5,"SS","WSH","MLB"
1486,"Cayden Wallace",10,24.5,"3B","WSH","AA"
1487,"Echedry Vargas",10,20.9,"3B","MIA","A+"
1488,"Jun-Seok Shim",10,21.8,"RP","NYM","ROK"
1489,"Oswald Peraza",10,25.6,"1B, 2B, 3B, SS","LAA","MLB"
1490,"Michael Kennedy",10,21.2,"SP","CLE","A+"
1491,"John Means",10,32.8,"SP","FA","AAA"
1492,"Eddie Rynders",10,20.3,"3B","PIT","A"
1493,"Henry Davis",10,26.4,"C","PIT","MLB"
1494,"Sean Linan",10,21.2,"SP","WSH","AAA"
1495,"Felipe De La Cruz",10,24.7,"SP, RP","NYM","AAA"
1496,"Otto Kemp",10,26.4,"1B, 3B, OF","PHI","MLB"
1497,"Tim Elko",10,27.1,"1B","CWS","MLB"
1498,"Luis Mey",10,24.6,"RP","CIN","MLB"
1499,"Zach Agnos",10,25.5,"RP","COL","MLB"
1500,"Daysbel Hernandez",10,29.4,"RP","ATL","MLB"
1501,"Leo Rivas",10,28.3,"2B","SEA","MLB"
1502,"Ryan Zeferjahn",10,27.9,"RP","LAA","MLB"
1503,"Eli White",10,31.6,"OF","ATL","MLB"
1504,"Paul Sewald",10,35.7,"RP","FA","MLB"
1505,"Ben Williamson",10,25.2,"3B","SEA","MLB"
1506,"Sean Newcomb",10,32.6,"SP, RP","CWS","MLB"
1507,"Kyle Leahy",10,28.7,"RP","STL","MLB"
1508,"Luke Jackson",10,34.4,"RP","FA","MLB"
1509,"Justin Sterner",10,29.4,"RP","ATH","MLB"
1510,"Huascar Brazoban",10,36.3,"SP, RP","NYM","MLB"
1511,"Eric Wagaman",10,28.5,"1B, OF","MIN","MLB"
1512,"Juan Valera",10,19.7,"SP","BOS","A+"
1513,"Evan Phillips",10,31.4,"RP","FA","MLB"
1514,"Aaron Civale",10,30.6,"SP","FA","MLB"
1515,"Ryan Gusto",10,26.9,"SP, RP","MIA","MLB"
1516,"Easton Lucas",10,29.4,"SP","FA","MLB"
1517,"Tim Tawa",10,26.8,"1B, 2B, OF","AZ","MLB"
1518,"Brendon Little",10,29.5,"RP","TOR","MLB"
1519,"Derek Hill",10,30.1,"OF","CWS","MLB"
1520,"Kameron Misner",10,28.1,"OF","KC","MLB"
1521,"Yu Darvish",10,39.5,"SP","SD","MLB"
1522,"Anthony Banda",10,32.5,"RP","LAD","MLB"
1523,"Clayton Kershaw",10,37.9,"SP","FA","MLB"
1524,"Nolan Jones",10,27.7,"OF","CLE","MLB"
1525,"Roc Riggio",10,23.6,"2B","COL","AA"
1526,"Yandel Ricardo",10,19.3,"SS","KC","A"
1527,"Raudy Reyes",10,17.4,"SP","ATL","ROK"
1528,"Pedro Ramirez",10,21.8,"2B, SS","CHC","AA"
1529,"Emilien Pitre",10,23.3,"2B, SS","TB","A+"
1530,"Ethan Petry",10,21.6,"OF","WSH","A"
1531,"Josh Owens",10,19.1,"SS, SP","TEX","A"
1532,"Austin Overn",10,22.7,"OF","TB","AA"
1533,"Deniel Ortiz",10,21.4,"1B, 3B","STL","A+"
1534,"Christian Oppor",10,21.5,"SP","CWS","A+"
1535,"Michael Oliveto",10,18,"C","DET",""
1536,"Cade Obermueller",10,22,"SP","PHI",""
1537,"Mason Neville",10,22.1,"OF","CIN","A"
1538,"Braden Nett",10,23.6,"SP","ATH","AA"
1539,"Andruw Monasterio",10,28.7,"1B, 2B, SS","MIL","MLB"
1540,"Nick Morabito",10,22.7,"OF","NYM","AA"
1541,"Edgar Montero",10,19.2,"SS","ATH","ROK"
1542,"Ryan Mitchell",10,18,"SS","STL",""
1543,"Karson Milbrandt",10,21.8,"SP","MIA","AA"
1544,"Miguel Mendez",10,23.6,"RP","SD","AA"
1545,"Hendry Mendez",10,22.2,"OF","MIN","AA"
1546,"Briggs McKenzie",10,19,"SP","ATL",""
1547,"Michael Lombardi",10,22,"SP, RP","KC",""
1548,"Alex Lodise",10,21.9,"SS","ATL","A+"
1549,"Wei-En Lin",10,20.2,"SP, RP","ATH","AA"
1550,"Cam Leiter",10,21,"SP","LAD",""
1551,"Arnaldo Lantigua",10,20.1,"OF","CIN","A"
1552,"Kane Kepley",10,21.9,"OF","CHC","A"
1553,"Antwone Kelly",10,22.4,"SP","PIT","AA"
1554,"Coy James",10,18,"SS","WSH",""
1555,"Dean Moss",10,19,"OF","TB",""
1556,"Erick Fedde",10,32.9,"SP, RP","FA","MLB"
1557,"Nathan Church",10,25.6,"OF","STL","MLB"
1558,"Eduardo Valencia",10,26,"C, 1B","DET","AAA"
1559,"Chris Suero",10,22,"C, OF","NYM","AA"
1560,"Miguel Sime",10,18,"SP","WSH",""
1561,"Nolan Schubart",10,21.7,"1B","CLE","A"
1562,"JB Middleton",10,22,"SP","COL",""
1563,"Murf Gray",10,22,"3B","PIT",""
1564,"Nathan Flewelling",10,19.2,"C","TB","A+"
1565,"Kyler Fedko",10,26.4,"1B, OF","MIN","AAA"
1566,"Juan Cabada",10,17.8,"2B","CHC","ROK"
1567,"Brenan Hanifee",10,27.7,"RP","DET","MLB"
1568,"Isaac Mattson",10,30.6,"RP","PIT","MLB"
1569,"Emmanuel Clase",10,27.9,"RP","CLE","MLB"
1570,"Christian Zazueta",10,21.3,"SP","LAD","A+"
1571,"Elorky Rodriguez",10,18.1,"OF","TEX","ROK"
1572,"Ryan Weiss",10,29,"SP","HOU",""
1573,"Aaron Watson",10,18,"SP","CIN",""
1574,"Ryan Ward",10,27.9,"1B, OF","LAD","AAA"
1575,"Jose Urbina",10,20.2,"SP","TB","A+"
1576,"Gavin Turley",10,22.2,"OF","ATH","A"
1577,"Brendan Tunink",10,20.3,"OF","LAD","A"
1578,"J.D. Thompson",10,22,"SP","MIL",""
1579,"Daniel Susac",10,24.7,"C","SF","AAA"
1580,"Joseph Sullivan",10,23.6,"OF","HOU","AA"
1581,"Luke Stevenson",10,21.5,"C","SEA","A"
1582,"Johnny Slawinski",10,18,"SP","LAA",""
1583,"Luke Sinnard",10,23.3,"SP","ATL","A+"
1584,"Chase Shores",10,21,"SP, RP","LAA",""
1585,"AJ Russell",10,21,"SP","TEX",""
1586,"Alfonsin Rosario",10,21.6,"OF","CLE","AA"
1587,"Malachi Witherspoon",10,21,"SP","DET",""
1588,"Jacob Bresnahan",10,20.6,"SP","SF","A"
1589,"Braxton Bragg",10,25.3,"SP","BAL","AA"
1590,"Jake Bennett",10,25.2,"SP","BOS","AA"
1591,"Max Belyeu",10,22.1,"OF","COL","A+"
1592,"Nick Becker",10,19.2,"SS","SEA","A"
1593,"Enddy Azocar",10,18.9,"OF","BOS","A"
1594,"Cristian Arguelles",10,18.6,"OF","COL","ROK"
1595,"Jadher Areinamo",10,22.2,"2B, SS","TB","AA"
1596,"Hayden Alvarez",10,18.9,"OF","LAA","A"
1597,"Joe Rock",10,25.5,"RP","TB","MLB"
1598,"Mason Barnett",10,25.2,"SP","ATH","MLB"
1599,"Yohendrick Pinango",10,23.7,"OF","TOR","AAA"
1600,"Will Klein",10,26.2,"RP","LAD","MLB"
1601,"Brandyn Garcia",10,25.7,"RP","AZ","MLB"
1602,"Henry Baez",10,23.3,"SP","ATH","AA"
1603,"Griffin Herring",10,22.7,"SP","COL","A+"
1604,"Juaron Watts-Brown",10,23.9,"SP","BAL","AA"
1605,"Rafael Flores",10,25.2,"1B","PIT","MLB"
1606,"Jesus Rodriguez",10,23.8,"C","SF","AAA"
1607,"Luinder Avila",10,24.4,"RP","KC","MLB"
1608,"Denzer Guzman",10,21.9,"SS","LAA","MLB"
1609,"Cody Freeman",10,25.1,"2B","TEX","MLB"
1610,"Brycen Mautz",10,24.5,"SP","STL","AA"
1611,"Eric Orze",10,28.4,"RP","MIN","MLB"
1612,"Coleman Crow",10,25.1,"SP","MIL","AAA"
1613,"Troy Johnston",10,28.6,"1B, OF","COL","MLB"
1614,"Carlos Vargas",10,26.3,"RP","SEA","MLB"
1615,"Junior Perez",10,24.6,"OF","ATH","AAA"
1616,"Angel Zerpa",10,26.3,"SP, RP","MIL","MLB"
1617,"Mason Fluharty",10,24.5,"RP","TOR","MLB"
1618,"David Morgan",10,26.3,"SP, RP","SD","MLB"
1619,"Bradgley Rodriguez",10,22.2,"RP","SD","MLB"
1620,"Josiah Hartshorn",10,18,"1B, OF","CHC",""
1621,"Josh Hartle",10,22.9,"SP","CLE","AA"
1622,"Landon Harmon",10,19,"SP","WSH",""
1623,"Tyson Hardin",10,24.2,"SP","MIL","AA"
1624,"David Hagaman",10,22.8,"SP","AZ","A+"
1625,"Trey Gregory-Alford",10,19.7,"SP","LAA","A"
1626,"Taitn Gray",10,18,"C","TB",""
1627,"Asbel Gonzalez",10,20.1,"OF","KC","A"
1628,"Henry Godbout",10,22.2,"2B","BOS","A+"
1629,"John Gil",10,19.7,"SS","ATL","AA"
1630,"Marconi German",10,18.4,"2B, SS","WSH","ROK"
1631,"Tanner Franklin",10,21.7,"SP","STL","A+"
1632,"Christian Franklin",10,26.2,"OF","WSH","AAA"
1633,"Devin Fitz-Gerald",10,20.5,"SS","WSH","A"
1634,"Matthew Fisher",10,19,"SP","PHI",""
1635,"Roldy Brito",10,18.8,"2B, OF","COL","A"
1636,"Jaden Fauske",10,19,"OF","CWS",""
1637,"Yhoiker Fajardo",10,19.3,"SP","STL","A"
1638,"Anthony Eyanson",10,21,"SP","BOS",""
1639,"Aron Estrada",10,21.1,"2B, OF","BAL","AA"
1640,"Brady Ebel",10,18.5,"SS","MIL","A"
1641,"Daniel Eagen",10,23.2,"SP","AZ","AA"
1642,"Joseph Dzierwa",10,21,"SP","BAL",""
1643,"Ethan Dorchies",10,19.3,"SP, RP","MIL","A"
1644,"Marco Dinges",10,22.4,"C","MIL","A+"
1645,"Korbyn Dickerson",10,22.3,"OF","SEA","A"
1646,"Gabriel Davalillo",10,18.2,"C","LAA","ROK"
1647,"Dean Curley",10,21.8,"SS","CLE","A"
1648,"Brandon Compton",10,22.3,"OF","MIA","A+"
1649,"Argenis Cayama",10,19.4,"SP","SF","A"
1650,"Cam Cannarella",10,22.4,"OF","MIA","A+"
1651,"Dauri Fernandez",10,18.9,"SS","CLE","A"
1652,"Thatcher Hurd",10,23.1,"SP, RP","NYY","ROK"
1653,"Carson Palmquist",10,25.3,"SP","COL","MLB"
1654,"Cobb Hightower",10,20.9,"SS","BAL","A"
1655,"Yovanny Rodriguez",10,19.2,"C","NYM","ROK"
1656,"Wilfred Veras",10,23.2,"OF","CWS","AA"
1657,"Owen Wild",10,23.5,"SP","TB","AA"
1658,"Chase Harlan",10,19.6,"3B","LAD","A"
1659,"Brandon Young",10,27.5,"SP","BAL","MLB"
1660,"Cesar Prieto",10,26.7,"2B","STL","MLB"
1661,"Victor Mesa Jr.",10,24.4,"OF","MIA","MLB"
1662,"Bryan Acuna",10,20.5,"3B, SS","MIN","A"
1663,"Isaac Coffey",10,25.6,"SP","BOS","AAA"
1664,"Won-Bin Cho",10,22.5,"OF","STL","A+"
1665,"Justin Campbell",10,24.9,"SP","CLE","ROK"
1666,"Nick Bitsko",10,23.6,"SP, RP","TB","ROK"
1667,"Chris Cortez",10,23.3,"SP","LAA","A+"
1668,"Kyle DeBarge",10,22.6,"2B, SS","MIN","A+"
1669,"Lucas Braun",10,24.4,"SP","ATL","AAA"
1670,"Justice Bigbie",10,27,"OF","DET","AAA"
1671,"Aeverson Arteaga",10,22.9,"SS","SF","AA"
1672,"Matt Allan",10,24.8,"SP","NYM","A+"
1673,"Mason Adams",10,25.9,"SP","CWS","AA"
1674,"Carson DeMartini",10,23.1,"3B, SS","PHI","AA"
1675,"Dax Fulton",10,24.3,"SP","MIA","AAA"
1676,"Adam Macko",10,25.1,"SP, RP","TOR","AAA"
1677,"Leo Balcazar",10,21.6,"2B, SS","CIN","AA"
1678,"Cameron Cauley",10,22.9,"2B, SS, OF","TEX","AA"
1679,"Roberto Campos",10,22.6,"OF","DET","AA"
1680,"Trace Bright",10,25.3,"SP, RP","BAL","AA"
1681,"Will Bednar",10,25.6,"RP","SF","AAA"
1682,"Tony Blanco Jr.",10,20.7,"1B","PIT","A"
1683,"Manuel Beltre",10,21.6,"SS","TOR","A"
1684,"Garrett Baumann",10,21.5,"SP","ATL","A+"
1685,"Austin Charles",10,22.2,"3B, SS","KC","A+"
1686,"Osleivis Basabe",10,25.4,"2B, 3B, SS","SF","AAA"
1687,"Calvin Ziegler",10,23.3,"SP","NYM","A+"
1688,"Enmanuel Tejeda",10,21.1,"2B","NYY","A"
1689,"Kala'i Rosario",10,23.6,"OF","MIN","AA"
1690,"Frankie Montas",10,32.9,"SP","FA","MLB"
1691,"Malcom Nunez",10,24.9,"3B","PIT","AAA"
1692,"Michael Morales",10,23.5,"SP","SEA","AA"
1693,"Kale Fountain",10,20.5,"1B","SD","A"
1694,"Victor Lizarraga",10,22.2,"SP","SD","AAA"
1695,"Asa Lacy",10,26.7,"SP, RP","KC","AA"
1696,"Owen Hall",10,20.2,"SP","DET","A"
1697,"Dawel Joseph",10,18.7,"3B","SEA","ROK"
1698,"Wes Kath",10,23.5,"1B","CWS","A+"
1699,"Mitch Jebb",10,23.7,"2B, OF","PIT","AA"
1700,"Jack Hurley",10,23.9,"OF","AZ","AA"
1701,"Caleb Lomavita",10,23.2,"C","WSH","AA"
1702,"Cole Mathis",10,22.5,"3B","CHC","A"
1703,"Erick Pena",10,22.9,"OF","KC","A"
1704,"Filippo Di Turi",10,20.2,"2B, 3B, SS","MIL","A"
1705,"Devin Saltiban",10,20.9,"2B, OF","PHI","A+"
1706,"Luis Cova",10,19,"OF","MIA","ROK"
1707,"Jhonny Severino",10,21.2,"2B, 3B","PIT","A"
1708,"Derniche Valdez",10,19.8,"OF","CHC","ROK"
1709,"Ethan Anderson",10,22.4,"C, 1B","BAL","AA"
1710,"Conrad Cason",10,19.5,"SP","BOS","ROK"
1711,"Carlos Colmenarez",10,22.2,"3B, SS","TB","A+"
1712,"Chandler Champlain",10,26.5,"SP","KC","AAA"
1713,"Yiddi Cappe",10,23.4,"2B","MIA","AA"
1714,"Rayne Doncon",10,22.4,"3B","MIN","A+"
1715,"Tanner Burns",10,27.1,"RP","CLE","AAA"
1716,"Steven Zobac",10,25.3,"SP","KC","AA"
1717,"Kohl Drake",10,25.5,"SP","AZ","AAA"
1718,"Victor Acosta",10,21.6,"2B, SS","CIN","A+"
1719,"Dylan Dreiling",10,22.8,"OF","TEX","A+"
1720,"Yunior Severino",10,26.3,"OF","MIN","AAA"
1721,"Cole Henry",10,26.6,"RP","WSH","MLB"
1722,"Payton Eeles",10,26.2,"2B, SS","BAL","AAA"
1723,"Aaron Zavala",10,25.6,"OF","TEX","AAA"
1724,"Marco Vargas",10,20.7,"2B, SS","NYM","A+"
1725,"Brock Selvidge",10,23.4,"SP","NYY","AA"
1726,"Jorge Quintana",10,18.8,"SS","SD","A"
1727,"Yairo Padilla",10,18.6,"SS","STL","ROK"
1728,"Samuel Munoz",10,21.4,"OF","LAD","A+"
1729,"Robert Arias",10,19.4,"OF","CLE","ROK"
1730,"Wyatt Sanford",10,20.2,"2B, SS","PIT","A"
1731,"Eduardo Herrera",10,19.3,"1B","CWS","ROK"
1732,"Will Benson",10,27.6,"OF","CIN","MLB"
1733,"Dyan Jorge",10,22.9,"2B, SS","COL","AA"
1734,"Landen Maroudis",10,21.1,"SP","TOR","A"
1735,"Stiven Martinez",10,18.5,"OF","BAL","A"
1736,"Nelson Velazquez",10,27.1,"OF","PIT","AAA"
1737,"Jedixson Paez",10,22,"SP","CWS","A+"
1738,"Hedbert Perez",10,22.8,"OF","TOR","AA"
1739,"Cristofer Torin",10,20.7,"2B, SS","AZ","AA"
1740,"Carlson Reed",10,23.2,"SP","PIT","A+"
1741,"Eddys Leonard",10,25.2,"2B, 3B, OF","MIL","AAA"
1742,"Wilman Diaz",10,22.2,"2B","LAD","A+"
1743,"Kenta Maeda",10,37.8,"RP","FA","MLB"
1744,"Dom Hamel",10,26.9,"RP","NYY","MLB"
1745,"Jairo Pomares",10,25.5,"OF","SF","AA"
1746,"Fernando Perez",10,21.9,"SP","TOR","AA"
1747,"Chase Mobley",10,19.7,"SP","CLE","A"
1748,"Chen-Wei Lin",10,24.2,"SP","STL","AA"
1749,"Peyton Pallette",10,24.7,"SP, RP","CLE","AAA"
1750,"Sawyer Gipson-Long",10,28.1,"SP","DET","MLB"
1751,"Cade Kuehler",10,23.7,"SP","ATL","A+"
1752,"Gabriel Hughes",10,24.4,"SP","COL","AAA"
1753,"Luke Holman",10,23.1,"SP","CIN","A"
1754,"Trevor Harrison",10,20.5,"SP","TB","A+"
1755,"Franco Aleman",10,25.6,"RP","CLE","AAA"
1756,"Chase Silseth",10,25.7,"RP","LAA","MLB"
1757,"Tyson Miller",10,30.5,"RP","CWS","AAA"
1758,"Hiro Wyatt",10,21.4,"SP","KC","A"
1759,"Eli Morgan",10,29.7,"RP","FA","MLB"
1760,"Niko Kavadas",10,27.3,"1B","LAA","MLB"
1761,"Joswa Lugo",10,19,"SS","LAA","ROK"
1762,"Creed Willems",10,22.7,"C, 1B","BAL","AA"
1763,"Jared Serna",10,23.7,"2B, SS","MIA","AAA"
1764,"Kyle Farmer",10,35.5,"1B, 2B, 3B, SS","FA","MLB"
1765,"Sammy Stafura",10,21.2,"SS","PIT","A+"
1766,"Griff O'Ferrall",10,22.9,"2B, SS","BAL","AA"
1767,"Adam Serwinowski",10,21.7,"SP","LAD","AA"
1768,"Jesus Tinoco",10,30.8,"RP","MIA","MLB"
1769,"Dylan Ray",10,24.7,"SP","AZ","AAA"
1770,"Jared Koenig",10,32,"RP","MIL","MLB"
1771,"Jose Ramos",10,25.1,"OF","NYM","AAA"
1772,"Scott Kingery",10,31.8,"2B","CHC","MLB"
1773,"Braylin Tavera",10,20.9,"OF","BAL","A"
1774,"Brandon Birdsell",10,25.9,"SP","CHC","AAA"
1775,"David Sandlin",10,24.9,"SP, RP","BOS","AAA"
1776,"Adriel Radney",10,18.6,"OF","AZ","ROK"
1777,"Bryce Meccage",10,19.9,"SP","MIL","A"
1778,"Davis Schneider",10,27,"2B, OF","TOR","MLB"
1779,"Billy Cook",10,27.1,"OF","PIT","MLB"
1780,"Griffin Conine",10,28.6,"OF","MIA","MLB"
1781,"Tyler Gentry",10,27,"OF","KC","AAA"
1782,"Cooper Kinney",10,23,"2B, 3B","TB","AA"
1783,"Nestor Cortes",10,31.1,"SP","FA","MLB"
1784,"Jimmy Crooks",10,24.5,"C","STL","MLB"
1785,"Luis Guanipa",10,20.1,"OF","ATL","A"
1786,"Kevin Newman",10,32.5,"3B, SS","KC","MLB"
1787,"Carter Johnson",10,19.9,"2B, SS","MIA","A"
1788,"Yeremi Cabrera",10,20.6,"OF","WSH","A"
1789,"Nazzan Zanetello",10,20.7,"2B, SS","BOS","A+"
1790,"Nick Mears",10,29.3,"RP","KC","MLB"
1791,"Yolfran Castillo",10,18.9,"3B, SS","TEX","A"
1792,"Walter Ford",10,21.1,"SP","SEA","A"
1793,"Daiber De Los Santos",10,19.3,"SS","MIN","ROK"
1794,"Adrian Santana",10,20.5,"SS","TB","A+"
1795,"Wade Meckler",10,25.8,"OF","LAA","AAA"
1796,"Jesus Baez",10,20.9,"3B, SS","STL","A+"
1797,"Ronan Kopp",10,23.5,"SP, RP","LAD","AAA"
1798,"Victor Hurtado",10,18.7,"OF","WSH","ROK"
1799,"Boston Bateman",10,20.4,"SP","BAL","A+"
1800,"Damiano Palmegiani",10,26,"1B","TOR","AAA"
1801,"Drew Beam",10,22.9,"SP","KC","A+"
1802,"Austin Hendrick",10,24.6,"OF","CIN","AA"
1803,"Jackson Baumeister",10,23.6,"SP","TB","AA"
1804,"William Bergolla",10,21.3,"SS","CWS","AA"
1805,"Cade Doughty",10,24.9,"2B, 3B, SS","TOR","AA"
1806,"Will Dion",10,25.8,"SP, RP","CLE","AAA"
1807,"Homer Bush Jr.",10,24.3,"OF","TB","AA"
1808,"Keiner Delgado",10,22.1,"2B, 3B","PIT","A+"
1809,"Humberto Cruz",10,19.1,"SP","SD","A"
1810,"Steven Okert",10,34.6,"RP","HOU","MLB"
1811,"Hunter Bigge",10,27.6,"RP","TB","MLB"
1812,"Leonardo Pineda",10,18.8,"OF","TB","ROK"
1813,"Cooper Bowman",10,26,"2B, OF","ATH","AAA"
1814,"MJ Melendez",10,27.2,"OF","FA","MLB"
1815,"Doug Nikhazy",10,26.5,"SP, RP","CLE","MLB"
1816,"Cole Phillips",10,22.7,"SP","MIL","AAA"
1817,"Haydn McGeary",10,26.3,"1B","CHC","AA"
1818,"Landon Sims",10,25.1,"RP","AZ","AA"
1819,"Dameury Pena",10,20.4,"2B","MIN","A"
1820,"Ramon Ramirez",10,20.6,"C","KC","A"
1821,"Dakota Jordan",10,22.7,"OF","SF","A"
1822,"JT Brubaker",10,32.2,"RP","SF","MLB"
1823,"Greg Jones",10,27.9,"OF","FA","MLB"
1824,"Jack Neely",10,25.7,"RP","CHC","AAA"