"Player","Team","Positions","AB","R","HR","RBI","SB","AVG","OBP","H","2B","3B","BB","SO","SLG","OPS"
"Shohei Ohtani","LAD","SP,DH","574","124","47","112","24",".283",".382","162","29","6","92","165",".599",".981"
"Aaron Judge","NYY","LF,CF,RF,DH","532","112","47","116","9",".291",".417","155","26","1","115","164",".613","1.030"
"Bobby Witt Jr.","KC","SS","606","101","28","92","34",".292",".345","177","38","6","49","114",".516",".861"
"Juan Soto","NYM","LF,RF","542","109","37","98","20",".273",".408","148","25","1","124","122",".533",".941"
"Jose Ramirez","CLE","3B,DH","584","92","27","89","33",".273",".343","159","34","3","63","76",".483",".826"
"Corbin Carroll","ARI","CF,RF","563","103","27","85","35",".259",".338","146","29","11","68","135",".493",".831"
"Ronald Acuna Jr.","ATL","RF","543","106","29","81","24",".283",".383","154","26","2","88","132",".505",".888"
"Julio Rodriguez","SEA","CF","605","92","29","92","27",".271",".323","164","28","3","47","146",".477",".801"
"Elly De La Cruz","CIN","SS","582","93","24","82","40",".261",".333","152","31","6","63","174",".458",".791"
"Fernando Tatis Jr.","SD","RF","568","98","28","80","25",".269",".350","153","28","2","70","128",".481",".830"
"Gunnar Henderson","BAL","SS","581","96","26","87","22",".272",".347","158","33","4","67","140",".482",".829"
"Junior Caminero","TB","3B","575","84","36","103","5",".271",".320","156","27","1","42","120",".511",".832"
"Francisco Lindor","NYM","SS","598","98","27","83","25",".259",".326","155","31","1","59","125",".453",".779"
"Kyle Tucker","LAD","RF,DH","532","94","29","92","21",".269",".367","143","28","2","83","93",".497",".865"
"Cal Raleigh","SEA","C,DH","547","87","40","100","8",".231",".325","126","23","0","76","170",".496",".821"
"Vladimir Guerrero Jr.","TOR","1B,DH","581","95","30","97","5",".295",".375","172","33","1","75","91",".514",".889"
"Nick Kurtz","ATH","1B","514","92","36","93","3",".258",".347","133","27","2","69","175",".528",".874"
"Jackson Chourio","MIL","LF,CF,RF","585","87","23","83","24",".269",".316","158","34","4","40","128",".461",".777"
"Jazz Chisholm Jr.","NYY","2B,3B","521","79","28","79","31",".240",".314","125","20","2","56","155",".448",".762"
"Kyle Schwarber","PHI","LF,DH","559","99","42","103","6",".231",".346","129","21","1","99","190",".497",".844"
"Pete Alonso","BAL","1B","582","86","36","103","2",".255",".325","148","29","1","60","151",".496",".821"
"Ketel Marte","ARI","2B,DH","541","89","27","85","5",".274",".355","148","29","2","68","101",".490",".845"
"Yordan Alvarez","HOU","LF,DH","482","83","30","86","3",".293",".383","141","27","1","70","95",".547",".930"
"Trea Turner","PHI","SS","578","88","18","71","27",".280",".328","162","30","4","41","115",".439",".767"
"Matt Olson","ATL","1B","586","90","30","93","1",".251",".342","147","31","1","81","163",".465",".806"
"Bryce Harper","PHI","1B","541","85","27","88","10",".272",".362","147","32","1","77","136",".487",".849"
"Manny Machado","SD","3B","574","78","26","88","9",".263",".323","151","27","0","51","123",".453",".776"
"Zach Neto","LAA","SS","568","87","27","77","28",".253",".306","144","31","1","44","155",".453",".759"
"Rafael Devers","SF","1B,DH","567","88","30","90","2",".252",".347","143","28","1","82","161",".467",".814"
"Pete Crow-Armstrong","CHC","CF","560","82","24","80","33",".249",".292","139","29","5","34","147",".445",".737"
"James Wood","WSH","LF,DH","551","85","26","81","16",".259",".348","143","31","2","75","185",".462",".810"
"Mookie Betts","LAD","SS","555","91","22","82","9",".268",".347","149","30","3","67","76",".453",".801"
"Brent Rooker","ATH","LF,RF,DH","573","87","33","97","6",".264",".335","151","32","2","61","162",".498",".832"
"Roman Anthony","BOS","LF,CF,RF","517","84","18","67","9",".267",".362","138","31","3","77","148",".441",".803"
"Wyatt Langford","TEX","LF,CF","528","82","24","73","21",".252",".340","133","27","2","70","141",".450",".791"
"Josh Naylor","SEA","1B,DH","543","72","21","84","17",".263",".325","143","28","0","50","89",".437",".761"
"Riley Greene","DET","LF,CF,RF,DH","564","81","28","89","4",".260",".326","146","27","3","56","174",".467",".793"
"Freddie Freeman","LAD","1B","559","86","23","88","8",".278",".354","155","35","2","66","120",".470",".823"
"Austin Riley","ATL","3B","572","83","28","87","3",".261",".318","149","29","2","48","163",".471",".789"
"Jarren Duran","BOS","LF,CF","542","81","16","68","23",".260",".322","141","35","7","49","141",".442",".763"
"Cody Bellinger","NYY","LF,CF,RF","556","79","23","82","11",".259",".320","144","26","3","51","94",".444",".765"
"Jackson Merrill","SD","CF","554","77","22","79","8",".269",".318","149","31","4","40","116",".460",".778"
"William Contreras","MIL","C,DH","532","78","19","77","6",".267",".353","142","28","1","71","118",".435",".788"
"Brice Turang","MIL","2B","570","80","14","65","29",".258",".327","147","26","3","59","132",".386",".713"
"CJ Abrams","WSH","SS","552","80","18","65","30",".252",".300","139","30","4","38","117",".418",".718"
"Corey Seager","TEX","SS","475","73","27","78","2",".273",".354","130","24","0","60","101",".500",".854"
"Vinnie Pasquantino","KC","1B,DH","563","74","26","91","1",".261",".324","147","30","2","52","92",".462",".786"
"Bo Bichette","NYM","SS","579","77","18","80","6",".287",".333","166","32","2","40","102",".442",".775"
"Geraldo Perdomo","ARI","SS","551","87","13","64","20",".264",".354","146","28","4","77","85",".399",".753"
"George Springer","TOR","LF,CF,RF,DH","515","83","24","72","14",".259",".335","133","23","2","59","114",".453",".788"
"Seiya Suzuki","CHC","LF,RF,DH","540","78","25","84","8",".255",".335","138","27","3","65","155",".461",".796"
"Maikel Garcia","KC","2B,3B,SS,OF","580","83","12","65","26",".270",".332","157","32","4","54","96",".404",".737"
"Jeremy Pena","HOU","SS","576","81","18","69","18",".272",".317","157","30","2","38","112",".423",".740"
"Byron Buxton","MIN","CF","489","81","28","74","17",".250",".308","122","26","4","42","148",".494",".802"
"Alex Bregman","CHC","3B","568","81","22","79","2",".252",".331","143","28","1","67","92",".423",".754"
"Randy Arozarena","SEA","LF,CF","573","86","22","72","24",".232",".312","133","27","1","66","172",".405",".717"
"Shea Langeliers","ATH","C","475","69","28","78","6",".253",".310","120","25","1","39","119",".491",".800"
"Ben Rice","NYY","C,1B,DH","471","73","26","74","4",".246",".323","116","24","2","54","115",".473",".796"
"Tyler Soderstrom","ATH","1B,LF","516","71","24","81","5",".256",".320","132","27","1","49","134",".456",".776"
"Oneil Cruz","PIT","CF","460","67","21","64","27",".236",".317","109","22","3","55","156",".435",".753"
"Michael Harris II","ATL","CF","520","68","19","70","18",".269",".301","140","25","3","24","108",".445",".746"
"Yandy Diaz","TB","1B,DH","560","78","20","77","2",".286",".353","160","29","1","58","94",".449",".802"
"Nico Hoerner","CHC","2B","558","73","7","56","26",".277",".325","155","27","3","39","58",".375",".700"
"Eugenio Suarez","","3B","531","72","30","86","3",".225",".291","119","23","0","50","180",".440",".732"
"Hunter Goodman","COL","C,DH","518","71","28","86","2",".256",".303","133","29","3","35","147",".486",".788"
"Michael Busch","CHC","1B","500","75","26","76","3",".248",".326","124","25","3","58","142",".464",".791"
"Willy Adames","SF","SS","578","83","27","82","11",".233",".316","135","26","1","71","167",".424",".740"
"Teoscar Hernandez","LAD","LF,RF","529","73","27","85","6",".258",".306","136","27","1","37","155",".468",".774"
"Kyle Stowers","MIA","LF,CF,RF","500","68","24","77","4",".243",".316","121","24","3","53","160",".450",".766"
"Jordan Westburg","BAL","2B,3B","533","79","24","75","6",".260",".308","139","27","3","37","131",".460",".767"
"Jose Altuve","HOU","2B,LF,DH","554","78","20","72","12",".262",".324","145","26","1","51","106",".422",".746"
"Salvador Perez","KC","C,1B,DH","552","64","27","88","0",".251",".290","138","25","0","30","124",".448",".738"
"Trevor Story","BOS","SS","549","73","21","75","23",".249",".295","137","27","1","36","161",".415",".709"
"Will Smith","LAD","C","428","68","19","68","3",".259",".347","111","22","1","58","98",".455",".802"
"Brandon Nimmo","TEX","LF,CF","558","81","21","72","9",".249",".322","139","26","2","60","141",".421",".743"
"Agustin Ramirez","MIA","C,DH","442","58","17","62","12",".245",".301","108","24","1","36","96",".423",".725"
"Christian Yelich","MIL","LF,DH","520","75","20","76","16",".257",".339","134","22","1","65","143",".418",".757"
"Ozzie Albies","ATL","2B","539","70","17","70","11",".250",".307","135","27","2","44","89",".407",".714"
"Drake Baldwin","ATL","C","453","60","18","70","1",".262",".330","118","21","1","46","91",".438",".768"
"Jo Adell","LAA","CF,RF","511","69","31","83","9",".236",".290","121","21","2","39","152",".464",".754"
"Matt Chapman","SF","3B","541","80","24","76","9",".237",".326","128","28","2","71","155",".433",".758"
"Jackson Holliday","BAL","2B,SS","502","75","16","57","15",".249",".326","125","24","2","57","125",".400",".726"
"Luke Keaschall","MIN","2B","471","68","12","56","23",".266",".338","125","26","2","51","92",".400",".738"
"Andy Pages","LAD","LF,CF,RF","524","73","23","77","10",".256",".304","134","28","1","36","128",".447",".751"
"Jacob Wilson","ATH","SS","522","69","11","65","5",".296",".335","154","30","1","31","47",".421",".757"
"Jakob Marsee","MIA","LF,CF","495","70","13","54","33",".231",".321","114","23","4","65","126",".369",".691"
"Taylor Ward","BAL","LF","556","78","27","83","5",".241",".321","134","26","2","65","154",".440",".761"
"Lawrence Butler","ATH","CF,RF","501","71","21","66","18",".243",".310","122","26","2","49","145",".425",".735"
"Luis Robert Jr.","NYM","CF","471","64","20","62","29",".235",".294","111","21","1","39","145",".407",".701"
"Steven Kwan","CLE","LF","574","80","9","56","18",".274",".341","157","27","3","58","59",".378",".719"
"Ian Happ","CHC","LF","555","81","22","77","8",".241",".337","134","30","1","81","152",".418",".755"
"Ceddanne Rafaela","BOS","2B,CF","518","70","16","64","20",".255",".289","132","28","3","25","119",".417",".706"
"Spencer Torkelson","DET","1B","544","76","27","81","2",".235",".318","128","27","1","66","161",".436",".754"
"Jurickson Profar","ATL","LF","534","78","18","70","9",".251",".337","134","26","1","69","101",".406",".742"
"Xavier Edwards","MIA","2B,SS","521","69","4","46","27",".279",".341","145","22","4","49","81",".359",".700"
"Bryan Reynolds","PIT","LF,CF,RF,DH","573","74","19","75","5",".254",".320","145","29","3","56","155",".416",".737"
"Adley Rutschman","BAL","C","493","66","17","65","1",".251",".335","124","25","1","62","90",".413",".748"
"Dansby Swanson","CHC","SS","564","75","20","72","15",".240",".304","135","24","2","52","158",".403",".708"
"Noelvi Marte","CIN","3B,RF","508","67","17","65","16",".253",".301","128","25","2","35","124",".413",".713"
"Willson Contreras","BOS","1B","489","70","22","75","5",".251",".323","123","25","1","52","143",".443",".766"
"Christian Walker","HOU","1B","534","70","26","80","3",".232",".296","124","23","1","48","153",".428",".724"
"Brandon Lowe","PIT","2B","491","69","23","71","4",".243",".306","119","23","1","45","139",".439",".745"
"Ivan Herrera","STL","C,DH","470","68","17","65","8",".270",".347","127","22","1","56","107",".431",".778"
"Jonathan Aranda","TB","1B","485","69","20","72","1",".265",".340","128","24","1","55","138",".439",".779"
"Dylan Crews","WSH","CF,RF","496","65","16","60","24",".238",".294","118","21","4","39","121",".392",".685"
"Alec Burleson","STL","1B,LF,RF,DH","526","66","19","73","6",".270",".322","142","25","1","40","82",".436",".758"
"Ezequiel Tovar","COL","SS","588","78","20","73","9",".264",".301","155","34","4","31","156",".437",".737"
"Yainer Diaz","HOU","C,DH","486","58","19","67","1",".270",".303","131","24","1","22","88",".441",".743"
"Colson Montgomery","CWS","3B,SS","499","64","23","72","3",".218",".287","109","19","2","48","166",".406",".693"
"Marcus Semien","NYM","2B","541","74","19","70","9",".240",".309","130","23","2","54","100",".395",".703"
"Brenton Doyle","COL","CF","518","67","19","65","20",".247",".296","128","24","3","36","153",".409",".706"
"Alejandro Kirk","TOR","C","425","53","14","61","1",".270",".342","115","19","0","47","59",".420",".763"
"Royce Lewis","MIN","3B","461","58","19","65","11",".247",".302","114","23","1","37","107",".425",".727"
"Addison Barger","TOR","3B,LF,RF","425","58","17","60","4",".242",".305","103","25","1","38","113",".431",".736"
"Heliot Ramos","SF","LF,CF,RF","548","73","21","71","6",".254",".312","139","24","2","46","146",".421",".733"
"Gleyber Torres","DET","2B","562","80","18","70","6",".258",".343","145","26","1","72","111",".402",".745"
"Isaac Paredes","HOU","3B","405","58","19","60","1",".244",".331","99","18","1","53","79",".430",".761"
"Chandler Simpson","TB","LF,CF","415","53","1","33","41",".283",".324","118","16","3","25","47",".343",".667"
"Bryson Stott","PHI","2B,SS","520","68","13","61","23",".255",".322","133","24","3","51","97",".386",".708"
"Mark Vientos","NYM","3B,DH","407","51","19","60","1",".243",".298","99","18","1","32","117",".434",".732"
"Masyn Winn","STL","SS","557","73","14","63","12",".253",".304","141","28","2","41","109",".385",".690"
"Jasson Dominguez","NYY","LF,CF","266","39","9","33","14",".246",".319","65","12","1","29","77",".400",".719"
"Luis Garcia","WSH","2B","469","58","15","62","13",".267",".309","125","25","2","28","79",".425",".734"
"Anthony Santander","TOR","LF,RF,DH","496","67","26","76","1",".228",".301","113","23","1","52","127",".432",".733"
"Mike Trout","LAA","CF,RF,DH","450","70","25","69","3",".235",".341","106","17","2","73","162",".453",".794"
"Daylen Lile","WSH","LF,RF","491","64","11","59","14",".265",".314","130","26","8","35","97",".417",".732"
"Kyle Manzardo","CLE","1B,DH","475","61","24","72","2",".237",".313","113","24","1","53","127",".442",".755"
"Wilyer Abreu","BOS","LF,CF,RF","434","62","21","68","8",".247",".326","107","23","1","51","121",".448",".774"
"Kerry Carpenter","DET","LF,RF,DH","433","60","23","69","2",".253",".301","110","19","3","30","112",".472",".774"
"Jorge Polanco","NYM","2B,3B,DH","454","61","21","69","5",".246",".318","112","21","0","48","104",".435",".753"
"Daulton Varsho","TOR","LF,CF","490","69","25","73","8",".225",".286","110","22","3","42","139",".435",".721"
"Matt McLain","CIN","2B","484","67","17","59","16",".235",".308","114","23","2","51","153",".394",".702"
"Kyle Teel","CWS","C","393","53","12","46","6",".247",".331","97","17","1","49","115",".385",".715"
"Andrew Vaughn","MIL","1B","493","59","19","72","1",".249",".305","123","24","1","39","107",".420",".725"
"Sal Stewart","CIN","1B","443","61","18","65","7",".264",".324","117","25","0","40","96",".448",".772"
"Xander Bogaerts","SD","SS","515","66","13","59","16",".263",".324","135","25","1","47","102",".394",".718"
"Alec Bohm","PHI","1B,3B","523","65","14","72","3",".273",".322","143","27","2","38","90",".415",".737"
"Sal Frelick","MIL","LF,CF,RF","464","61","8","49","16",".263",".324","122","21","3","41","73",".374",".697"
"Spencer Steer","CIN","1B,LF","502","66","19","71","10",".237",".314","119","26","2","56","125",".409",".723"
"Trent Grisham","NYY","CF","451","71","24","63","5",".221",".322","100","17","1","68","133",".424",".747"
"Gabriel Moreno","ARI","C","390","52","11","54","4",".277",".346","108","20","1","41","75",".416",".762"
"Brendan Donovan","STL","2B,SS,LF","504","68","12","58","5",".272",".336","137","27","1","49","76",".405",".742"
"Samuel Basallo","BAL","C","369","49","18","54","3",".242",".304","89","18","1","33","100",".439",".743"
"TJ Friedl","CIN","LF,CF","510","71","14","56","12",".244",".323","124","21","3","60","100",".374",".697"
"Nolan Schanuel","LAA","1B","505","70","13","57","6",".263",".347","132","23","1","65","81",".389",".735"
"Luis Arraez","","1B,2B,DH","558","68","6","56","8",".300",".338","167","27","3","32","26",".389",".728"
"Jac Caglianone","KC","1B,RF","451","59","19","64","3",".245",".304","110","20","2","39","111",".425",".729"
"Adolis Garcia","PHI","RF","509","67","24","76","11",".236",".289","120","25","1","38","145",".429",".717"
"Francisco Alvarez","NYM","C","378","51","19","57","1",".234",".306","88","15","1","39","110",".433",".739"
"Ramon Laureano","SD","LF,CF,RF","460","64","19","65","8",".247",".303","114","22","3","37","136",".434",".737"
"Matt Shaw","CHC","3B","212","29","7","25","9",".240",".308","51","9","1","21","47",".394",".703"
"Carlos Correa","HOU","3B,SS","493","64","16","65","0",".264",".330","130","24","1","49","109",".417",".747"
"Caleb Durbin","MIL","2B,3B","494","64","11","57","22",".250",".304","123","27","2","38","62",".377",".681"
"Jake Burger","TEX","1B","497","63","25","74","2",".241",".283","120","23","1","29","134",".446",".729"
"Brett Baty","NYM","2B,3B","391","50","16","52","5",".242",".306","94","15","1","36","108",".409",".715"
"Jordan Beck","COL","LF,RF","478","62","16","60","15",".249",".310","119","24","3","42","150",".410",".720"
"Marcell Ozuna","","DH","433","60","22","66","0",".244",".338","106","19","0","61","123",".440",".778"
"Otto Lopez","MIA","2B,SS","512","62","11","59","15",".264",".315","135","24","2","38","84",".390",".704"
"Munetaka Murakami","CWS","1B,3B","475","70","28","74","9",".220",".326","104","16","1","75","186",".445",".771"
"Mickey Moniak","COL","LF,CF,RF","423","59","19","61","9",".262",".300","111","21","5","23","114",".469",".770"
"Josh Lowe","LAA","LF,CF,RF","424","55","14","51","21",".240",".301","102","22","2","37","127",".401",".703"
"Colton Cowser","BAL","LF,CF,RF","452","64","20","62","14",".230",".305","104","22","1","49","162",".416",".722"
"Tommy Edman","LAD","2B,3B,CF","441","59","13","54","10",".243",".293","107","21","2","31","85",".392",".685"
"Chase DeLauter","CLE","CF,RF","439","56","14","55","3",".245",".315","108","24","1","45","91",".396",".710"
"Jung Hoo Lee","SF","CF","512","67","9","55","9",".268",".325","137","28","6","44","63",".401",".726"
"Konnor Griffin","PIT","SS,CF","327","47","9","42","17",".256",".303","84","15","1","22","92",".394",".698"
"Jose Caballero","NYY","2B,3B,SS,LF,RF","284","40","6","29","32",".222",".301","63","13","1","32","83",".338",".640"
"Nick Castellanos","PHI","RF","287","35","10","39","2",".250",".294","72","14","1","18","73",".409",".703"
"Max Muncy","LAD","3B","367","58","21","61","3",".223",".338","82","15","1","64","108",".439",".777"
"J.T. Realmuto","PHI","C","429","54","14","53","7",".251",".301","108","21","2","31","115",".407",".708"
"Dillon Dingler","DET","C","374","45","12","49","1",".246",".297","92","19","2","27","102",".401",".697"
"Josh Bell","MIN","1B,DH","470","60","19","65","1",".248",".326","117","21","1","54","100",".417",".743"
"Kazuma Okamoto","TOR","1B,3B","464","63","23","72","2",".244",".317","113","23","1","49","103",".447",".764"
"Anthony Volpe","NYY","SS","414","54","13","50","17",".229",".288","95","21","3","34","110",".389",".678"
"Colt Keith","DET","1B,2B,3B,DH","430","61","14","55","3",".259",".326","112","21","3","43","100",".421",".748"
"Miguel Vargas","CWS","1B,3B","496","69","17","64","7",".235",".317","117","28","2","59","107",".403",".720"
"Andres Gimenez","TOR","2B,SS","502","63","11","55","20",".247",".292","124","23","2","32","96",".367",".659"
"Logan O'Hoppe","LAA","C","400","47","18","52","2",".231",".284","92","14","1","30","125",".408",".692"
"Carter Jensen","KC","C","327","44","11","43","4",".241",".316","79","16","2","36","94",".404",".720"
"Brooks Lee","MIN","2B,3B,SS","492","56","14","60","4",".244",".295","120","23","1","35","92",".383",".678"
"Spencer Horwitz","PIT","1B","414","58","11","51","2",".263",".346","109","26","1","53","85",".406",".752"
"J.P. Crawford","SEA","SS","511","64","11","54","5",".240",".329","123","23","1","68","113",".357",".686"
"Jeff McNeil","ATH","2B,LF,CF,RF","475","61","12","57","4",".259",".321","123","26","3","43","68",".403",".724"
"Ha-Seong Kim","ATL","2B,SS","284","38","7","31","12",".241",".322","69","12","1","34","59",".367",".689"
"Kevin McGonigle","DET","SS","216","30","7","28","5",".255",".329","55","12","1","24","36",".416",".744"
"Lars Nootbaar","STL","LF,CF,RF","454","62","15","55","6",".242",".334","110","22","2","62","107",".401",".735"
"Giancarlo Stanton","NYY","LF,RF,DH","394","53","26","71","0",".227",".301","89","14","0","42","139",".468",".769"
"Ryan O'Hearn","PIT","1B,LF,RF,DH","468","62","14","62","3",".264",".332","123","24","2","48","98",".414",".746"
"Chase Meidroth","CWS","2B,3B,SS","467","63","7","42","12",".252",".335","118","20","1","58","82",".345",".679"
"Marcelo Mayer","BOS","2B,3B","439","56","13","55","7",".244",".300","107","26","2","35","114",".401",".701"
"Josh Jung","TEX","3B","473","55","16","60","4",".247",".290","117","22","1","29","129",".404",".694"
"Bryce Eldridge","SF","1B,DH","381","43","16","53","2",".232",".299","89","18","0","36","127",".408",".707"
"Ernie Clement","TOR","1B,2B,3B,SS","521","65","11","58","9",".266",".300","139","29","2","25","58",".388",".688"
"Lenyn Sosa","CWS","1B,2B","378","41","14","47","2",".249",".281","94","16","1","17","90",".406",".687"
"Justin Crawford","PHI","CF","339","46","5","34","19",".269",".323","91","16","2","27","78",".374",".696"
"Brandon Marsh","PHI","LF,CF","408","56","13","52","10",".255",".329","104","20","2","45","130",".410",".739"
"JJ Wetherholt","STL","2B,3B,SS","274","35","6","32","7",".249",".321","68","13","1","29","55",".372",".693"
"Matt Wallner","MIN","LF,RF","400","59","22","62","4",".231",".313","92","21","2","48","142",".455",".768"
"Jake Mangum","PIT","LF,CF,RF","340","37","3","33","14",".271",".306","92","18","2","17","61",".359",".665"
"Austin Wells","NYY","C","401","51","18","58","4",".225",".292","90","19","1","38","112",".414",".706"
"Ryan Jeffers","MIN","C,DH","436","57","16","57","2",".245",".318","107","23","1","46","104",".406",".724"
"Cedric Mullins II","TB","CF","396","53","14","50","19",".227",".298","90","19","2","40","100",".387",".685"
"Evan Carter","TEX","LF,CF,RF","367","53","11","43","18",".239",".319","88","17","3","43","96",".392",".711"
"Cam Smith","HOU","RF","375","48","10","44","6",".240",".306","90","18","2","35","109",".380",".685"
"Jake Cronenworth","SD","1B,2B,SS","503","65","14","60","4",".234",".319","118","25","2","63","115",".377",".695"
"Nolan Arenado","ARI","3B","504","59","16","67","3",".251",".304","127","24","1","38","78",".397",".700"
"Dylan Beavers","BAL","LF,RF","358","50","12","44","12",".241",".330","86","17","2","48","98",".400",".730"
"Moises Ballesteros","CHC","C,DH","314","37","9","40","1",".261",".322","82","15","1","29","62",".400",".723"
"Tyler Stephenson","CIN","C","381","49","14","52","1",".237",".312","90","18","1","42","122",".401",".714"
"Andrew Benintendi","CWS","LF,DH","437","53","15","56","3",".247",".313","108","19","1","41","84",".401",".714"
"Victor Robles","SEA","LF,CF,RF","334","43","6","34","21",".243",".294","81","17","2","24","81",".358",".652"
"Edgar Quero","CWS","C,DH","381","42","9","44","1",".253",".321","97","17","0","38","78",".369",".690"
"Bo Naylor","CLE","C","385","50","16","50","4",".217",".300","83","19","1","46","108",".393",".694"
"Isaac Collins","KC","LF,RF","335","47","8","39","13",".240",".332","80","18","3","46","82",".375",".707"
"Dominic Canzone","SEA","LF,RF","382","47","15","52","4",".242",".299","93","17","1","31","96",".415",".714"
"Sean Murphy","ATL","C","305","40","14","44","0",".220",".300","67","13","0","35","95",".409",".708"
"Parker Meadows","DET","CF","425","57","12","47","13",".228",".301","97","17","6","44","120",".379",".680"
"Connor Norby","MIA","3B","431","55","14","52","9",".244",".299","105","22","2","33","126",".398",".696"
"Jordan Walker","STL","LF,RF","440","51","13","52","9",".236",".294","104","21","1","36","128",".384",".678"
"Jared Triolo","PIT","1B,2B,3B,SS","450","56","9","47","13",".240",".319","108","21","2","52","115",".359",".678"
"Trevor Larnach","MIN","LF,RF,DH","386","51","14","50","4",".247",".324","95","19","1","44","102",".408",".732"
"Jonathan India","KC","2B,3B,LF,DH","460","64","12","52","6",".245",".324","113","25","1","54","102",".381",".705"
"Freddy Fermin","SD","C","396","43","9","42","2",".241",".293","95","15","1","29","86",".353",".645"
"Jordan Lawlar","ARI","3B","161","21","4","18","7",".239",".305","38","9","2","15","47",".387",".692"
"Gavin Sheets","SD","1B,LF,RF,DH","463","53","16","60","2",".239",".302","111","24","1","42","103",".398",".700"
"Carlos Narvaez","BOS","C","364","43","12","45","2",".228",".303","83","18","0","39","108",".373",".676"
"Paul Goldschmidt","","1B","422","55","14","53","5",".254",".317","107","23","1","39","106",".409",".726"
"Mike Yastrzemski","ATL","LF,CF,RF","381","53","15","48","4",".229",".314","87","19","2","48","102",".408",".722"
"Nick Gonzales","PIT","2B,SS","382","46","8","44","2",".259",".306","99","22","3","26","85",".393",".699"
"Triston Casas","BOS","1B","186","26","9","28","0",".240",".333","45","9","0","26","54",".434",".767"
"Victor Scott","STL","CF","445","55","7","39","32",".223",".284","99","17","2","38","110",".319",".603"
"Jhostynxon Garcia","PIT","CF,RF","303","38","9","36","4",".233",".285","71","14","2","22","92",".381",".666"
"Jesus Sanchez","HOU","LF,CF,RF","393","54","15","51","10",".246",".310","97","18","2","37","105",".424",".734"
"Zach McKinstry","DET","3B,SS,LF,RF","374","49","8","38","14",".236",".302","88","17","5","35","91",".374",".676"
"Owen Caissie","MIA","CF,RF","351","43","12","43","4",".236",".312","83","18","1","38","122",".393",".705"
"Carson Benge","NYM","CF","342","46","10","41","8",".235",".306","80","16","2","35","84",".379",".685"
"Carson Kelly","CHC","C","326","41","12","42","2",".235",".308","77","12","1","35","74",".389",".697"
"Jorge Soler","LAA","RF,DH","425","57","21","60","1",".226",".307","96","19","0","50","131",".423",".731"
"Gabriel Arias","CLE","2B,SS","393","44","11","44","8",".228",".276","89","19","2","26","131",".372",".648"
"Harrison Bader","SF","LF,CF,RF","429","55","14","50","13",".245",".295","105","19","1","30","113",".391",".686"
"Sung-Mun Song","SD","2B,3B","301","35","7","33","7",".236",".296","71","14","1","25","58",".359",".654"
"Lane Thomas","KC","CF,RF","353","47","12","43","14",".234",".296","82","17","2","31","101",".394",".691"
"Willi Castro","COL","2B,3B,LF,RF","460","65","12","51","15",".254",".315","117","22","4","41","118",".397",".712"
"Ryan McMahon","NYY","3B","429","53","17","53","3",".213",".302","92","18","1","54","155",".379",".681"
"Joey Ortiz","MIL","SS","485","61","10","53","13",".244",".299","118","24","3","38","92",".370",".669"
"Kristian Campbell","BOS","2B,CF","159","21","4","19","3",".249",".326","40","7","1","18","46",".381",".707"
"Colt Emerson","SEA","SS","254","30","5","28","5",".233",".299","59","13","1","24","62",".351",".650"
"Romy Gonzalez","BOS","1B,2B","330","44","11","45","10",".268",".310","88","18","3","20","88",".433",".743"
"Harry Ford","WSH","C","208","26","5","24","5",".228",".314","47","9","0","26","55",".348",".662"
"Josh Smith","TEX","1B,3B,SS,LF,RF","403","53","9","41","9",".243",".316","98","20","1","43","88",".368",".685"
"Danny Jansen","TEX","C","289","37","12","38","1",".212",".298","61","12","0","36","78",".387",".686"
"Keibert Ruiz","WSH","C","309","31","8","36","2",".246",".283","76","14","0","16","38",".368",".651"
"Patrick Bailey","SF","C","436","48","9","47","2",".224",".284","98","19","2","36","127",".340",".624"
"Austin Hays","","LF,DH","414","55","14","56","5",".247",".298","102","22","2","30","114",".414",".712"
"Miguel Amaya","CHC","C","248","29","7","32","1",".233",".289","58","11","1","19","59",".372",".661"
"Christian Moore","LAA","2B","401","49","13","45","7",".226",".297","91","15","3","40","138",".368",".665"
"Kyle Higashioka","TEX","C,DH","237","26","9","32","2",".223",".271","53","11","1","16","64",".395",".666"
"Ke'Bryan Hayes","CIN","3B","506","56","10","52","11",".243",".294","123","21","2","37","110",".353",".647"
"Rhys Hoskins","","1B","362","47","17","53","3",".222",".308","80","16","1","45","112",".407",".716"
"Kody Clemens","MIN","1B,2B,LF,RF","226","29","10","31","3",".228",".285","52","10","2","18","61",".427",".712"
"Tyler O'Neill","BAL","LF,RF","331","47","18","48","5",".232",".311","77","13","1","38","106",".439",".751"
"Joc Pederson","TEX","DH","341","48","16","50","3",".231",".321","79","14","1","45","90",".428",".749"
"Aidan Miller","PHI","SS","62","8","1","7","3",".238",".321","15","3","0","8","18",".357",".678"
"Brayan Rocchio","CLE","2B,SS","423","51","8","45","12",".236",".297","100","22","2","37","88",".355",".652"
"Victor Caratini","MIN","C,1B,DH","318","38","10","40","1",".251",".310","80","13","0","27","64",".385",".695"
"Joe Mack","MIA","C","219","25","7","27","2",".219",".279","48","9","0","18","68",".364",".643"
"Tyler Freeman","COL","2B,RF,DH","303","43","5","32","14",".275",".334","83","16","2","27","45",".389",".723"
"Brady House","WSH","3B","453","49","12","53","6",".242",".277","109","20","1","22","133",".371",".649"
"Luis Rengifo","","2B,3B,OF","368","44","8","39","11",".252",".301","93","15","2","26","72",".371",".672"
"Ronny Mauricio","NYM","2B,3B","132","16","4","16","4",".235",".285","31","6","0","9","36",".383",".668"
"Jacob Melton","TB","LF,CF","122","15","4","14","7",".221",".279","27","6","0","10","36",".364",".643"
"C.J. Kayfus","CLE","1B,LF,RF","343","44","11","44","4",".238",".308","82","18","3","35","106",".400",".708"
"Pavin Smith","ARI","1B,DH","348","46","11","46","2",".235",".329","82","17","1","49","101",".387",".717"
"Wenceel Perez","DET","CF,RF","420","56","12","49","11",".238",".301","100","19","5","38","100",".394",".695"
"Ben Williamson","SEA","3B","265","30","3","26","5",".241",".294","64","13","1","20","63",".333",".628"
"Dalton Rushing","LAD","C","171","23","7","24","1",".224",".304","38","8","0","20","55",".393",".697"
"Blaze Alexander","ARI","2B,3B","357","44","9","41","7",".231",".298","82","16","2","34","122",".361",".660"
"Denzel Clarke","ATH","CF","304","40","7","32","12",".226",".285","69","15","3","25","111",".364",".649"
"Brooks Baldwin","CWS","2B,3B,SS,LF,CF,RF","308","37","11","37","7",".244",".296","75","14","1","23","79",".402",".698"
"Walker Jenkins","MIN","CF","83","11","2","9","2",".245",".315","20","4","0","8","21",".376",".690"
"Colby Thomas","ATH","LF,CF,RF","219","28","9","30","4",".236",".280","52","12","1","14","73",".417",".697"
"Troy Johnston","COL","1B,LF,RF","245","31","6","31","8",".253",".304","62","12","2","18","56",".397",".701"
"Javier Baez","DET","2B,3B,SS,CF","300","34","8","36","5",".233",".263","70","13","1","12","78",".366",".628"
"Zack Gelof","ATH","2B","142","19","5","17","5",".219",".290","31","7","0","14","51",".386",".675"
"Zach Cole","HOU","LF,CF,RF","289","38","11","36","9",".213",".281","62","13","3","27","125",".386",".667"
"Hyeseong Kim","LAD","2B,SS,CF","148","18","2","15","7",".242",".287","36","6","1","9","39",".345",".632"
"Nathan Lukes","TOR","LF,CF,RF","287","38","6","35","3",".262",".323","75","14","1","26","50",".389",".711"
"Nolan Gorman","STL","2B,3B,DH","432","55","21","61","4",".215",".294","93","17","1","49","158",".400",".694"
"Jimmy Crooks III","STL","C","87","10","2","10","0",".236",".291","21","4","0","7","25",".359",".650"
"Nathaniel Lowe","","1B","350","44","11","46","1",".246",".329","86","15","1","44","96",".388",".718"
"Lourdes Gurriel Jr.","ARI","LF","293","36","10","40","4",".262",".306","77","15","1","19","51",".422",".729"
"Joshua Baez","STL","LF,CF,RF","34","4","1","4","3",".212",".298","7","1","0","4","8",".362",".660"
"Miguel Andujar","","3B,LF,DH","323","37","8","41","2",".271",".312","88","16","1","19","51",".405",".716"
"Carson Williams","TB","SS","337","45","13","43","11",".214",".279","72","13","2","31","128",".381",".661"
"Casey Schmitt","SF","1B,2B,3B","341","40","12","42","2",".239",".291","81","16","1","25","87",".392",".683"
"Jake Meyers","HOU","CF","390","51","9","41","12",".248",".309","97","19","2","34","90",".373",".682"
"Javier Sanoja","MIA","2B,3B,SS,LF,CF","205","24","3","23","5",".259",".304","53","12","2","13","23",".383",".687"
"Matt Vierling","DET","LF,CF","240","30","6","27","3",".243",".303","58","11","1","21","62",".377",".680"
"Nasim Nunez","WSH","2B,SS","286","36","4","25","24",".226",".302","65","10","1","31","75",".307",".609"
"Adael Amador","COL","2B","244","31","6","28","9",".247",".319","60","11","1","26","47",".371",".690"
"Coby Mayo","BAL","1B","81","10","3","10","1",".225",".303","18","4","0","9","25",".401",".704"
"Heriberto Hernandez","MIA","LF,RF,DH","302","39","11","40","3",".225",".304","68","14","1","34","102",".387",".691"
"Austin Martin","MIN","2B,LF,CF","262","35","3","25","11",".252",".335","66","14","1","32","52",".347",".682"
"Ryan Mountcastle","BAL","1B,DH","166","20","6","22","1",".257",".302","43","8","0","11","44",".417",".720"
"Christopher Morel","MIA","LF","282","37","12","37","6",".224",".297","63","12","1","29","94",".405",".703"
"Alek Thomas","ARI","CF","396","49","10","44","8",".242",".285","96","19","3","24","99",".377",".662"
"Tim Tawa","ARI","1B,2B,LF,CF","120","15","4","14","3",".222",".286","27","5","0","11","33",".364",".650"
"Max Muncy","ATH","2B,3B,SS","338","40","10","42","4",".237",".286","80","17","1","23","104",".386",".671"
"Griffin Conine","MIA","LF,RF","308","37","11","39","1",".221",".294","68","13","1","32","112",".375",".669"
"Ryan Waldschmidt","ARI","LF,CF,RF","132","19","3","15","5",".243",".327","32","6","1","17","33",".375",".703"
"Max Clark","DET","CF","43","7","1","5","1",".237",".337","10","1","1","6","10",".391",".728"
"Zac Veen","COL","LF,RF","114","14","3","13","4",".244",".301","28","6","1","9","31",".389",".690"
"Joey Bart","PIT","C","291","34","8","34","1",".238",".313","69","12","1","32","91",".366",".679"
"Travis Bazzana","CLE","2B","180","25","5","20","4",".217",".305","39","8","1","23","58",".343",".648"
"Angel Martinez","CLE","2B,LF,CF","244","29","6","27","5",".233",".283","57","13","1","17","56",".364",".647"
"Brice Matthews","HOU","2B","43","5","1","5","2",".161",".245","7","1","0","5","16",".286",".531"
"Jake Bauers","MIL","1B,LF,RF","259","35","11","36","8",".214",".308","55","11","1","35","90",".395",".703"
"Jeremiah Jackson","BAL","3B,RF","215","25","7","26","4",".238",".276","51","11","1","11","54",".391",".667"
"Max Kepler","","LF,RF","140","18","5","19","1",".236",".305","33","6","0","14","32",".398",".703"
"Charlie Condon","COL","1B,OF","179","22","6","23","1",".240",".301","43","8","1","15","58",".394",".694"
"Daniel Susac","SF","C","83","9","2","9","1",".226",".269","19","3","0","5","26",".347",".616"
"Mauricio Dubon","ATL","2B,3B,SS,LF,CF","307","36","5","32","3",".255",".294","78","15","1","17","41",".362",".656"
"Vaughn Grissom","LAA","2B","277","33","6","29","5",".247",".305","68","13","1","23","61",".364",".669"
"Jeferson Quero","MIL","C","117","13","3","15","1",".230",".289","27","5","0","10","24",".363",".652"
"Garrett Mitchell","MIL","CF,RF","302","41","9","35","12",".234",".308","71","14","3","32","102",".380",".688"
"Thomas Saggese","STL","2B,3B,SS","297","34","7","33","4",".245",".291","73","15","1","20","82",".368",".660"
"Jonah Heim","","C,DH","244","26","7","29","1",".226",".282","55","10","0","19","52",".355",".637"
"Pedro Pages","STL","C","302","32","9","35","1",".226",".278","68","12","1","22","86",".361",".638"
"Dylan Moore","","1B,2B,3B,LF,RF","239","35","9","28","15",".208",".288","50","11","1","27","81",".371",".659"
"Nelson Rada","LAA","CF","73","9","1","6","4",".237",".308","17","3","0","8","19",".304",".612"
"Christian Encarnacion-Strand","CIN","1B,3B","145","18","6","21","1",".240",".281","35","8","0","8","42",".435",".716"
"Edmundo Sosa","PHI","2B,3B,SS","192","24","6","25","2",".250",".283","48","9","1","9","48",".406",".689"
"Max Anderson","DET","2B,3B","28","3","1","3","0",".257",".297","7","1","0","2","5",".399",".696"
"Daniel Schneemann","CLE","2B,3B,SS,CF,RF","192","23","5","21","4",".216",".294","42","9","1","21","57",".353",".647"
"Isiah Kiner-Falefa","","2B,3B,SS","283","31","3","26","9",".251",".287","71","12","1","14","51",".331",".618"
"Joey Loperfido","TOR","LF,CF,RF","49","6","1","6","1",".230",".285","11","2","0","4","15",".367",".652"
"Andruw Monasterio","MIL","1B,2B,3B,SS","149","18","3","16","4",".232",".302","34","7","0","15","41",".350",".651"
"Robert Hassell III","WSH","CF,RF","236","26","5","24","6",".239",".296","56","10","0","19","63",".340",".636"
"Jett Williams","MIL","2B,SS,OF","65","9","2","7","3",".222",".303","15","3","1","8","19",".363",".666"
"Graham Pauley","MIA","3B","304","36","9","36","5",".227",".294","69","15","1","29","70",".373",".667"
"Everson Pereira","CWS","LF,CF","249","33","10","31","5",".221",".285","55","10","1","22","88",".387",".673"
"Cole Young","SEA","2B","330","40","7","35","5",".232",".309","77","16","2","37","64",".354",".663"
"Kyle Karros","COL","3B","240","31","5","26","2",".258",".325","62","14","1","24","64",".383",".708"
"Liam Hicks","MIA","C,1B,DH","172","20","3","19","1",".240",".324","41","7","0","21","31",".336",".660"
"Jonny DeLuca","TB","LF,CF,RF","235","29","6","27","9",".231",".285","54","10","2","18","53",".376",".661"
"Alejandro Osuna","TEX","LF,CF,RF","92","12","2","10","3",".242",".313","22","4","0","9","23",".360",".673"
"Rafael Flores","PIT","C,1B","71","8","2","8","1",".237",".299","17","3","0","6","21",".371",".670"
"Otto Kemp","PHI","1B,3B,LF","183","25","6","25","4",".235",".293","43","9","1","15","58",".393",".685"
"Luke Raley","SEA","1B,LF,CF,RF","216","28","9","28","4",".222",".281","48","9","1","18","73",".392",".673"
"Curtis Mead","CWS","1B,2B,3B","96","11","2","10","2",".242",".294","23","5","0","7","22",".365",".659"
"Luis Matos","SF","LF,CF,RF","216","26","7","26","4",".242",".287","52","11","1","13","34",".399",".686"
"Masataka Yoshida","BOS","LF,DH","190","23","5","25","2",".273",".323","52","10","0","14","28",".409",".732"
"Jake McCarthy","COL","LF,CF,RF","306","42","6","33","14",".267",".318","82","14","4","23","58",".393",".711"
"Emmanuel Rodriguez","MIN","CF","45","7","1","5","1",".220",".348","10","2","0","9","18",".372",".720"
"Blaine Crim","COL","1B","188","23","6","25","1",".249",".314","47","10","1","18","46",".406",".720"
"Ryan Ritter","COL","2B,SS","215","28","6","25","4",".249",".308","54","11","2","18","64",".394",".702"
"Adrian Del Castillo","ARI","C,DH","248","29","8","32","1",".231",".295","57","13","1","23","77",".386",".682"
"Eric Wagaman","MIN","1B,LF","107","13","3","13","1",".250",".299","27","6","0","7","23",".399",".698"
"Nick Fortes","TB","C","272","29","7","29","2",".226",".271","61","11","1","17","53",".345",".615"
"Nick Yorke","PIT","2B","164","19","3","18","4",".252",".306","41","8","1","13","39",".366",".672"
"Kaelen Culpepper","MIN","SS","41","5","1","4","2",".250",".310","10","2","0","4","8",".363",".673"
"Drew Gilbert","SF","CF,RF","233","27","6","26","3",".226",".291","53","11","1","21","53",".360",".651"
"Yanquiel Fernandez","COL","RF,DH","102","12","3","13","0",".249",".296","25","5","0","7","24",".401",".697"
"Henry Davis","PIT","C","239","28","7","27","3",".220",".286","52","11","1","22","69",".362",".647"
"Sebastian Walcott","TEX","3B,SS","75","9","2","8","3",".229",".295","17","3","0","7","20",".338",".633"
"Michael Massey","KC","2B,LF","297","32","9","35","2",".243",".282","72","14","1","16","59",".386",".667"
"Connor Wong","BOS","C","203","24","5","22","3",".239",".291","49","10","1","15","55",".368",".659"
"Taylor Walls","TB","SS","305","38","6","31","15",".213",".292","65","14","2","34","81",".326",".617"
"Kemp Alderman","MIA","RF","16","2","0","2","0",".251",".288","4","1","0","1","4",".346",".634"
"Alan Roden","MIN","LF,RF","166","22","4","19","3",".252",".319","42","9","1","16","33",".378",".697"
"Jacob Young","WSH","CF","292","35","2","25","16",".247",".299","72","12","1","22","59",".322",".621"
"Davis Schneider","TOR","2B,LF","257","36","11","35","4",".217",".315","56","12","1","37","85",".401",".716"
"Ryan Clifford","NYM","1B,OF","37","5","2","5","0",".210",".303","8","2","0","5","13",".382",".685"
"Will Benson","CIN","LF,CF,RF","205","29","9","28","6",".223",".302","46","9","2","24","72",".412",".714"
"Ezequiel Duran","TEX","1B,2B,3B,SS,LF","259","30","5","26","9",".240",".279","62","14","1","14","67",".367",".646"
"Jonathon Long","CHC","1B","16","2","0","2","0",".250",".331","4","1","0","2","5",".351",".682"
"JJ Bleday","CIN","LF,CF,RF","282","38","13","39","2",".228",".311","64","15","1","34","74",".422",".733"
"Jake Fraley","TB","LF,RF","323","41","9","37","12",".242",".311","78","15","1","33","74",".371",".682"
"Gavin Lux","TB","2B,3B,LF,DH","401","51","7","44","3",".254",".331","102","22","2","46","98",".376",".707"
"Darell Hernaiz","ATH","2B,3B,SS","178","21","2","18","4",".255",".313","46","9","1","15","29",".356",".669"
"Yoan Moncada","LAA","3B","334","43","12","43","1",".238",".310","80","17","1","35","101",".408",".718"
"Mike Tauchman","","LF,CF,RF","289","39","7","32","2",".235",".327","68","13","1","40","76",".360",".687"
"Luis Torrens","NYM","C","207","22","5","24","1",".237",".289","49","10","1","15","51",".371",".659"
"Leo De Vries","ATH","SS","32","4","1","4","0",".228",".295","7","2","0","3","9",".391",".685"
"Tyrone Taylor","NYM","LF,CF,RF","274","34","6","29","8",".228",".269","62","14","2","15","68",".366",".635"
"Luisangel Acuna","CWS","2B","378","46","5","33","23",".246",".291","93","17","2","24","76",".339",".630"
"Alex Freeland","LAD","3B,SS","65","9","2","8","2",".213",".303","14","3","0","8","20",".352",".655"
"Leody Taveras","BAL","CF,RF","100","13","3","11","5",".239",".293","24","4","1","8","23",".385",".678"
"Enrique Bradfield Jr.","BAL","CF","44","6","0","4","4",".226",".300","10","2","0","5","11",".321",".621"
"Ryan Ward","LAD","1B,LF,RF","24","3","1","3","0",".215",".277","5","1","0","2","7",".413",".690"
"Jose Trevino","CIN","C","233","25","6","26","1",".237",".282","55","11","0","15","39",".361",".643"
"Ramon Urias","","2B,3B","209","25","7","25","2",".243",".300","51","10","1","17","52",".392",".692"
"Bryan Torres","STL","2B,LF,CF,RF","54","6","1","5","2",".257",".331","14","2","0","6","11",".338",".668"
"Endy Rodriguez","PIT","C,1B","133","16","3","14","1",".234",".298","31","7","1","12","30",".361",".660"
"James Outman","MIN","LF,CF,RF","177","24","7","22","4",".209",".288","37","8","1","20","69",".379",".667"
"Jose Fermin","STL","2B","86","11","2","9","3",".242",".323","21","4","0","10","12",".358",".681"
"Miguel Rojas","LAD","2B,3B,SS","169","21","3","18","3",".250",".301","42","9","0","12","26",".361",".663"
"Nathan Church","STL","LF,CF,RF","112","13","2","12","3",".247",".295","28","5","1","8","18",".353",".648"
"Blake Perkins","MIL","LF,CF,RF","192","24","4","20","8",".220",".299","42","8","1","22","59",".334",".633"
"James McCann","ARI","C","176","20","5","22","1",".236",".280","42","9","0","11","49",".375",".655"
"Richie Palacios","TB","IF,LF","174","23","3","17","7",".230",".313","40","8","0","21","38",".339",".652"
"Cody Freeman","TEX","2B","185","21","5","21","3",".240",".284","44","9","0","11","31",".370",".654"
"Henry Bolte","ATH","RF","29","4","1","3","3",".249",".332","7","2","0","4","10",".357",".689"
"Jerar Encarnacion","SF","RF","166","19","6","22","2",".226",".289","38","6","0","15","59",".377",".666"
"George Valera","CLE","LF,RF,DH","327","41","12","39","2",".223",".302","73","14","1","37","102",".379",".681"
"Ty France","","1B","313","37","8","38","1",".254",".301","80","16","0","21","63",".380",".681"
"Junior Perez","ATH","LF,CF,RF","52","7","2","6","2",".202",".286","11","3","0","6","20",".348",".634"
"Hector Rodriguez","CIN","LF,RF","29","3","1","3","0",".254",".288","7","1","0","1","6",".400",".688"
"Esteury Ruiz","MIA","LF,CF","80","11","2","8","9",".242",".307","19","4","0","8","20",".360",".667"
"Kevin Alcantara","CHC","CF,RF","69","8","2","8","2",".230",".294","16","3","0","6","23",".356",".650"
"Amed Rosario","NYY","2B,3B","235","28","5","26","5",".262",".295","62","11","1","11","45",".384",".680"
"Jesus Rodriguez","SF","C","33","4","0","3","1",".258",".318","8","1","0","3","6",".339",".658"
"David Hamilton","BOS","2B,SS","109","15","3","11","11",".224",".291","24","5","1","10","29",".367",".658"
"Andres Chaparro","WSH","1B","243","28","9","32","1",".230",".295","56","12","0","22","64",".395",".689"
"Heston Kjerstad","BAL","LF,RF","52","6","2","6","0",".229",".281","12","2","0","4","16",".388",".669"
"Esmerlyn Valdez","PIT","1B,LF,RF","20","2","1","2","0",".226",".287","4","1","0","2","7",".379",".665"
"Wilmer Flores","","1B,DH","221","25","8","30","0",".231",".294","51","9","0","20","45",".377",".671"
"Warming Bernabel","WSH","1B","87","9","2","9","1",".259",".294","23","5","0","4","14",".378",".671"
"Thairo Estrada","","2B","293","34","7","34","5",".250",".284","73","14","1","14","61",".380",".664"
"David Fry","CLE","DH","192","23","7","25","2",".222",".286","43","9","1","17","57",".384",".670"
"Michael Toglia","CIN","1B,RF","44","5","2","6","0",".206",".283","9","2","0","5","17",".380",".663"
"Luis Campusano","SD","C,DH","276","34","9","35","1",".240",".310","66","12","1","28","63",".383",".693"
"Tyler Locklear","ARI","1B","236","30","7","31","5",".238",".302","56","11","1","22","72",".386",".689"
"Michael Conforto","","LF","279","36","11","36","1",".224",".306","62","13","0","33","79",".387",".693"
"Tyler Tolbert","KC","LF,CF","90","12","1","8","9",".223",".270","20","4","0","6","25",".316",".586"
"Yohel Pozo","STL","C","146","15","4","18","1",".252",".277","37","8","0","5","20",".388",".665"
"Tommy Pham","","LF,CF,RF","313","39","8","36","6",".240",".311","75","14","1","32","80",".374",".685"
"Tre' Morgan","TB","1B,OF","48","6","1","6","1",".246",".325","12","2","0","6","11",".361",".686"
"Trey Sweeney","DET","SS","83","10","2","9","2",".215",".284","18","3","0","8","25",".343",".627"
"Dane Myers","CIN","LF,CF,RF","221","27","6","26","9",".243",".298","54","9","1","17","61",".369",".667"
"Tyler Fitzgerald","SF","2B","147","18","4","16","4",".223",".274","33","6","1","10","48",".359",".633"
"Gary Sanchez","","C","210","27","11","32","0",".222",".287","47","8","0","19","63",".410",".697"
"Travis d'Arnaud","LAA","C","203","22","7","25","0",".217",".268","44","10","0","14","63",".379",".647"
"Carlos Cortes","ATH","LF,RF","130","16","4","17","1",".235",".299","30","7","0","12","31",".388",".687"
"Gabriel Gonzalez","MIN","LF,RF","49","6","1","6","0",".263",".313","13","3","0","4","10",".402",".716"
"Abimelec Ortiz","WSH","1B,OF","148","18","6","20","1",".226",".289","33","6","1","13","43",".393",".682"
"Ryan Bliss","SEA","2B","107","13","3","11","7",".217",".283","23","5","0","10","31",".344",".627"
"Mitch Garver","","C,DH","195","24","8","25","1",".209",".296","41","7","1","24","63",".371",".667"
"Jack Suwinski","PIT","LF,CF,RF","171","22","7","22","5",".212",".302","36","8","1","22","60",".388",".690"
"Nolan Jones","CLE","LF,CF,RF","103","13","3","12","2",".229",".314","24","5","0","13","34",".369",".683"
"Oswald Peraza","LAA","1B,2B,3B,SS","205","24","6","22","8",".215",".273","44","7","0","16","59",".343",".616"
"Braden Montgomery","CWS","CF","155","17","4","17","2",".224",".282","35","8","1","13","50",".360",".642"
"Nacho Alvarez Jr.","ATL","3B","57","7","1","6","1",".239",".308","14","2","0","6","13",".329",".637"
"Adam Frazier","","2B,LF,RF","280","31","4","27","5",".236",".288","66","12","1","20","56",".329",".617"
"Shay Whitcomb","HOU","2B,3B","31","4","1","4","1",".214",".269","7","1","0","2","10",".387",".657"
"Jace Jung","DET","3B","74","9","2","9","0",".215",".316","16","3","0","11","23",".354",".670"
"Rowdy Tellez","","1B","297","35","14","43","1",".229",".289","68","12","0","25","80",".413",".702"
"Deyvison De Los Santos","MIA","1B,3B","112","13","4","14","2",".236",".278","26","4","0","7","31",".377",".655"
"Zach Dezenzo","HOU","LF,RF","84","11","3","10","1",".231",".292","19","4","0","7","27",".378",".670"
"Hao-Yu Lee","DET","2B,3B","25","3","1","3","1",".233",".296","6","1","0","2","6",".372",".668"
"Payton Eeles","BAL","2B,SS,LF","25","4","1","2","2",".225",".321","6","1","0","4","6",".307",".628"
"Max Schuemann","ATH","2B,3B,SS,OF","94","12","2","9","3",".226",".306","21","4","0","11","24",".341",".647"
"Kyle Isbel","KC","CF","408","52","7","41","9",".238",".288","97","19","4","29","88",".358",".646"
"Edouard Julien","MIN","1B,2B","157","20","4","17","2",".228",".331","36","7","0","24","56",".358",".688"
"Starling Marte","","LF,RF,DH","248","31","6","28","8",".258",".305","64","11","1","17","59",".382",".687"
"Andrew McCutchen","","RF,DH","300","38","10","35","2",".230",".320","69","13","0","39","81",".373",".693"
"Jesse Winker","","LF,RF,DH","250","34","8","31","4",".235",".335","59","11","1","38","64",".378",".713"
"Tyler Austin","CHC","1B,RF","223","30","10","32","1",".243",".314","54","12","1","23","63",".439",".753"
"Carlos Santana","","1B","280","33","9","35","3",".219",".301","61","11","0","33","60",".359",".660"
"Randal Grichuk","","LF,RF,DH","212","27","8","28","1",".245",".292","52","11","1","14","48",".422",".715"
"Dominic Smith","","1B","241","28","6","29","2",".239",".300","58","11","0","21","55",".365",".665"
"Rob Refsnyder","SEA","LF,CF,RF,DH","207","27","7","27","3",".238",".319","49","10","0","24","63",".393",".711"
"Enrique Hernandez","","1B,2B,3B,LF","255","29","8","31","1",".223",".280","57","12","0","20","64",".362",".642"
"Jose Tena","WSH","2B,3B","215","24","4","23","7",".247",".301","53","11","1","17","60",".366",".667"
"Sam Haggerty","TEX","LF,CF","190","26","3","18","11",".241",".305","46","9","2","18","47",".349",".654"
"Braxton Fulford","COL","C","178","23","6","23","3",".242",".299","43","9","1","15","55",".400",".699"
"Alex Verdugo","","LF,RF","210","26","4","22","1",".250",".308","53","11","0","18","36",".365",".673"
"Justyn-Henry Malloy","TB","LF,RF,DH","172","23","5","22","1",".236",".334","41","8","0","25","54",".378",".711"
"Nick Sogard","BOS","1B,2B","196","24","3","19","5",".238",".315","47","10","0","22","48",".333",".647"
"Oswaldo Cabrera","NYY","3B","183","23","5","21","3",".232",".292","42","8","0","16","42",".355",".648"
"Jorge Mateo","ATL","2B,SS,CF","146","19","3","14","13",".222",".267","33","8","1","9","42",".354",".620"
"Johnathan Rodriguez","CLE","RF","166","20","6","21","1",".244",".308","40","7","1","16","52",".401",".709"
"Jon Berti","","2B,3B","164","20","2","14","10",".243",".300","40","6","1","13","39",".330",".630"
"Justin Turner","","1B,3B","188","22","4","22","1",".239",".305","45","9","0","18","41",".358",".663"
"Chris Taylor","","2B,LF,CF,RF","198","24","5","21","5",".214",".283","42","9","1","19","71",".341",".624"
"Derek Hill","CWS","LF,CF","163","20","4","17","6",".233",".281","38","7","1","11","50",".365",".646"
"Hunter Feduccia","TB","C","219","25","5","23","1",".217",".305","48","10","1","28","63",".329",".633"
"Alex Call","LAD","LF,CF,RF","145","21","4","18","3",".236",".326","34","7","0","19","32",".368",".694"
"Jahmai Jones","DET","LF,CF,RF,DH","133","20","4","17","3",".241",".323","32","7","1","16","37",".409",".732"
"Christian Koss","SF","2B,3B,SS","176","21","3","18","4",".239",".278","42","9","1","9","45",".353",".631"
"Jose Iglesias","","2B,3B,SS","187","20","2","19","2",".252",".292","47","9","0","11","34",".338",".630"
"Jeimer Candelario","","1B,3B","196","22","6","24","1",".208",".270","41","10","1","17","60",".358",".628"
"Bryce Teodosio","LAA","CF","187","21","3","17","9",".212",".256","40","8","2","11","63",".309",".565"
"Andy Ibanez","LAD","2B,3B","149","18","4","18","2",".239",".293","36","8","0","11","32",".375",".667"
"Jake Rogers","DET","C","170","21","6","21","1",".211",".277","36","8","1","16","55",".373",".650"
"Austin Slater","","LF,CF,RF","150","20","4","17","2",".231",".310","35","6","1","17","50",".362",".672"
"Gio Urshela","","3B","160","16","3","18","1",".254",".300","41","8","1","10","33",".361",".660"
"Bryce Johnson","SD","LF,CF,RF","176","21","2","16","7",".225",".290","39","7","1","16","52",".311",".600"
"Brett Harris","ATH","3B","151","19","4","17","2",".229",".298","35","7","0","15","36",".350",".648"
"MJ Melendez","","LF","141","17","5","18","3",".214",".282","30","7","1","13","44",".391",".673"
"Santiago Espinal","","2B,3B,LF,RF","169","18","2","16","2",".250",".301","42","8","0","12","25",".335",".636"
"Jarred Kelenic","CWS","LF,CF,RF","158","18","5","17","3",".218",".280","34","7","1","14","51",".369",".650"
"Kyle Farmer","","1B,2B,3B,SS,DH","161","17","4","18","1",".230",".279","37","7","0","11","39",".357",".635"
"Reese McGuire","MIL","C","154","17","4","18","1",".226",".275","35","6","0","10","38",".354",".630"
"J.C. Escarra","NYY","C","157","19","4","17","1",".223",".295","35","8","1","16","33",".350",".644"
"Mark Canha","","LF,RF","151","18","3","16","2",".234",".305","35","7","0","15","35",".347",".652"
"Will Wagner","SD","1B,3B","155","18","2","16","1",".246",".318","38","8","0","16","30",".349",".666"
"Christian Vazquez","","C","184","18","4","18","2",".224",".275","41","7","0","13","39",".320",".595"
"Luis Urias","","2B,3B","145","17","4","17","1",".226",".303","33","6","0","16","31",".351",".653"
"Leo Rivas","SEA","2B,SS","137","19","2","13","7",".215",".325","29","5","0","22","40",".300",".626"
"Austin Wynns","ATH","C","134","15","4","17","1",".229",".279","31","6","0","9","41",".363",".643"
"John Rave","KC","LF,CF,RF","130","17","3","14","4",".224",".296","29","6","1","13","38",".356",".652"
"Michael Helman","TEX","CF","127","16","4","14","4",".213",".263","27","6","0","8","32",".349",".611"
"Brendan Rodgers","","2B","149","17","4","16","0",".230",".284","34","7","0","11","44",".352",".636"
"Nate Eaton","BOS","3B,CF,RF","110","13","3","12","5",".231",".280","25","5","1","7","30",".361",".640"
"Myles Straw","TOR","LF,CF,RF","129","16","1","11","6",".232",".292","30","6","1","11","28",".312",".604"
"Ryan Vilade","TB","LF,RF","118","14","3","13","2",".235",".297","28","6","1","10","32",".357",".654"
"Elias Diaz","","C","147","16","4","17","0",".219",".272","32","6","0","11","39",".344",".616"
"Donovan Solano","","1B","138","12","3","16","0",".246",".299","34","5","1","10","35",".349",".648"
"Johan Rojas","PHI","CF","102","13","1","10","6",".242",".285","25","4","1","6","24",".340",".625"
"Tirso Ornelas","SD","LF","119","14","3","14","1",".234",".298","28","6","0","11","27",".360",".658"
"Orlando Arcia","MIN","1B,2B,3B,SS","144","15","4","15","0",".224",".276","32","6","0","10","33",".351",".627"
"Rafael Marchan","PHI","C","133","15","3","14","1",".229",".293","30","6","0","12","25",".329",".622"
"Chas McCormick","CHC","LF,CF,RF","103","13","3","12","3",".224",".289","23","4","0","9","31",".356",".645"
"Eli White","ATL","LF,CF,RF","89","12","3","10","3",".235",".286","21","3","1","6","26",".376",".662"
"Jose Miranda","SD","1B,3B","126","13","3","14","1",".231",".275","29","6","0","8","25",".353",".628"
"Tyler Heineman","TOR","C","120","15","2","13","2",".221",".288","27","5","1","11","28",".325",".614"
"Nick Loftin","KC","2B,3B,LF","110","13","2","12","2",".239",".313","26","5","0","12","20",".353",".666"
"DJ LeMahieu","","1B,2B,3B","121","14","2","12","1",".240",".314","29","4","0","13","28",".336",".650"
"Jorge Barrosa","ARI","LF,CF","119","14","2","12","2",".226",".290","27","6","1","11","30",".334",".624"
"Luke Maile","","C","118","13","3","12","2",".216",".293","26","5","0","13","38",".325",".619"
"Dylan Carlson","CHC","LF,CF,RF","105","12","3","12","2",".224",".303","23","5","0","12","28",".354",".656"
"Kris Bryant","COL","DH","103","12","3","12","0",".237",".301","24","5","0","9","30",".366",".667"
"Tom Murphy","","C","86","11","3","11","1",".229",".295","20","4","0","8","28",".399",".693"
"Cesar Salazar","HOU","C","131","15","3","14","1",".205",".276","27","5","0","13","31",".315",".591"
"Nick Allen","HOU","SS","131","14","1","11","3",".227",".285","30","5","0","11","29",".295",".580"
"Jason Heyward","","LF,RF","85","12","3","12","1",".218",".284","18","4","1","8","20",".373",".657"
"Drew Millas","WSH","C","94","10","2","10","2",".242",".300","23","4","1","8","18",".344",".644"
"LaMonte Wade Jr.","CWS","1B,RF","93","12","3","10","1",".221",".326","21","4","0","14","25",".362",".688"
"Joey Wiemer","WSH","LF,CF,RF","110","12","3","12","2",".206",".277","23","5","0","11","36",".338",".616"
"Leo Jimenez","TOR","2B","94","12","2","10","1",".233",".296","22","4","0","8","23",".362",".658"
"Paul DeJong","NYY","2B,3B,SS","92","10","4","12","1",".206",".253","19","3","0","6","32",".365",".618"
"Wade Meckler","LAA","CF","95","11","1","9","2",".245",".317","23","4","0","10","22",".333",".650"
"Tyler Callihan","CIN","2B,LF","86","10","2","9","3",".226",".287","19","4","0","7","27",".358",".645"
"Juan Brito","CLE","1B,2B","86","10","2","10","1",".229",".306","20","5","0","10","19",".358",".664"
"Tanner Murray","CWS","2B,3B,SS,LF,RF","94","10","2","10","1",".232",".269","22","5","0","5","24",".345",".614"
"Korey Lee","CWS","C","95","10","3","10","1",".219",".261","21","4","0","5","27",".350",".611"
"Andrew Knizner","SEA","C","106","12","2","11","1",".216",".275","23","4","0","9","25",".317",".592"
"Dairon Blanco","KC","LF,CF,RF","49","7","1","5","5",".233",".282","12","2","0","3","13",".345",".627"
"Maximo Acosta","MIA","3B,SS","67","8","2","7","3",".229",".285","15","3","0","5","18",".340",".625"
"Manuel Margot","","LF,CF,RF","77","9","1","8","1",".242",".290","19","3","0","5","15",".334",".624"
"Will Brennan","","LF,CF,RF","76","8","1","7","1",".262",".300","20","4","0","4","11",".363",".663"
"Josh Rojas","KC","2B,3B","87","10","1","8","2",".227",".298","20","4","0","9","22",".330",".629"
"Riley Adams","WSH","C","97","10","3","11","0",".210",".267","20","4","0","7","36",".344",".611"
"Alexander Canario","","LF,CF,RF","73","8","3","8","1",".216",".283","16","3","0","7","27",".361",".644"
"Orelvis Martinez","WSH","2B,3B","91","10","3","11","0",".202",".264","18","4","0","8","28",".364",".628"
"Brandon Lockridge","MIL","LF,CF,RF","58","7","1","5","4",".234",".297","14","3","0","5","17",".319",".615"
"Matthew Lugo","LAA","LF,CF","71","8","2","8","1",".220",".261","16","4","0","4","24",".379",".640"
"DaShawn Keirsey","ATL","LF,CF,RF","52","6","1","5","6",".207",".268","11","2","1","4","15",".325",".593"
"Kameron Misner","KC","CF,RF","61","8","2","7","3",".203",".293","12","3","0","8","22",".333",".626"
"Jacob Stallings","","C","124","12","2","12","0",".199",".264","25","5","0","11","38",".298",".562"
"Spencer Jones","NYY","CF","52","7","2","7","2",".214",".281","11","2","0","5","23",".402",".683"
"Hunter Renfroe","","RF","79","8","3","8","0",".219",".282","17","4","0","7","19",".371",".653"
"Mason McCoy","SD","SS","89","10","1","8","3",".200",".261","18","4","0","7","30",".287",".548"
"Ildemaro Vargas","ARI","1B,2B","71","7","1","8","1",".240",".284","17","3","0","4","9",".336",".619"
"Austin Barnes","","C","101","11","1","8","1",".216",".278","22","4","0","9","26",".296",".575"
"Austin Hedges","CLE","C","120","12","3","11","1",".186",".251","22","4","0","10","35",".292",".543"
"Kyren Paris","LAA","2B,CF","55","7","2","6","3",".199",".277","11","2","0","6","21",".339",".617"
"Rece Hinds","CIN","RF","43","6","2","6","1",".231",".279","10","2","0","3","16",".410",".689"
"Bryan De La Cruz","PHI","LF,RF","50","6","2","6","0",".231",".279","12","2","0","3","15",".380",".658"
"Travis Jankowski","","LF,CF,RF","60","7","1","5","3",".226",".296","13","2","0","6","13",".291",".586"
"Samad Taylor","SD","2B,RF","46","6","1","5","3",".226",".297","10","2","0","5","13",".323",".621"
"Enmanuel Valdez","PIT","1B","47","6","2","6","0",".230",".301","11","2","0","5","12",".392",".693"
"Dominic Keegan","TB","C","58","6","2","7","0",".228",".287","13","3","0","5","18",".370",".657"
"Mickey Gasper","WSH","IF,C","57","7","1","6","1",".228",".305","13","3","0","6","12",".347",".652"
"Bryan Ramos","CWS","3B","52","6","2","6","1",".208",".266","11","2","0","4","14",".334",".600"
"Grant McCray","SF","LF,CF,RF","62","7","1","6","2",".211",".272","13","3","0","5","22",".334",".606"
"Drew Waters","KC","LF,CF,RF","60","7","1","5","2",".224",".288","13","3","1","5","19",".346",".633"
"Seth Brown","NYY","1B,LF,CF,RF","52","5","2","6","0",".232",".289","12","2","0","4","15",".390",".679"
"Gustavo Campero","LAA","RF","44","5","1","5","2",".236",".291","10","2","0","3","10",".373",".664"
"Luke Williams","ATL","2B,SS","40","5","1","4","5",".184",".249","7","2","0","3","12",".275",".525"
"Jhonkensy Noel","BAL","1B,RF","45","5","2","6","0",".218",".265","10","2","0","3","14",".415",".680"
"Nick Madrigal","LAA","2B,3B","59","6","0","5","1",".262",".303","15","3","0","4","7",".325",".628"
"Abraham Toro","KC","1B,2B,3B","52","6","1","5","1",".238",".298","12","3","0","4","11",".371",".669"
"Ji Hwan Bae","NYM","CF,RF","44","6","0","4","3",".233",".309","10","2","0","5","13",".329",".638"
"Joey Meneses","ATH","1B","55","6","1","6","0",".236",".281","13","3","0","3","12",".356",".637"
"Alex Jackson","MIN","C","52","6","2","6","0",".205",".261","11","3","0","4","18",".364",".625"
"Yohandy Morales","WSH","1B,3B","49","6","1","5","0",".234",".292","12","2","0","4","16",".344",".635"
"Brett Wisely","TB","2B","55","6","1","6","1",".226",".290","12","3","0","5","14",".335",".625"
"Akil Baddoo","MIL","LF","36","5","1","4","2",".211",".295","8","2","0","4","12",".384",".678"
"Anthony Seigler","MIL","3B","45","6","1","5","2",".211",".312","9","2","0","7","12",".337",".649"
"Ryan Kreidler","MIN","CF","49","6","1","5","2",".195",".278","10","2","0","6","17",".298",".576"
"Taylor Trammell","HOU","LF,CF","42","6","1","5","1",".208",".303","9","2","0","6","15",".367",".670"
"Corey Julks","DET","LF,RF","42","5","1","4","1",".235",".305","10","2","0","4","11",".357",".662"
"Tristan Peters","CWS","CF","51","6","1","5","1",".222",".293","11","2","0","5","12",".341",".633"
"Bob Seymour","","1B","32","4","2","5","0",".216",".279","7","1","0","3","10",".410",".689"
"Gabriel Rincones","PHI","LF,RF","32","4","1","4","2",".218",".311","7","1","0","4","10",".386",".697"
"Oscar Gonzalez","","LF","43","4","1","5","1",".227",".256","10","2","0","2","10",".348",".604"
"Miles Mastrobuoni","SEA","2B,3B,LF,RF","53","6","0","4","2",".228",".308","12","3","0","6","11",".294",".602"
"Blake Dunn","CIN","LF,RF","40","5","1","4","1",".229",".300","9","2","0","4","13",".344",".644"
"Yuli Gurriel","","1B,DH","63","6","1","6","1",".211",".288","13","3","1","7","12",".328",".616"
"Dustin Harris","CWS","LF","35","4","1","3","2",".227",".292","8","2","0","3","9",".340",".632"
"Tommy Troy","ARI","2B","38","4","1","4","1",".234",".303","9","2","0","4","9",".351",".653"
"Andrew Pinckney","WSH","CF","38","4","1","4","1",".223",".272","9","1","0","3","13",".341",".613"
"Garrett Hampson","CIN","2B,LF,CF","54","6","0","4","2",".218",".284","12","2","0","5","16",".283",".567"
"Michael Arroyo","SEA","2B","41","5","1","4","1",".221",".294","9","2","0","4","11",".338",".632"
"Sterlin Thompson","COL","1B,LF","32","4","1","4","0",".253",".312","8","2","0","3","8",".415",".726"
"Billy Cook","PIT","CF","42","5","1","4","1",".215",".268","9","2","0","3","13",".338",".606"
"Weston Wilson","BAL","2B,LF","32","4","1","4","1",".207",".286","7","1","0","4","10",".376",".663"
"Jonatan Clase","TOR","LF,CF","33","4","1","3","2",".221",".293","7","2","0","3","10",".334",".626"
"Liover Peguero","PHI","1B,2B,SS","40","4","1","4","1",".223",".275","9","2","0","3","10",".345",".621"
"Aaron Schunk","ATL","2B,3B,SS","40","4","1","4","1",".223",".276","9","2","0","3","10",".336",".612"
"Jared Young","NYM","1B,LF,DH","29","4","1","4","0",".227",".300","7","1","0","3","8",".391",".691"
"Tim Anderson","","2B,SS","54","5","0","4","1",".236",".270","13","2","0","3","15",".290",".561"
"Justin Foscue","TEX","1B","43","5","1","5","0",".219",".290","9","2","0","4","9",".363",".653"
"Jose Siri","","CF","28","4","1","3","1",".202",".256","6","1","0","2","11",".372",".628"
"Will Wilson","","2B,3B,SS","55","5","1","5","1",".199",".263","11","2","0","5","16",".309",".572"
"Eloy Jimenez","TOR","RF,DH","39","4","1","4","0",".242",".299","9","2","0","3","9",".363",".662"
"Alika Williams","PIT","2B,SS","43","4","1","4","0",".227",".274","10","2","0","3","10",".319",".593"
"Estevan Florial","","LF,CF,RF","22","3","1","3","1",".217",".289","5","1","0","2","7",".362",".651"
"Logan Davidson","TB","1B,3B","26","3","1","3","1",".220",".315","6","1","0","4","9",".320",".635"
"Elehuris Montero","","1B,3B","29","3","1","4","0",".232",".285","7","1","0","2","8",".385",".670"
"Raynel Delgado","TB","2B,SS","27","3","1","2","2",".212",".293","6","1","0","3","6",".308",".601"
"Ben Rortvedt","CIN","C","57","6","1","6","0",".202",".276","11","2","0","6","17",".305",".581"
"Kevin Newman","KC","1B,2B,3B,SS","36","4","0","3","1",".239",".282","9","2","0","2","7",".321",".603"
"Nicky Lopez","COL","3B","36","4","0","3","1",".249",".310","9","1","0","3","6",".307",".616"
"Stuart Fairchild","CLE","LF,CF,RF","29","4","1","3","1",".227",".289","6","2","0","3","9",".356",".645"
"Rhylan Thomas","SEA","LF,RF","30","3","0","3","1",".254",".298","8","1","0","2","3",".321",".619"
"Juan Yepez","","1B","30","3","1","4","0",".236",".290","7","1","0","2","6",".373",".663"
"Denzer Guzman","LAA","3B,SS","40","4","1","4","1",".207",".275","8","2","0","4","13",".342",".617"
"Nelson Velazquez","STL","LF,RF,DH","29","4","1","4","0",".218",".287","6","1","0","3","8",".396",".682"
"T.J. Rumfield","COL","1B","33","4","1","4","0",".225",".286","7","2","0","3","8",".352",".639"
"Nick Morabito","NYM","CF","27","3","0","3","1",".241",".301","7","1","0","2","8",".310",".612"
"Tristan Gray","MIN","2B,SS","37","4","1","4","0",".208",".260","8","2","0","3","12",".380",".641"
"Nick Maton","CWS","3B,DH","36","4","1","5","0",".196",".305","7","1","0","6","11",".325",".630"
"Jared Serna","MIA","2B,SS","34","4","0","3","1",".223",".280","8","1","0","3","7",".300",".580"
"Jake Cave","","1B,LF,CF,RF","25","3","1","3","0",".239",".288","6","1","0","2","7",".377",".665"
"Tyler Nevin","","1B,3B,LF,RF","25","3","1","3","0",".241",".304","6","1","0","2","5",".389",".693"
"Luken Baker","ARI","1B,DH","30","4","1","4","0",".214",".294","6","1","0","3","9",".373",".666"
"A.J. Vukovich","ARI","3B,LF","29","3","1","3","0",".234",".286","7","1","0","2","9",".380",".666"
"Jonah Bride","TEX","1B,3B","34","4","1","4","0",".215",".318","7","1","0","5","10",".322",".640"
"RJ Schreck","TOR","RF","25","3","1","3","1",".209",".333","5","1","0","5","7",".374",".707"
"Will Robertson","BAL","LF,CF,RF","28","3","1","4","0",".211",".292","6","1","0","3","11",".365",".657"
"Carter Kieboom","CLE","1B,2B,3B","29","3","1","3","1",".215",".279","6","1","0","3","7",".305",".584"
"Willie Calhoun","","RF,DH","22","3","1","3","0",".233",".303","5","1","0","2","4",".358",".661"
"Edward Olivares","TB","LF,RF","22","3","1","3","0",".243",".296","5","1","0","2","5",".390",".685"
"Victor Mesa Jr.","MIA","RF","30","3","1","3","0",".237",".286","7","1","0","2","7",".362",".648"
"Matt Koperniak","STL","LF,RF","30","3","1","3","0",".224",".277","7","1","0","2","7",".345",".622"
"Brennan Milone","ATH","1B","20","3","1","2","0",".221",".294","5","1","0","2","6",".352",".646"
"Matt Mervis","WSH","1B","29","3","1","4","0",".208",".267","6","1","0","2","10",".414",".681"
"Braden Shewmake","NYY","2B,3B,SS","30","3","1","3","1",".202",".262","6","1","0","2","7",".303",".565"
"Pedro Leon","PHI","RF","30","3","1","3","1",".205",".269","6","1","0","3","10",".356",".626"
"Carson McCusker","","LF,RF","30","3","1","3","1",".208",".274","6","2","0","3","11",".375",".648"
"Vidal Brujan","NYM","3B,SS,OF","36","4","0","3","1",".222",".283","8","2","0","3","8",".310",".593"
"Cesar Prieto","STL","2B,3B,SS","39","4","0","4","0",".243",".277","9","2","0","2","6",".332",".609"
"J.D. Martinez","","DH","27","3","1","3","0",".228",".295","6","1","0","3","9",".375",".670"
"Tim Elko","CWS","1B","27","3","1","3","0",".228",".270","6","1","0","2","9",".346",".616"
"Ronny Simon","PIT","2B,LF","26","3","0","3","1",".239",".307","6","1","0","3","6",".344",".651"
"Joshua Palacios","","LF,CF,RF","21","3","1","2","0",".235",".297","5","1","0","2","5",".376",".673"
"Eduardo Valencia","DET","C,1B,DH","21","2","1","3","0",".236",".285","5","1","0","1","5",".419",".704"
"Marco Luciano","NYY","2B,SS","30","4","1","3","0",".193",".283","6","1","0","4","11",".302",".584"
"Kenedy Corona","NYY","LF,CF,RF","28","3","1","2","2",".193",".275","5","1","0","3","8",".290",".566"
"Cam Devanney","","3B","31","3","1","3","1",".208",".286","6","2","0","3","9",".324",".609"
"Jorbit Vivas","NYY","2B,3B","33","4","0","3","1",".224",".302","7","2","0","4","6",".315",".617"
"Carlos Rodriguez","SD","LF","32","3","0","2","1",".248",".320","8","1","0","3","4",".291",".611"
"Oscar Colas","CWS","CF,RF","24","3","1","3","0",".215",".272","5","1","0","2","7",".339",".611"
"Blake Sabol","TB","C","24","3","1","3","0",".211",".275","5","1","0","2","8",".341",".616"
"Jordyn Adams","BAL","CF,RF","25","3","1","2","1",".205",".260","5","1","0","2","9",".323",".583"
"Steward Berroa","MIL","CF,RF","20","3","0","2","2",".198",".293","4","1","0","3","7",".283",".576"
"Luis Vazquez","BAL","3B,SS","29","3","1","2","1",".217",".285","6","1","0","3","7",".318",".603"
"Justin Dean","CHC","CF","28","3","0","2","2",".206",".276","6","1","0","3","10",".256",".531"
"Connor Joe","CIN","1B,LF,RF","22","3","1","2","0",".224",".307","5","1","0","3","6",".351",".658"
"Andre Lipcius","","3B","22","3","1","2","0",".220",".288","5","1","0","2","6",".349",".638"
"Jordan Diaz","","1B,2B,3B","20","2","1","2","0",".240",".286","5","1","0","1","4",".394",".680"
"Tyler Wade","TEX","2B,LF,CF","38","4","0","3","1",".213",".287","8","1","0","4","10",".270",".557"
"Scott Kingery","CHC","2B,SS","26","3","1","2","1",".200",".250","5","1","0","2","9",".315",".565"
"Will Banfield","CIN","C","29","3","1","3","0",".200",".254","6","1","0","2","9",".293",".547"
"Tyler Black","MIL","1B","24","3","0","3","1",".209",".319","5","1","0","4","7",".320",".639"
"Jesus Bastidas","MIA","SS","23","3","1","2","0",".208",".264","5","1","0","2","7",".338",".602"
"Jorge Alfaro","KC","C","25","3","0","3","0",".223",".248","6","1","0","1","9",".337",".584"
"Brandon Drury","","1B,2B,3B","21","2","1","2","0",".219",".275","5","1","0","2","6",".350",".626"
"Drew Avans","COL","LF,CF,RF","16","2","0","2","1",".240",".308","4","1","0","2","4",".338",".647"
"Michael Stefanic","ATH","2B","23","3","0","2","0",".259",".338","6","1","0","3","4",".342",".680"
"James Triantos","CHC","2B,LF,CF","20","2","0","2","1",".253",".288","5","1","0","1","3",".320",".608"
"Ryan Fitzgerald","LAD","2B,SS","30","3","1","3","0",".209",".277","6","1","0","3","8",".336",".613"
"Chadwick Tromp","ATL","C","30","3","1","3","0",".208",".265","6","1","0","2","9",".334",".598"
"Garrett Stubbs","PHI","C,DH","36","4","0","3","0",".213",".278","8","1","0","3","10",".297",".575"
"Eguy Rosario","","3B","21","2","1","2","1",".212",".276","4","1","0","2","7",".360",".636"
"Gage Workman","DET","3B,SS,LF,CF,RF","21","2","1","2","1",".199",".265","4","1","0","2","8",".337",".602"
"Ryan Noda","BAL","1B","29","4","1","3","0",".172",".313","5","1","0","6","13",".331",".644"
"Vimael Machin","COL","3B","26","3","0","3","0",".243",".301","6","1","0","2","6",".347",".648"
"Edwin Arroyo","CIN","2B,SS","26","3","0","3","0",".238",".286","6","2","0","2","6",".349",".635"
"Luca Tresh","KC","C","18","2","1","2","0",".207",".263","4","1","0","1","5",".341",".604"
"Patrick Wisdom","SEA","1B,3B,OF","23","3","1","3","0",".172",".248","4","1","0","2","9",".392",".640"
"Niko Kavadas","LAA","1B,LF,RF","27","3","1","3","0",".198",".289","5","1","0","3","12",".375",".664"
"Connor Kaiser","KC","2B,SS","28","3","1","2","1",".185",".289","5","1","0","4","10",".278",".568"
"David Villar","","1B","21","3","1","2","0",".212",".290","4","1","0","2","7",".357",".648"
"Nick Gordon","KC","2B,LF,CF","23","2","1","2","0",".226",".264","5","1","0","1","6",".351",".615"
"Brian Navarreto","MIA","C","28","3","1","3","0",".186",".242","5","1","0","2","7",".280",".522"
"Alex Ramirez","","RF","22","2","0","2","1",".211",".273","5","1","0","2","6",".309",".582"
"Cooper Kinney","TB","2B,3B","25","2","0","3","0",".231",".277","6","1","0","2","7",".346",".623"
"Brett Sullivan","COL","C","15","2","0","2","0",".235",".289","4","1","0","1","3",".342",".631"
"Jon Singleton","","1B,DH","22","3","1","2","0",".198",".295","4","1","0","3","7",".344",".638"
"Jud Fabian","BAL","LF,CF","22","3","1","2","0",".183",".268","4","1","0","3","9",".317",".585"
"Jhonny Pereda","SEA","C","19","2","0","2","0",".237",".314","5","1","0","2","5",".321",".635"
"Justice Bigbie","DET","LF,RF","19","2","0","2","0",".239",".300","5","1","0","2","4",".342",".642"
"Mitch Haniger","","RF","20","2","1","2","0",".212",".279","4","1","0","2","7",".358",".637"
"Yunior Severino","MIN","1B,2B,3B","20","2","1","2","0",".214",".285","4","1","0","2","7",".358",".643"
"Bobby Dalbec","","1B,3B","20","2","1","2","0",".194",".261","4","1","0","2","9",".341",".601"
"Zach DeLoach","","LF,RF","22","3","0","2","0",".213",".285","5","1","0","2","8",".334",".619"
"Taylor Young","LAD","2B","13","2","0","1","1",".205",".284","3","1","0","1","4",".285",".568"
"Eric Haase","SF","C","16","2","0","2","0",".219",".274","4","0","0","1","6",".281",".555"
"Kahlil Watson","CLE","LF,CF,RF","21","3","0","3","0",".216",".276","4","1","0","2","7",".332",".608"
"Dominic Fletcher","PIT","CF,RF","20","2","0","2","0",".234",".277","5","1","0","1","5",".317",".594"
"P.J. Higgins","CIN","C,1B","20","2","0","2","0",".222",".272","5","1","0","1","6",".322",".594"
"Michael Siani","NYY","CF","22","3","0","2","1",".192",".274","4","1","0","2","7",".273",".548"
"Jose Rojas","NYM","2B,3B,RF","17","2","1","2","0",".201",".266","3","1","0","2","5",".367",".632"
"Nick Pratto","","1B","21","2","1","2","0",".198",".269","4","1","0","2","8",".335",".604"
"Luke Ritter","","3B","21","2","1","2","0",".188",".264","4","1","0","2","8",".309",".573"
"Tucker Flint","LAA","RF","21","2","1","2","0",".195",".273","4","1","0","2","9",".332",".605"
"Christian Franklin","WSH","LF,CF,RF","23","3","0","2","0",".228",".312","5","1","0","3","7",".308",".620"
"Kristian Robinson","ARI","CF,RF","20","2","0","2","1",".211",".290","4","1","0","2","8",".307",".597"
"Jacob Hurtubise","","LF","20","2","0","2","1",".214",".305","4","1","0","3","5",".299",".604"
"Matthew Batten","","1B","24","2","0","2","1",".201",".263","5","1","0","2","7",".292",".555"
"Trey Lipscomb","WSH","3B","24","2","0","2","1",".230",".271","5","1","0","1","5",".298",".570"
"Trey Mancini","LAA","1B,LF,RF","17","2","0","2","0",".232",".286","4","1","0","1","5",".339",".625"
"Rodolfo Duran","SD","C","17","2","0","2","0",".231",".279","4","1","0","1","4",".349",".627"
"Ben Cowles","CHC","2B,3B,SS","17","2","0","2","0",".221",".276","4","1","0","1","5",".320",".597"
"Harold Ramirez","","LF,RF,DH","21","2","0","2","0",".252",".289","5","1","0","1","5",".356",".645"
"Drew Romo","CWS","C","25","2","0","2","0",".226",".274","6","1","0","2","7",".309",".582"
"Tsung-Che Cheng","WSH","2B,3B,SS","27","3","0","2","1",".203",".271","5","1","0","3","8",".287",".558"
"Petey Halpin","CLE","CF","30","3","0","3","0",".214",".277","6","1","0","3","9",".314",".591"
"Davis Wendzel","PIT","3B","14","2","0","2","0",".204",".275","3","0","0","1","4",".295",".570"
"Nate Furman","SF","2B","18","2","0","2","0",".248",".315","4","1","0","2","4",".302",".617"
"Tomas Nido","DET","C","22","2","0","2","0",".219",".262","5","0","0","1","6",".273",".534"
"Nick Senzel","LAD","3B,LF,CF,RF","15","2","0","2","0",".212",".282","3","1","0","1","4",".334",".615"
"Paul McIntosh","PHI","C","15","2","0","2","0",".209",".281","3","1","0","1","4",".335",".615"
"Jonathan Ornelas","NYY","3B,SS","19","2","0","2","0",".198",".260","4","1","0","2","6",".282",".542"
"Chuckie Robinson","LAD","C","19","2","0","2","0",".192",".245","4","1","0","1","6",".249",".494"
"Tyler Gentry","KC","RF","19","2","0","2","0",".220",".288","4","1","0","2","6",".350",".637"
"Trei Cruz","DET","SS,LF,CF","19","2","0","2","0",".220",".313","4","1","0","3","6",".322",".636"
"Albert Almora Jr.","ARI","LF,CF,RF","23","2","0","2","0",".231",".278","5","1","0","2","5",".330",".607"
"Willie MacIver","TEX","C","23","2","0","2","0",".230",".290","5","1","0","2","7",".325",".615"
"Emmanuel Rivera","","1B,3B","23","2","0","2","0",".236",".288","5","1","0","2","5",".339",".628"
"Josh Kasevich","TOR","3B,SS","23","2","0","2","0",".235",".289","5","1","0","2","4",".310",".599"
"Riley Tirotta","TOR","3B","13","2","0","1","0",".204",".280","3","1","0","1","5",".333",".613"
"Aramis Garcia","ARI","C","14","2","1","1","0",".163",".249","2","1","0","2","5",".318",".568"
"Cristian Pache","NYM","LF,CF","16","2","0","2","0",".206",".272","3","1","0","1","6",".318",".590"
"Blake Hunt","SD","C","16","2","0","2","0",".199",".257","3","1","0","1","5",".334",".590"
"Shane McGuire","ATH","C","16","2","0","2","0",".206",".281","3","0","0","2","4",".267",".548"
"Cavan Biggio","","1B,2B,RF","20","2","0","2","0",".209",".298","4","1","0","3","7",".315",".613"
"Alan Trejo","TEX","2B,SS","20","2","0","2","0",".216",".262","4","1","0","1","6",".338",".601"
"Billy McKinney","","LF,RF","16","1","1","1","0",".173",".259","3","1","0","2","5",".326",".586"
"Jadher Areinamo","TB","2B,3B,SS","14","2","0","1","0",".247",".290","3","1","0","1","2",".358",".648"
"Jack Winkler","MIA","2B,3B,SS","11","1","0","1","1",".198",".252","2","0","0","1","3",".259",".512"
"Jason Delay","BOS","C","17","2","0","2","0",".196",".239","3","1","0","1","4",".257",".495"
"Sebastian Rivero","","C","17","2","0","2","0",".203",".233","3","1","0","1","4",".282",".515"
"Brandon Valenzuela","TOR","C,1B","17","2","0","2","0",".197",".260","3","1","0","1","5",".293",".553"
"Hayden Senger","NYM","C","21","2","0","2","0",".189",".242","4","0","0","1","7",".262",".505"
"Maverick Handley","BAL","C","15","2","0","1","0",".194",".290","3","0","0","2","5",".254",".544"
"Jose Barrero","BAL","SS,CF","12","2","0","1","0",".189",".226","2","0","0","1","4",".290",".516"
"Jose Herrera","TEX","C","16","2","0","1","0",".199",".285","3","0","0","2","4",".271",".555"
"Donovan Walton","LAA","2B","6","1","0","1","0",".223",".279","1","0","0","0","1",".315",".594"
"Dom Nunez","CLE","C","10","1","0","1","0",".167",".276","2","0","0","2","4",".261",".538"
"Vinny Capra","BOS","3B,SS","10","1","0","1","0",".227",".302","2","0","0","1","3",".284",".586"
"Matthew Wood","MIL","C","10","1","0","1","0",".201",".291","2","0","0","1","2",".281",".572"
"Nick Raposo","SEA","C","10","1","0","1","0",".200",".250","2","0","0","1","3",".320",".570"
"Kellen Strahm","HOU","CF","11","1","0","1","0",".195",".292","2","0","0","1","3",".248",".540"
"Collin Price","HOU","C","11","1","0","1","0",".184",".264","2","0","0","1","4",".289",".553"
"Eliezer Alfonzo","LAD","C","11","1","0","1","0",".213",".245","2","0","0","0","2",".294",".539"
""
""