"Player","Team","Positions","IP","K","W","SV","ERA","WHIP","ER","H","BB","HR","G","GS","L","CG"
"Shohei Ohtani","LAD","SP,DH","114.6","138","8","0","3.35","1.10","43","89","38","14","23","23","5","1"
"Tarik Skubal","DET","SP","194.9","237","14","0","2.74","0.97","59","149","40","19","31","31","7","1"
"Paul Skenes","PIT","SP","187.2","222","14","0","2.78","1.03","58","146","48","16","31","31","7","1"
"Garrett Crochet","BOS","SP","186.8","229","14","0","2.99","1.06","62","151","48","20","31","31","7","1"
"Cristopher Sanchez","PHI","SP","193.2","188","13","0","3.21","1.14","69","173","48","17","31","31","8","1"
"Yoshinobu Yamamoto","LAD","SP","157.6","172","12","0","3.28","1.11","57","127","47","16","27","27","6","0"
"Hunter Brown","HOU","SP","180.5","195","13","0","3.44","1.17","69","153","59","19","31","31","8","1"
"Chris Sale","ATL","SP","158.9","193","11","0","3.27","1.10","58","132","42","17","27","27","6","0"
"Logan Webb","SF","SP","198.1","188","14","0","3.28","1.17","72","186","45","16","32","32","9","1"
"Logan Gilbert","SEA","SP","165.9","184","11","0","3.42","1.06","63","137","38","21","29","29","8","0"
"Jacob deGrom","TEX","SP","161.0","178","11","0","3.43","1.05","61","131","38","22","28","28","8","0"
"Bryan Woo","SEA","SP","185.9","187","13","0","3.39","1.05","70","156","40","24","31","31","9","0"
"Cole Ragans","KC","SP","156.0","193","10","0","3.38","1.14","59","124","55","17","28","28","7","0"
"Hunter Greene","CIN","SP","170.3","205","11","0","3.67","1.12","70","135","55","24","30","30","8","1"
"Max Fried","NYY","SP","183.2","172","13","0","3.31","1.17","67","160","54","17","30","30","8","1"
"Freddy Peralta","NYM","SP","166.2","185","12","0","3.76","1.19","69","136","62","22","30","30","8","0"
"Joe Ryan","MIN","SP","170.4","186","11","0","3.80","1.10","72","147","40","25","29","29","9","0"
"George Kirby","SEA","SP","171.6","167","12","0","3.60","1.11","69","157","33","21","30","30","9","0"
"Blake Snell","LAD","SP","141.8","175","10","0","3.49","1.21","55","110","62","15","26","26","6","0"
"Dylan Cease","TOR","SP","176.3","207","12","0","3.76","1.21","74","147","67","21","31","31","9","0"
"Spencer Schwellenbach","ATL","SP","160.0","157","11","0","3.53","1.11","63","144","34","19","27","27","7","1"
"Jesus Luzardo","PHI","SP","175.1","195","12","0","3.73","1.18","73","152","55","22","30","30","9","0"
"Framber Valdez","","SP","183.8","173","13","0","3.49","1.23","71","165","61","16","30","30","9","2"
"Kyle Bradish","BAL","SP","145.2","155","9","0","3.57","1.18","58","125","46","16","27","27","7","0"
"Nick Pivetta","SD","SP","176.7","191","11","0","3.91","1.16","77","151","53","27","31","31","10","0"
"Mason Miller","SD","RP","66.8","104","4","33","2.60","0.98","19","40","25","6","63","0","2","0"
"Sonny Gray","BOS","SP","173.5","181","12","0","3.75","1.19","72","161","46","21","30","30","9","0"
"Pablo Lopez","MIN","SP","165.5","166","11","0","3.84","1.19","71","155","42","20","29","29","9","0"
"Nolan McLean","NYM","SP","149.2","144","10","0","3.81","1.28","63","133","59","16","26","26","8","0"
"Andres Munoz","SEA","RP","63.9","81","4","32","2.89","1.12","21","46","25","5","63","0","3","0"
"Tyler Glasnow","LAD","SP","132.3","154","9","0","3.70","1.17","54","106","48","16","24","24","6","0"
"Edwin Diaz","LAD","RP","67.3","93","5","37","3.05","1.06","23","48","23","7","66","0","3","0"
"Spencer Strider","ATL","SP","155.1","184","11","0","3.96","1.21","68","133","54","20","28","28","8","0"
"Kevin Gausman","TOR","SP","181.4","177","12","0","3.97","1.21","80","167","53","24","31","31","9","1"
"Eury Perez","MIA","SP","141.4","155","9","0","3.93","1.17","62","118","48","20","27","27","8","0"
"Jhoan Duran","PHI","RP","68.6","80","5","32","2.88","1.12","22","56","21","5","68","0","3","0"
"Brandon Woodruff","MIL","SP","147.3","155","10","0","3.75","1.13","61","126","40","21","27","27","7","0"
"Cade Smith","CLE","RP","71.2","92","5","31","2.97","1.07","23","55","21","6","70","0","3","0"
"Nathan Eovaldi","TEX","SP","165.0","157","11","0","3.56","1.13","65","145","42","19","28","28","8","1"
"Luis Castillo","SEA","SP","178.2","167","11","0","3.88","1.20","77","163","51","24","31","31","9","0"
"Trey Yesavage","TOR","SP","131.8","150","8","0","3.86","1.25","57","108","57","16","30","24","6","0"
"Sandy Alcantara","MIA","SP","178.5","148","10","0","4.16","1.27","83","173","53","21","30","30","11","1"
"Cam Schlittler","NYY","SP","127.4","128","8","0","4.01","1.29","57","114","50","16","24","24","7","0"
"Shane Bieber","TOR","SP","135.2","123","8","0","3.85","1.19","58","128","33","18","24","24","7","0"
"Robbie Ray","SF","SP","170.5","175","10","0","4.20","1.28","80","152","66","24","30","30","10","1"
"Michael King","SD","SP","163.3","170","10","0","3.82","1.23","69","144","57","21","30","30","9","1"
"Jacob Misiorowski","MIL","SP","141.1","163","8","0","3.91","1.27","61","113","66","17","34","25","7","0"
"Zack Wheeler","PHI","SP","125.7","143","9","0","3.26","1.07","46","101","33","15","21","21","5","0"
"Nick Lodolo","CIN","SP","150.1","150","9","0","4.04","1.20","67","140","40","21","28","28","9","1"
"Ryan Pepiot","TB","SP","167.3","170","10","0","4.11","1.23","76","146","59","25","31","31","10","0"
"Gavin Williams","CLE","SP","166.1","169","10","0","3.96","1.30","73","145","71","21","30","30","9","0"
"Josh Hader","HOU","RP","65.3","91","4","34","3.24","1.07","24","46","24","8","62","0","3","0"
"Ranger Suarez","BOS","SP","167.0","149","11","0","3.66","1.24","68","160","48","17","28","28","8","0"
"David Bednar","NYY","RP","65.0","79","4","32","3.31","1.12","24","52","22","7","65","0","3","0"
"MacKenzie Gore","TEX","SP","161.6","181","10","0","3.90","1.25","70","141","61","20","29","29","9","0"
"Trevor Rogers","BAL","SP","161.7","139","10","0","4.05","1.28","73","154","53","19","28","28","9","1"
"Chase Burns","CIN","SP,RP","127.1","152","8","0","3.68","1.17","52","109","39","17","28","24","7","1"
"Aroldis Chapman","BOS","RP","61.1","85","4","32","3.04","1.15","21","43","27","5","62","0","3","0"
"Tanner Bibee","CLE","SP","178.8","167","11","0","3.95","1.22","78","165","53","24","31","31","10","1"
"Bubba Chandler","PIT","SP","145.7","138","8","0","4.20","1.31","68","136","55","18","33","26","8","0"
"Emmet Sheehan","LAD","SP","133.9","155","8","0","3.83","1.16","57","109","45","19","35","23","6","0"
"Shota Imanaga","CHC","SP","153.0","138","9","0","4.08","1.16","69","143","34","26","27","27","8","0"
"Jack Flaherty","DET","SP","161.5","177","10","0","4.02","1.25","72","145","56","22","29","29","9","0"
"Carlos Rodon","NYY","SP","148.9","156","10","0","4.00","1.22","66","127","54","21","26","26","8","0"
"Drew Rasmussen","TB","SP","158.6","142","10","0","3.65","1.17","64","144","42","19","30","30","8","0"
"Cade Horton","CHC","SP","129.4","113","8","0","4.06","1.25","58","118","43","17","24","24","7","0"
"Aaron Nola","PHI","SP","169.3","166","10","0","4.15","1.22","78","161","46","25","29","29","9","0"
"Edward Cabrera","CHC","SP","137.2","146","9","0","3.92","1.25","60","117","54","16","26","26","7","0"
"Matthew Boyd","CHC","SP","161.0","145","10","0","3.93","1.21","70","149","46","21","29","29","9","0"
"Zac Gallen","","SP","179.2","170","12","0","4.14","1.27","82","169","59","24","31","31","11","0"
"Devin Williams","NYM","RP","65.6","87","4","31","3.24","1.15","24","48","28","6","66","0","3","0"
"Merrill Kelly","ARI","SP","175.8","156","11","0","4.06","1.26","79","168","53","23","30","30","9","0"
"Carlos Estevez","KC","RP","66.3","59","4","32","4.18","1.27","31","60","24","9","65","0","4","0"
"Shane Baz","BAL","SP","159.6","156","10","0","4.19","1.27","74","146","57","22","29","29","9","0"
"Raisel Iglesias","ATL","RP","66.9","71","4","27","3.62","1.13","27","58","18","8","65","0","3","0"
"Andrew Abbott","CIN","SP","165.9","150","10","0","4.20","1.26","77","157","52","26","29","29","9","1"
"Shane McClanahan","TB","SP","131.0","138","8","0","3.66","1.18","53","115","40","17","23","23","7","0"
"Connelly Early","BOS","SP","52.5","54","3","0","3.72","1.25","22","47","19","5","24","7","3","0"
"Jeff Hoffman","TOR","RP","64.2","76","4","26","3.67","1.17","26","52","23","9","64","0","4","0"
"Pete Fairbanks","MIA","RP","62.7","64","4","26","3.54","1.21","25","54","22","6","61","0","3","0"
"Trevor Megill","MIL","RP","65.0","80","4","17","3.45","1.18","25","53","23","7","62","0","3","0"
"Ryan Helsley","BAL","RP","64.7","74","4","27","3.55","1.22","25","55","24","7","63","0","3","0"
"Daniel Palencia","CHC","RP","66.7","76","4","28","3.70","1.25","27","55","28","7","64","0","3","0"
"Kris Bubic","KC","SP","140.1","136","8","0","3.71","1.25","58","129","47","14","32","24","7","0"
"Bryce Miller","SEA","SP","143.2","127","9","0","4.16","1.21","66","132","42","21","26","26","8","0"
"Ryne Nelson","ARI","SP,RP","160.3","131","9","0","4.22","1.26","75","158","45","21","29","29","8","0"
"Emilio Pagan","CIN","RP","66.9","73","3","26","3.96","1.18","29","56","23","10","66","0","3","0"
"Casey Mize","DET","SP","153.3","133","9","0","4.11","1.26","70","151","42","20","29","29","9","0"
"Kenley Jansen","DET","RP","59.8","60","4","24","3.92","1.19","26","50","21","8","59","0","3","0"
"Noah Cameron","KC","SP","146.3","124","8","0","4.17","1.29","68","141","48","20","27","27","9","0"
"Shane Smith","CWS","SP","159.6","150","8","0","4.28","1.29","76","146","60","21","29","29","10","0"
"Hurston Waldrep","ATL","SP","138.6","122","9","0","4.46","1.42","69","134","63","16","25","25","8","0"
"Roki Sasaki","LAD","SP","120.2","118","7","0","4.22","1.31","56","109","48","15","35","19","6","1"
"Joe Musgrove","SD","SP","149.1","141","9","0","3.92","1.20","65","140","39","20","27","27","8","0"
"Dennis Santana","PIT","RP","69.2","64","4","24","3.95","1.26","30","63","24","7","68","0","3","0"
"Gerrit Cole","NYY","SP","120.9","122","8","0","3.84","1.17","52","106","35","17","21","21","6","1"
"David Peterson","NYM","SP","163.5","146","10","0","3.94","1.34","72","157","62","16","29","29","8","1"
"Jose Soriano","LAA","SP","169.8","155","10","0","3.84","1.33","72","154","72","14","31","31","10","0"
"Sean Manaea","NYM","SP,RP","128.8","132","8","0","4.15","1.21","59","115","41","19","34","22","7","0"
"Reese Olson","DET","SP","131.6","123","8","0","3.89","1.24","57","120","44","15","28","24","7","0"
"Quinn Priester","MIL","SP,RP","163.3","135","10","0","4.12","1.30","75","159","54","19","29","29","9","0"
"Brady Singer","CIN","SP","169.7","157","10","0","4.34","1.30","82","166","55","24","31","31","11","0"
"Ryan Walker","SF","RP","64.2","68","4","27","3.41","1.19","24","56","20","6","63","0","3","0"
"Michael Wacha","KC","SP","167.4","129","10","0","4.27","1.28","79","165","49","22","29","29","10","0"
"Yusei Kikuchi","LAA","SP","169.3","169","9","0","4.29","1.32","81","163","60","25","31","31","10","0"
"Abner Uribe","MIL","RP","71.8","85","4","18","3.07","1.20","24","55","31","5","72","0","3","0"
"Tatsuya Imai","HOU","SP","152.6","157","9","0","4.26","1.31","72","135","65","20","26","26","8","0"
"Logan Henderson","MIL","SP","126.7","128","7","0","4.15","1.21","58","114","40","20","32","22","7","0"
"Mitch Keller","PIT","SP","175.7","153","10","0","4.31","1.29","84","174","53","22","31","31","11","0"
"Brandon Pfaadt","ARI","SP","171.4","150","10","0","4.41","1.26","84","176","41","24","31","31","10","0"
"Kodai Senga","NYM","SP","114.9","115","7","0","3.96","1.31","51","101","50","14","28","20","6","0"
"Robert Suarez","ATL","RP","67.5","70","4","9","3.57","1.17","27","59","20","8","66","0","3","0"
"Griffin Jax","TB","RP","68.6","86","4","15","3.09","1.10","24","56","19","7","68","0","3","0"
"Brayan Bello","BOS","SP","157.8","129","10","0","4.24","1.34","74","156","55","18","28","28","9","0"
"Zach Eflin","BAL","SP","143.6","110","9","0","4.36","1.24","70","150","29","22","26","26","8","0"
"Jack Leiter","TEX","SP","151.5","146","9","0","4.31","1.30","73","135","62","21","28","28","9","0"
"Clay Holmes","NYM","SP","152.0","123","10","0","3.96","1.34","67","146","58","14","28","28","8","0"
"Grayson Rodriguez","LAA","SP","121.0","129","7","0","3.94","1.24","53","109","40","16","22","22","7","0"
"Luis Severino","ATH","SP","175.4","139","9","0","4.60","1.34","90","177","57","25","30","30","11","0"
"Parker Messick","CLE","SP","120.1","111","7","0","4.08","1.30","54","115","42","15","23","23","7","0"
"Ryan Weathers","NYY","SP","121.7","114","7","0","4.11","1.27","56","112","43","17","33","21","7","0"
"Grant Taylor","CWS","RP","77.0","91","4","5","3.36","1.20","29","63","29","6","70","1","4","0"
"Reid Detmers","LAA","RP","138.3","153","7","0","4.20","1.28","65","125","51","19","30","24","8","0"
"Chris Bassitt","","SP","159.9","145","10","0","4.22","1.32","75","156","56","21","29","29","9","1"
"Seth Lugo","KC","SP","162.3","135","9","0","4.37","1.31","79","161","53","23","28","28","9","0"
"Will Warren","NYY","SP","124.4","121","7","0","4.34","1.32","60","119","45","17","36","21","7","0"
"Jose Berrios","TOR","SP","134.5","112","7","0","4.39","1.30","66","133","42","21","38","20","7","0"
"Cade Cavalli","WSH","SP","137.9","117","7","0","4.24","1.34","65","136","49","16","26","26","9","0"
"Jameson Taillon","CHC","SP","155.1","119","9","0","4.45","1.24","77","155","38","25","27","27","9","0"
"Bryan Abreu","HOU","RP","68.9","91","4","4","3.18","1.18","24","52","29","7","68","0","3","0"
"Will Vest","DET","RP","68.1","69","4","7","3.38","1.20","26","60","21","6","66","0","3","0"
"Eduardo Rodriguez","ARI","SP","139.6","123","8","0","4.43","1.37","69","141","50","19","26","26","9","0"
"Braxton Ashcraft","PIT","SP,RP","131.3","118","7","0","3.92","1.29","57","128","41","14","37","22","7","0"
"Joey Cantillo","CLE","SP,RP","132.9","140","7","0","3.91","1.31","58","117","57","16","42","21","7","0"
"Edwin Uceta","TB","RP","72.0","86","4","13","3.78","1.20","30","60","27","10","68","0","4","0"
"Jeffrey Springs","ATH","SP","166.5","141","9","0","4.60","1.31","85","165","53","28","30","30","10","0"
"Reynaldo Lopez","ATL","SP","121.1","123","7","0","3.92","1.26","53","110","43","15","31","21","6","0"
"Tanner Scott","LAD","RP","64.7","73","4","4","3.52","1.22","25","54","25","7","63","0","3","0"
"Troy Melton","DET","SP,RP","108.3","96","5","0","4.24","1.28","51","104","35","15","35","17","6","0"
"Ian Seymour","TB","SP,RP","110.7","106","6","0","4.16","1.24","51","103","34","16","31","18","6","0"
"Michael McGreevy","STL","SP","143.4","99","8","0","4.14","1.29","66","149","35","17","29","24","8","0"
"Payton Tolle","BOS","SP,RP","55.4","59","3","0","4.02","1.24","25","50","19","8","30","5","3","0"
"Tyler Mahle","SF","SP","130.6","106","8","0","4.12","1.28","60","126","41","16","24","24","8","0"
"Chad Patrick","MIL","SP","137.0","129","8","0","4.34","1.28","66","130","45","21","26","26","8","0"
"Matthew Liberatore","STL","SP","146.0","119","8","0","4.40","1.31","71","146","46","19","28","28","9","0"
"Mike Burrows","HOU","SP,RP","130.1","129","7","0","4.13","1.26","60","119","45","19","31","24","7","0"
"Robert Garcia","TEX","RP","64.1","69","4","19","3.64","1.23","26","56","23","7","65","0","3","0"
"Seranthony Dominguez","CWS","RP","63.0","71","3","14","3.92","1.30","27","53","29","8","64","0","4","0"
"Riley O'Brien","STL","RP","63.7","65","3","16","3.66","1.31","26","55","28","5","62","0","3","0"
"Jonah Tong","NYM","SP","32.1","37","2","0","3.60","1.24","13","26","14","3","11","5","2","0"
"Cody Ponce","TOR","SP,RP","141.5","144","8","0","4.11","1.25","65","131","45","19","37","23","8","0"
"Landen Roupp","SF","SP","121.9","113","7","0","4.10","1.34","56","116","48","13","28","23","7","0"
"Cristian Javier","HOU","SP","142.7","130","8","0","4.73","1.34","75","131","60","23","27","27","9","0"
"Zebby Matthews","MIN","SP","119.5","117","7","0","4.10","1.24","54","117","30","17","34","20","6","0"
"Bailey Ober","MIN","SP","142.4","129","8","0","4.35","1.20","69","138","34","24","31","24","8","1"
"Lucas Giolito","","SP","151.9","136","8","0","4.67","1.37","79","149","59","24","28","28","10","0"
"Zack Littell","","SP","167.7","128","9","0","4.55","1.26","85","175","35","28","30","30","10","1"
"Robert Stephenson","LAA","RP","57.8","65","3","11","4.00","1.20","26","50","19","9","55","0","3","0"
"Jacob Lopez","ATH","SP","128.0","134","8","0","4.32","1.29","61","114","51","19","24","24","8","0"
"Andrew Painter","PHI","SP","115.3","102","6","0","4.62","1.38","59","116","43","18","28","21","7","0"
"Justin Steele","CHC","SP","84.9","80","6","0","3.64","1.18","34","78","23","9","16","16","4","0"
"Kirby Yates","LAA","RP","56.5","67","3","9","3.99","1.28","25","46","26","8","55","0","3","0"
"Dean Kremer","BAL","SP","154.2","130","9","0","4.46","1.30","76","152","48","23","28","28","9","0"
"Jordan Leasure","CWS","RP","65.6","73","3","9","4.19","1.30","31","56","29","10","66","0","4","0"
"Luis Gil","NYY","SP","102.0","101","5","0","4.36","1.34","49","87","49","14","38","14","5","0"
"Kyle Finnegan","DET","RP","64.1","60","4","4","3.82","1.27","27","59","23","7","63","0","3","0"
"Clayton Beeter","WSH","RP","63.4","74","3","13","3.84","1.34","27","51","34","6","58","0","3","0"
"Slade Cecconi","CLE","SP","149.7","124","8","0","4.46","1.26","74","150","39","24","28","28","10","0"
"Dustin May","STL","SP","140.8","125","7","0","4.28","1.31","67","132","52","17","32","24","9","0"
"Victor Vodnik","COL","RP","64.5","61","3","18","4.28","1.46","31","63","31","7","62","0","4","0"
"Jordan Wicks","CHC","SP,RP","45.3","41","2","0","4.03","1.29","20","44","15","5","28","3","2","0"
"Jeremiah Estrada","SD","RP","70.6","96","4","2","3.39","1.16","27","54","28","9","70","0","3","0"
"Luis Morales","ATH","SP","112.1","99","6","0","4.64","1.37","58","107","47","17","21","21","7","0"
"Luke Weaver","NYM","RP","68.5","73","4","5","3.93","1.20","30","60","22","10","62","0","3","0"
"Andrew Saalfrank","ARI","RP","61.4","53","3","13","4.02","1.41","27","58","29","6","58","0","3","0"
"Simeon Woods Richardson","MIN","SP","120.4","108","6","0","4.48","1.33","60","115","45","17","31","22","7","0"
"Tony Santillan","CIN","RP","69.9","73","3","4","4.20","1.33","33","62","31","9","71","0","3","0"
"Camilo Doval","NYY","RP","64.8","74","4","4","3.64","1.29","26","53","31","6","64","0","3","0"
"Calvin Faucher","MIA","RP","65.9","65","3","5","4.05","1.36","30","62","28","7","65","0","4","0"
"Robby Snelling","MIA","SP","102.0","89","6","0","4.14","1.34","47","100","37","12","19","19","6","0"
"Jared Jones","PIT","SP","91.8","93","5","0","3.97","1.24","41","83","31","11","16","16","5","0"
"Adrian Houser","SF","SP","141.9","101","8","0","4.37","1.37","69","148","47","16","26","26","9","0"
"JoJo Romero","STL","RP","64.2","60","4","12","3.60","1.29","26","58","25","6","64","0","3","0"
"Jose A. Ferrer","SEA","RP","69.3","65","4","3","3.22","1.17","25","61","20","5","67","0","3","0"
"Max Meyer","MIA","SP","122.8","111","6","0","4.30","1.31","59","121","41","17","29","22","7","0"
"Michael Soroka","ARI","SP,RP","132.7","130","7","0","4.22","1.28","62","121","49","17","39","22","7","0"
"Taj Bradley","MIN","SP","122.0","117","6","0","4.28","1.28","58","114","43","17","36","19","7","0"
"Garrett Whitlock","BOS","RP","69.2","77","4","3","3.36","1.15","26","60","20","7","64","0","3","0"
"Phil Maton","CHC","RP","65.4","72","4","5","3.67","1.21","27","54","25","7","65","0","3","0"
"Garrett Cleavinger","TB","RP","65.2","80","4","7","3.45","1.18","25","52","25","8","67","0","3","0"
"Spencer Arrighetti","HOU","SP","88.8","88","4","0","4.59","1.37","45","82","39","13","26","15","5","0"
"Ben Brown","CHC","SP,RP","54.2","59","3","0","3.93","1.22","24","49","17","7","35","2","3","0"
"Adrian Morejon","SD","RP","69.0","69","5","3","3.35","1.18","26","60","22","6","69","0","4","0"
"Colin Rea","CHC","SP,RP","79.6","63","4","0","4.46","1.30","39","80","23","12","35","8","4","0"
"Patrick Sandoval","BOS","SP","72.8","67","4","0","4.18","1.39","34","70","31","8","31","10","4","0"
"Javier Assad","CHC","SP","65.3","54","3","0","4.13","1.33","30","63","24","8","43","3","3","0"
"Ben Joyce","LAA","RP","35.9","41","2","4","3.68","1.27","15","29","16","4","35","0","2","0"
"Jacob Latz","TEX","SP,RP","106.4","101","4","0","4.37","1.39","52","96","52","14","39","14","5","0"
"Kyle Freeland","COL","SP","171.4","125","8","0","5.06","1.42","96","197","46","28","31","31","12","0"
"Matt Brash","SEA","RP","62.1","74","3","3","3.19","1.21","22","51","24","5","63","0","3","0"
"Justin Verlander","","SP","134.0","113","8","0","4.43","1.31","66","132","44","20","25","25","8","0"
"Andre Pallante","STL","SP","144.6","100","8","0","4.34","1.41","70","147","56","14","27","26","9","0"
"Kumar Rocker","TEX","SP","102.5","91","6","0","4.21","1.29","48","99","33","13","26","19","6","0"
"Tyler Wells","BAL","SP","91.2","80","5","0","4.34","1.20","44","85","24","16","38","11","5","0"
"Nick Martinez","","SP,RP","148.9","112","9","0","4.41","1.29","73","151","41","20","28","27","10","0"
"Lance McCullers Jr.","HOU","SP","108.8","104","6","0","4.55","1.43","55","102","54","14","28","20","6","0"
"Joe Boyle","TB","SP,RP","99.6","109","5","0","4.18","1.36","46","82","53","12","25","18","6","0"
"JP Sears","SD","SP","133.0","112","7","0","4.63","1.27","68","131","39","24","28","24","8","0"
"Matt Svanson","STL","RP","66.1","62","3","4","3.70","1.29","27","60","25","6","61","0","3","0"
"Davis Martin","CWS","SP","146.5","113","7","0","4.60","1.36","75","148","51","21","28","28","10","0"
"Shawn Armstrong","CLE","RP","69.4","69","3","3","3.78","1.20","29","62","22","8","68","0","3","0"
"Max Scherzer","","SP","118.8","114","7","0","4.44","1.24","59","113","34","21","23","23","7","0"
"Jordan Romano","LAA","RP","56.9","61","3","4","4.38","1.30","28","52","22","9","58","0","3","0"
"Braxton Garrett","MIA","SP","124.9","111","6","0","3.97","1.22","55","122","30","15","30","22","7","1"
"Matt Strahm","KC","RP","66.1","72","4","1","3.51","1.13","26","55","19","8","64","0","3","0"
"Miles Mikolas","","SP","141.1","94","8","0","4.85","1.33","76","156","32","24","27","27","10","0"
"Sean Burke","CWS","SP,RP","145.3","136","7","0","4.76","1.40","77","139","64","23","27","27","10","0"
"Mick Abel","MIN","SP","90.0","83","4","0","4.55","1.41","45","86","41","12","36","13","5","0"
"Patrick Corbin","","SP","138.4","110","7","0","4.87","1.41","75","149","47","21","26","26","10","0"
"Brad Keller","PHI","RP","67.5","62","4","2","4.02","1.33","30","63","27","8","63","0","4","0"
"Aaron Civale","","SP,RP","123.7","107","7","0","4.55","1.30","63","121","39","19","24","23","8","0"
"Johan Oviedo","BOS","SP","102.8","99","5","0","4.24","1.33","48","93","44","13","38","15","5","0"
"Jose Quintana","","SP","130.7","94","8","0","4.63","1.42","67","135","51","18","24","24","9","0"
"Kyle Leahy","STL","RP","117.9","97","5","0","4.32","1.36","57","118","42","14","43","16","6","0"
"Jake Irvin","WSH","SP","151.2","111","7","0","4.83","1.36","81","156","50","24","33","26","10","0"
"Andrew Kittredge","BAL","RP","67.2","67","4","5","3.69","1.19","28","62","18","9","66","0","3","0"
"Griffin Canning","","SP","129.7","113","8","0","4.55","1.37","66","128","49","19","25","24","8","0"
"Louis Varland","TOR","RP","67.8","67","4","2","3.66","1.21","28","63","19","8","63","0","3","0"
"Brad Lord","WSH","SP,RP","137.9","106","7","0","4.41","1.35","68","139","48","17","36","24","8","0"
"Martin Perez","","SP","115.1","87","6","0","4.64","1.42","59","120","43","16","21","21","7","0"
"Marcus Stroman","","SP","122.8","87","7","0","4.75","1.45","65","129","48","15","23","23","8","0"
"A.J. Minter","NYM","RP","55.9","63","4","2","3.41","1.17","21","46","19","6","53","0","3","0"
"Tyler Rogers","TOR","RP","72.4","50","4","2","3.67","1.22","29","72","16","7","73","0","3","0"
"Kutter Crawford","BOS","SP","79.1","75","4","0","4.22","1.21","37","73","23","12","44","6","4","0"
"Randy Vasquez","SD","SP","137.7","92","7","0","4.90","1.41","75","145","50","20","27","27","9","0"
"Gregory Soto","PIT","RP","62.0","66","3","3","3.83","1.30","26","56","25","5","64","0","3","0"
"Cristian Mena","ARI","SP,RP","33.5","31","2","0","4.11","1.34","15","32","13","4","19","3","2","0"
"Corbin Burnes","ARI","SP","43.6","41","3","0","3.70","1.20","18","39","14","5","7","7","2","0"
"Anthony Kay","CWS","SP,RP","134.2","109","6","0","4.57","1.40","68","134","54","19","24","24","9","1"
"Thomas White","MIA","SP","55.2","58","3","0","4.19","1.40","26","50","27","7","10","10","3","0"
"Joe Jimenez","ATL","RP","43.5","50","2","0","3.79","1.20","18","37","15","5","43","0","2","0"
"Eric Lauer","TOR","SP,RP","58.4","55","3","0","4.25","1.26","28","55","19","9","40","3","3","0"
"Alexis Diaz","TEX","RP","57.5","57","3","2","4.65","1.37","30","49","30","8","55","0","3","0"
"Jason Alexander","HOU","SP,RP","54.2","42","2","0","4.61","1.38","28","56","19","7","27","6","3","0"
"Cade Povich","BAL","SP","47.1","45","2","0","4.22","1.30","22","45","17","6","17","7","2","0"
"German Marquez","","SP","126.8","93","7","0","5.17","1.45","73","139","44","21","24","24","9","0"
"Mitch Farris","LAA","SP","27.6","25","1","0","4.91","1.43","15","27","12","4","6","5","2","0"
"Cole Sands","MIN","SP,RP","68.6","67","4","3","3.97","1.23","30","64","21","8","66","0","4","0"
"Tomoyuki Sugano","","SP","139.4","92","8","0","4.81","1.35","75","155","34","24","26","26","10","1"
"Tyler Anderson","","SP","138.6","107","7","0","4.95","1.42","76","141","56","23","25","25","9","0"
"Christian Scott","NYM","SP","39.7","38","2","0","4.00","1.21","18","37","11","6","25","3","2","0"
"Jon Gray","","RP","79.9","69","5","0","4.58","1.32","41","79","26","12","15","15","5","0"
"Robert Gasser","MIL","SP","87.5","82","5","0","4.01","1.24","39","81","28","11","36","12","5","0"
"Grant Holmes","ATL","SP","90.0","90","5","0","4.22","1.33","42","85","34","12","29","13","4","0"
"Brandon Sproat","MIL","SP","77.5","66","4","0","4.22","1.33","36","73","30","9","26","12","4","0"
"Elmer Rodriguez-Cruz","NYY","SP","8.9","8","0","0","4.18","1.40","4","9","3","1","7","0","0","0"
"Kevin Ginkel","ARI","RP","62.5","64","3","5","3.90","1.30","27","57","24","6","60","0","3","0"
"Quinn Mathews","STL","SP","45.5","42","2","0","4.56","1.53","23","42","27","5","9","9","3","0"
"Rhett Lowder","CIN","SP","73.6","58","3","0","4.49","1.34","37","75","24","10","26","11","4","0"
"Aaron Ashby","MIL","RP","66.6","69","3","0","3.70","1.36","27","59","32","5","57","0","3","0"
"Gabe Speier","SEA","RP","58.6","69","3","0","3.31","1.11","22","48","17","7","62","0","3","0"
"Felix Bautista","BAL","RP","12.2","16","1","0","3.22","1.17","4","9","6","1","12","0","1","0"
"Cole Winn","TEX","RP","63.4","54","3","4","4.30","1.37","30","58","29","8","57","0","3","0"
"Lucas Erceg","KC","RP","63.6","60","4","3","3.71","1.28","26","58","24","6","61","0","4","0"
"Trevor McDonald","SF","SP,RP","61.1","48","3","0","4.37","1.37","30","62","22","7","20","9","4","0"
"J.T. Ginn","ATH","SP,RP","89.4","83","4","0","4.30","1.33","43","87","32","12","27","15","5","0"
"Ryan Bergert","KC","SP","65.6","55","3","0","4.64","1.40","34","64","27","9","26","9","3","0"
"Hunter Harvey","CHC","RP","51.1","55","3","4","3.41","1.14","19","44","15","5","50","0","2","0"
"Josiah Gray","WSH","SP","112.1","96","5","0","4.93","1.40","61","110","47","18","21","21","8","0"
"Justin Sterner","ATH","RP","66.8","68","3","7","4.25","1.27","32","60","24","10","63","0","3","0"
"Sawyer Gipson-Long","DET","SP,RP","50.6","46","2","0","4.11","1.23","23","48","14","7","32","4","3","0"
"Seth Halvorsen","COL","RP","60.5","55","3","6","4.65","1.47","31","61","28","8","58","0","4","0"
"Justin Wrobleski","LAD","RP","54.4","50","3","0","4.20","1.30","25","52","19","7","34","3","2","0"
"Connor Phillips","CIN","RP","54.0","57","3","1","4.57","1.40","27","48","28","8","50","0","3","0"
"Bryan Baker","TB","RP","65.2","73","3","2","3.94","1.22","29","56","24","9","64","0","3","0"
"Richard Fitts","STL","SP","102.8","79","5","0","4.49","1.33","51","104","33","15","32","17","6","0"
"Carmen Mlodzinski","PIT","SP,RP","71.5","63","4","0","3.88","1.31","31","69","25","7","30","10","4","0"
"Foster Griffin","WSH","RP","136.0","127","7","0","4.16","1.27","63","131","43","17","32","23","8","0"
"Janson Junk","MIA","SP,RP","94.8","68","5","0","4.38","1.28","46","100","22","12","36","12","5","0"
"Noah Schultz","CWS","SP","16.7","14","1","0","4.62","1.45","9","17","8","2","3","3","1","0"
"Bryce Elder","ATL","SP","73.9","61","4","0","4.55","1.37","37","76","25","9","19","12","4","0"
"Kai-Wei Teng","SF","SP,RP","35.1","35","2","0","4.38","1.37","17","33","16","4","16","4","2","0"
"Hayden Birdsong","SF","SP,RP","57.2","57","3","0","4.58","1.41","29","52","28","8","22","8","3","0"
"Kyle Harrison","BOS","SP,RP","48.7","49","2","0","4.19","1.33","23","46","19","6","34","2","2","0"
"Mason Montgomery","PIT","RP","61.6","66","3","1","4.10","1.34","28","57","26","7","59","0","3","0"
"Hogan Harris","ATH","RP","67.2","65","3","9","4.37","1.40","33","62","32","8","58","0","3","0"
"Steven Matz","TB","RP","125.0","105","6","0","4.17","1.28","58","126","34","17","34","21","7","0"
"Justin Topa","MIN","RP","63.9","53","3","8","4.05","1.33","29","65","20","6","63","0","3","0"
"Mark Leiter Jr.","ATH","RP","64.6","69","4","6","4.18","1.33","30","61","25","8","65","0","4","0"
"Tobias Myers","NYM","SP,RP","56.9","48","3","0","4.22","1.28","27","56","17","8","36","4","3","0"
"AJ Blubaugh","HOU","SP,RP","46.7","43","2","0","4.44","1.35","23","43","20","7","34","2","3","0"
"Chase Dollander","COL","SP","124.6","107","6","0","5.26","1.50","73","130","57","19","24","24","10","0"
"Tanner McDougal","CWS","SP","21.6","18","1","0","4.89","1.50","12","22","11","3","9","3","1","0"
"Michael Kopech","","RP","42.4","46","2","0","4.49","1.41","21","35","25","6","42","0","2","0"
"Ryan Weiss","HOU","SP","80.7","79","4","0","4.37","1.33","39","75","32","11","34","10","5","0"
"Tyler Kinley","ATL","RP","63.7","69","3","0","4.11","1.29","29","55","27","8","65","0","3","0"
"Stephen Kolek","KC","SP","80.7","57","4","0","4.28","1.36","38","84","25","8","36","9","4","1"
"Sean Newcomb","CWS","SP,RP","95.4","87","4","0","4.14","1.37","44","91","39","11","43","11","5","0"
"Gage Jump","ATH","SP","23.1","20","1","0","4.54","1.34","12","23","8","3","4","4","2","0"
"River Ryan","LAD","SP","38.0","32","2","0","4.61","1.39","19","38","15","5","12","6","2","0"
"Alek Manoah","LAA","SP","95.6","81","5","0","4.90","1.41","52","94","41","15","18","18","7","0"
"Cody Bradford","TEX","SP","47.1","41","3","0","4.16","1.19","22","45","11","7","21","6","3","0"
"JR Ritchie","ATL","SP","18.2","15","1","0","4.51","1.36","9","18","7","2","3","3","1","0"
"Fernando Cruz","NYY","RP","60.9","82","4","1","3.70","1.23","25","47","28","7","60","0","3","0"
"Cole Henry","WSH","RP","64.1","60","2","11","4.75","1.44","34","59","34","9","67","0","3","0"
"Jason Adam","SD","RP","50.3","54","3","0","3.46","1.17","19","41","18","5","50","0","2","0"
"Didier Fuentes","ATL","SP","9.1","9","0","0","4.41","1.32","4","9","3","1","7","1","1","0"
"Hunter Barco","PIT","SP,RP","93.8","85","4","0","4.15","1.35","43","88","39","11","32","14","5","0"
"Jose Alvarado","PHI","RP","60.1","68","4","3","3.52","1.24","24","51","24","6","58","0","3","0"
"David Festa","MIN","SP","48.0","50","3","0","4.06","1.26","22","44","16","6","28","4","3","0"
"Brody Hopkins","TB","SP","7.8","7","0","0","4.91","1.48","4","8","4","1","2","2","1","0"
"Coleman Crow","MIL","SP","28.1","28","1","0","3.85","1.23","12","26","9","3","20","2","1","0"
"Luis Perales","WSH","SP,RP","35.5","34","2","0","4.43","1.41","17","33","17","4","22","3","2","0"
"Carson Whisenhunt","SF","SP","28.7","23","1","0","4.45","1.37","14","29","10","4","13","4","2","0"
"Trey Gibson","BAL","SP","8.4","8","0","0","4.45","1.35","4","8","3","1","2","2","1","0"
"Hunter Gaddis","CLE","RP","68.0","65","3","3","3.84","1.21","29","61","21","9","65","0","3","0"
"Drey Jameson","ARI","RP","50.8","46","3","1","4.21","1.37","24","49","20","6","48","0","3","0"
"Orion Kerkering","PHI","RP","63.8","69","4","1","3.45","1.21","24","55","22","6","63","0","3","0"
"Juan Mejia","COL","RP","65.6","68","3","2","4.54","1.42","33","62","30","8","65","0","4","0"
"Ricky Tiedemann","TOR","SP","31.8","33","2","0","4.38","1.38","15","29","15","4","14","5","2","0"
"Ben Casparius","LAD","SP,RP","53.9","51","3","0","4.45","1.33","27","51","21","8","47","0","3","0"
"Caden Dana","LAA","SP","90.4","79","5","0","5.06","1.44","51","89","41","16","17","17","7","0"
"Daniel Espino","CLE","SP","17.3","18","1","0","4.43","1.43","9","16","9","3","12","2","1","0"
"Mitch Bratt","ARI","SP","24.7","21","1","0","4.45","1.31","12","26","7","4","5","5","1","0"
"Ty Johnson","TB","SP,RP","24.1","25","1","0","4.28","1.28","11","22","9","4","5","5","2","0"
"Alex Vesia","LAD","RP","63.6","80","4","1","3.54","1.15","25","48","25","9","64","0","3","0"
"Gunnar Hoglund","ATH","SP","43.1","32","2","0","4.93","1.36","24","45","14","7","18","6","2","0"
"George Klassen","LAA","SP","18.5","18","1","0","4.57","1.41","9","18","8","3","11","2","1","0"
"Drew Anderson","DET","RP","96.3","102","5","0","4.20","1.30","45","85","40","13","32","14","5","0"
"Ryan Zeferjahn","LAA","RP","64.5","72","3","1","4.40","1.38","32","56","33","9","64","0","4","0"
"Dylan Lee","ATL","RP","65.9","74","3","1","3.60","1.16","26","58","19","9","65","0","3","0"
"Yariel Rodriguez","TOR","RP","39.2","39","2","0","4.06","1.32","18","34","18","5","38","0","2","0"
"Yimi Garcia","TOR","RP","58.2","64","3","5","3.78","1.19","24","49","21","7","59","0","3","0"
"Manuel Rodriguez","TB","RP","17.5","16","1","0","3.77","1.26","7","16","6","2","17","0","1","0"
"Keegan Akin","BAL","SP,RP","67.1","68","4","2","4.03","1.27","30","61","25","9","65","0","3","0"
"Ryan Yarbrough","NYY","SP,RP","65.8","53","3","0","4.32","1.26","32","64","19","10","46","2","3","0"
"Tyler Phillips","MIA","RP","70.1","51","3","2","4.38","1.38","34","73","24","8","60","0","3","0"
"Brooks Raley","NYM","RP","60.0","59","3","1","3.69","1.21","25","52","21","6","63","0","3","0"
"Connor Prielipp","MIN","SP","62.9","59","3","0","4.21","1.36","29","62","24","7","47","3","4","0"
"Michael Lorenzen","COL","SP,RP","144.2","113","6","0","5.08","1.44","81","154","53","24","26","26","9","0"
"Bobby Miller","LAD","SP","23.0","21","1","0","4.68","1.40","12","22","10","3","20","0","1","0"
"Blade Tidwell","SF","SP,RP","28.4","25","2","0","4.38","1.37","14","28","12","4","18","2","2","0"
"Mike Vasil","CWS","SP,RP","74.1","59","3","1","4.40","1.39","36","72","31","9","61","0","4","0"
"Miguel Ullola","HOU","SP,RP","19.1","21","1","0","4.29","1.39","9","16","10","2","19","0","1","0"
"Nate Pearson","HOU","RP","51.9","52","2","0","4.36","1.35","25","48","22","7","50","0","3","0"
"Matt Festa","CLE","RP","59.6","59","3","0","4.02","1.26","27","53","22","7","59","0","3","0"
"Keider Montero","DET","SP,RP","81.3","67","4","0","4.56","1.35","41","81","28","12","33","10","5","0"
"Tink Hence","STL","SP","14.6","14","1","0","4.23","1.36","7","13","6","2","4","3","1","0"
"Zach Maxwell","CIN","RP","45.6","48","2","0","4.54","1.46","23","42","25","6","44","0","2","0"
"Hunter Dobbins","STL","SP","93.3","68","4","0","4.42","1.35","46","95","31","11","28","14","5","0"
"Drew Pomeranz","LAA","SP,RP","57.5","62","3","3","3.89","1.24","25","51","20","7","60","0","3","0"
"Nestor Cortes Jr.","","SP","30.7","28","2","0","4.48","1.28","15","29","10","5","6","6","2","0"
"Walker Buehler","","SP","122.1","97","6","0","5.08","1.46","69","128","51","20","23","23","9","0"
"Porter Hodge","CHC","RP","49.4","55","3","1","4.09","1.37","22","42","26","6","47","0","3","0"
"Gavin Stone","LAD","SP","27.1","24","2","0","4.28","1.29","13","27","9","4","13","2","1","0"
"Edgardo Henriquez","LAD","RP","32.0","35","2","0","4.25","1.36","15","28","15","4","33","0","2","0"
"Jordan Montgomery","","SP","82.8","66","5","0","4.49","1.36","41","86","27","11","15","15","5","0"
"Joey Wentz","ATL","SP,RP","55.4","53","3","0","4.62","1.40","28","55","23","8","31","5","3","0"
"Graham Ashcraft","CIN","RP","65.8","59","4","2","3.92","1.31","29","64","22","6","59","0","3","0"
"Blake Treinen","LAD","RP","58.9","66","4","1","3.82","1.26","25","52","22","7","61","0","3","0"
"Chase Petty","CIN","SP","47.9","36","2","0","5.17","1.53","27","51","22","7","28","4","4","0"
"DL Hall","MIL","SP,RP","53.1","51","3","0","4.08","1.36","24","48","24","6","45","0","2","0"
"Brant Hurter","DET","SP,RP","57.1","52","3","0","3.75","1.25","24","54","18","6","48","0","3","0"
"David Robertson","","RP","40.4","46","2","1","3.80","1.28","17","35","17","5","40","0","2","0"
"Bryan King","HOU","RP","66.2","65","4","0","3.62","1.20","27","60","20","8","67","0","3","0"
"Justin Lawrence","PIT","RP","57.1","56","3","1","4.12","1.38","26","52","27","5","53","0","3","0"
"Bowden Francis","TOR","SP","38.1","36","2","0","4.37","1.24","18","35","12","7","25","3","2","0"
"Lucas Braun","ATL","SP","12.8","11","1","0","4.23","1.25","6","12","4","2","3","3","1","0"
"Luis Mey","CIN","RP","37.5","35","2","0","4.63","1.55","19","35","23","4","38","0","2","0"
"Joel Peguero","SF","RP","61.3","51","3","3","4.40","1.43","30","61","26","7","59","0","3","0"
"Lake Bachar","MIA","RP","56.5","56","3","0","4.31","1.35","27","53","24","8","53","0","3","0"
"Adbert Alzolay","NYM","RP","50.6","48","3","0","4.18","1.26","24","47","17","7","51","0","3","0"
"Emiliano Teodo","TEX","RP","15.4","15","1","0","4.33","1.43","7","14","8","2","15","0","1","0"
"Tony Gonsolin","","SP","17.3","17","1","0","4.55","1.35","9","16","8","3","4","3","1","0"
"Isaac Mattson","PIT","RP","64.4","62","3","2","4.18","1.35","30","58","29","8","60","0","3","0"
"Andrew Walters","CLE","RP","31.7","37","2","0","4.10","1.34","14","27","16","4","32","0","2","0"
"Tyler Holton","DET","SP,RP","72.1","60","4","1","3.62","1.16","29","65","18","9","67","0","3","0"
"Jared Koenig","MIL","RP","66.1","66","4","1","3.57","1.23","26","59","23","7","65","0","3","0"
"Caleb Thielbar","CHC","RP","64.6","66","4","1","3.72","1.20","27","56","21","8","67","0","3","0"
"Eduard Bazardo","SEA","RP","67.9","70","3","1","3.67","1.19","28","58","23","8","66","0","3","0"
"Chris Martin","TEX","RP","53.7","52","3","4","3.42","1.15","20","50","11","6","53","0","3","0"
"Steven Okert","HOU","RP","64.3","73","3","0","3.88","1.19","28","54","23","9","66","0","3","0"
"Taylor Rogers","MIN","RP","59.7","62","3","11","4.13","1.34","27","55","25","8","60","0","3","0"
"Jakob Junis","TEX","RP","65.2","56","3","2","3.98","1.22","29","63","17","8","58","0","3","0"
"Ryan Thompson","ARI","RP","62.9","52","4","3","3.88","1.30","27","63","19","6","61","0","3","0"
"Logan Allen","CLE","SP","121.4","98","6","0","4.54","1.40","61","124","47","17","27","22","8","0"
"Angel Zerpa","MIL","RP","60.8","56","3","0","3.59","1.26","24","57","20","6","60","0","3","0"
"Chris Paddack","","SP,RP","113.7","86","6","0","4.79","1.32","60","121","29","19","21","21","7","0"
"Bennett Sousa","HOU","RP","49.6","55","3","0","3.61","1.19","20","42","17","6","48","0","2","0"
"Justin Slaten","BOS","RP","60.4","56","4","0","3.97","1.26","27","56","20","7","57","0","3","0"
"Aaron Bummer","ATL","RP","60.6","62","3","0","3.68","1.30","25","57","22","5","58","0","3","0"
"Brusdar Graterol","LAD","RP","50.6","42","3","0","3.42","1.20","19","46","14","4","52","0","2","0"
"Andrew Nardi","MIA","RP","49.5","60","3","0","3.74","1.23","21","42","19","6","51","0","2","0"
"Tanner Banks","PHI","RP","63.1","59","3","0","3.96","1.24","28","60","18","8","61","0","3","0"
"Kody Funderburk","MIN","RP","63.6","60","3","4","3.89","1.35","27","60","26","6","61","0","3","0"
"Erik Miller","SF","RP","59.6","64","3","1","3.65","1.36","24","50","31","5","60","0","3","0"
"Greg Weissert","BOS","RP","65.4","58","4","1","4.14","1.31","30","63","23","8","65","0","3","0"
"Erik Sabrowski","CLE","RP","60.3","73","3","1","3.91","1.36","26","48","34","7","59","0","3","0"
"Anthony Bender","MIA","RP","61.7","58","3","1","3.91","1.30","27","57","24","6","63","0","3","0"
"Hoby Milner","CHC","RP","62.3","53","3","0","3.87","1.27","27","61","18","7","62","0","3","0"
"Julian Fernandez","WSH","RP","56.9","56","3","2","4.02","1.28","25","52","21","7","55","0","3","0"
"Tommy Nance","TOR","RP","56.7","54","3","0","3.89","1.26","25","54","18","6","55","0","3","0"
"Brendon Little","TOR","RP","54.5","60","3","0","3.58","1.36","22","45","29","4","56","0","3","0"
"Braydon Fisher","TOR","RP","51.6","59","3","0","3.84","1.29","22","43","23","6","51","0","2","0"
"John Schreiber","KC","RP","64.1","59","3","1","4.06","1.30","29","60","23","8","67","0","3","0"
"Andrew Alvarez","WSH","SP","111.4","80","5","0","4.44","1.40","55","113","43","13","40","16","6","0"
"Jimmy Herget","COL","RP","81.6","74","3","3","4.45","1.33","40","82","27","12","70","2","4","0"
"David Morgan","SD","RP","62.7","64","3","0","4.07","1.31","28","56","26","8","59","0","3","0"
"Mason Englert","TB","RP","61.0","57","3","0","4.13","1.26","28","59","18","8","54","0","3","0"
"Jose Butto","SF","SP,RP","63.9","58","3","2","4.03","1.33","29","59","26","7","57","0","3","0"
"Justin Wilson","","RP","48.2","51","3","0","3.73","1.27","20","43","18","5","49","0","2","0"
"Yoendrys Gomez","TB","SP,RP","75.4","73","4","0","4.47","1.34","37","70","31","11","38","8","4","0"
"Pierce Johnson","CIN","RP","61.4","67","3","1","4.19","1.32","29","57","24","9","61","0","3","0"
"Yennier Cano","BAL","RP","51.7","48","3","1","3.78","1.30","22","49","18","5","53","0","3","0"
"Colin Selby","BAL","RP","56.7","59","3","0","3.96","1.32","25","51","24","7","53","0","3","0"
"Tyler Alexander","TEX","SP,RP","74.8","62","4","0","4.57","1.29","38","76","20","12","53","3","4","0"
"Brock Burke","CIN","RP","63.4","57","3","1","4.15","1.31","29","62","21","8","63","0","3","0"
"Wandy Peralta","SD","RP","61.0","52","3","0","3.81","1.34","26","57","25","6","61","0","3","0"
"PJ Poulin","WSH","RP","59.0","58","3","2","4.05","1.35","27","55","25","7","59","0","3","0"
"Jake Bird","NYY","RP","54.2","56","3","0","3.96","1.31","24","48","23","6","52","0","2","0"
"Elvis Alvarado","ATH","RP","59.8","63","3","4","4.25","1.38","28","53","30","8","58","0","3","0"
"Alex Cobb","","SP","59.6","49","4","0","4.10","1.34","27","60","20","6","11","11","3","0"
"Tim Herrin","CLE","RP","52.9","54","3","0","3.84","1.34","23","46","25","5","54","0","3","0"
"Sam Hentges","SF","RP","49.8","49","2","0","3.60","1.27","20","46","17","4","52","0","2","0"
"Charlie Morton","","SP,RP","89.8","89","5","0","4.67","1.43","47","87","41","13","17","17","6","0"
"Brandon Eisert","CWS","SP,RP","61.9","60","3","1","4.21","1.33","29","60","22","8","62","0","4","0"
"Mitchell Parker","WSH","SP","94.1","71","5","0","4.67","1.37","49","97","32","13","40","11","6","0"
"Jonathan Loaisiga","ARI","RP","52.2","43","3","2","3.90","1.31","23","52","16","6","50","0","2","0"
"Jonathan Bowlan","PHI","RP","56.1","53","3","0","4.11","1.29","26","53","19","8","50","0","3","0"
"Spencer Bivens","SF","RP","70.4","53","3","2","4.16","1.34","33","72","23","8","62","0","4","0"
"Grant Anderson","MIL","RP","58.0","58","3","0","4.17","1.31","27","54","23","8","55","0","3","0"
"Nick Mears","KC","RP","60.8","58","3","0","4.20","1.31","28","56","23","7","61","0","3","0"
"Josh White","MIA","RP","47.6","51","3","0","3.92","1.30","21","42","20","6","45","0","2","0"
"A.J. Puk","ARI","RP","32.3","38","2","3","3.49","1.17","13","27","11","4","32","0","1","0"
"Brenan Hanifee","DET","RP","59.1","44","3","0","3.94","1.30","26","60","17","6","55","0","3","0"
"Caleb Ferguson","CIN","RP","57.4","54","3","0","4.07","1.33","26","54","22","6","59","0","3","0"
"Ryan Fernandez","STL","RP","56.8","58","3","0","4.13","1.34","26","51","25","6","55","0","3","0"
"Jovani Moran","BOS","RP","47.1","51","3","0","3.90","1.33","20","42","20","5","46","0","2","0"
"Huascar Brazoban","NYM","SP,RP","57.1","54","3","0","4.05","1.34","26","51","25","6","53","0","3","0"
"Scott Barlow","","RP","59.7","64","3","0","4.17","1.37","28","51","31","7","61","0","3","0"
"Enyel De Los Santos","HOU","RP","61.3","59","3","0","4.34","1.31","30","57","23","9","61","0","3","0"
"Brady Basso","ATH","RP","53.3","47","3","1","4.13","1.30","24","52","17","7","47","0","2","0"
"Eric Orze","MIN","RP","58.7","59","3","1","4.19","1.36","27","54","26","7","56","0","3","0"
"Tim Hill","NYY","RP","66.9","38","4","0","4.05","1.35","30","71","19","7","65","0","3","0"
"Paul Sewald","","RP","48.9","49","3","1","4.42","1.24","24","44","16","8","49","0","3","0"
"Jacob Webb","CHC","RP","54.2","51","3","0","4.21","1.29","25","48","21","7","52","0","3","0"
"Dietrich Enns","BAL","SP,RP","59.6","55","3","0","4.19","1.33","28","59","20","8","51","0","3","0"
"Jose Urquidy","","RP","99.3","75","5","0","4.92","1.35","54","102","32","17","19","19","7","0"
"Danny Coulombe","","RP","45.7","46","2","0","3.77","1.25","19","40","17","5","47","0","2","0"
"Jack Dreyer","LAD","SP,RP","45.0","45","2","0","3.82","1.23","19","39","16","5","44","0","2","0"
"Luis Garcia","NYM","RP","57.2","51","3","0","4.02","1.35","26","55","22","6","57","0","3","0"
"Ryne Stanek","STL","RP","58.9","59","3","2","4.30","1.37","28","53","27","8","61","0","3","0"
"Joel Payamps","ATL","RP","51.3","48","3","0","4.20","1.29","24","50","16","7","52","0","2","0"
"Jalen Beeks","","RP","53.3","47","3","0","4.02","1.33","24","50","21","6","52","0","3","0"
"Taylor Clarke","ARI","RP","61.1","50","3","1","4.38","1.30","30","62","17","9","56","0","3","0"
"Brent Headrick","NYY","RP","45.3","47","2","0","3.98","1.23","20","41","15","6","41","0","2","0"
"Yuki Matsui","SD","RP","54.8","55","3","0","4.22","1.34","26","49","25","7","53","0","2","0"
"Cole Sulser","TB","RP","51.4","46","3","0","4.10","1.31","23","49","18","7","48","0","3","0"
"Paul Blackburn","NYY","SP,RP","67.3","55","3","0","4.40","1.32","33","68","21","9","46","4","4","0"
"Kevin Kelly","TB","RP","44.2","39","2","0","3.88","1.21","19","43","11","5","44","0","2","0"
"Kyle Wright","","SP","79.5","65","4","0","4.59","1.38","41","80","29","10","15","14","5","0"
"Ryan Brasier","","RP","48.9","43","2","0","3.99","1.24","22","46","15","6","48","0","2","0"
"Bailey Falter","KC","SP","74.8","54","4","0","4.59","1.34","38","76","25","11","43","6","4","0"
"Carlos Vargas","SEA","RP","56.6","43","3","0","4.06","1.33","26","56","20","6","56","0","3","0"
"Casey Legumina","SEA","RP","49.3","48","3","0","4.18","1.32","23","45","19","6","48","0","3","0"
"Shelby Miller","","RP","26.5","28","2","4","3.56","1.17","11","22","10","3","24","0","2","0"
"Justin Martinez","ARI","RP","27.1","33","2","4","3.27","1.30","10","21","14","2","26","0","1","0"
"Anthony Banda","LAD","RP","57.6","55","3","0","4.32","1.36","28","53","25","8","57","0","2","0"
"Luis Medina","ATH","SP","98.8","86","5","0","4.83","1.44","53","97","46","13","32","15","6","0"
"Rob Zastryzny","MIL","RP","46.2","42","3","0","4.17","1.31","21","44","17","6","46","0","2","0"
"Emerson Hancock","SEA","SP,RP","55.3","44","3","0","4.33","1.31","27","54","18","8","35","4","3","0"
"Ian Hamilton","ATL","RP","49.4","51","2","0","3.95","1.35","22","45","22","5","47","0","2","0"
"Chase Silseth","LAA","RP","57.4","56","3","0","4.30","1.39","27","52","27","7","50","0","3","0"
"Daniel Lynch","KC","RP","59.9","45","3","0","4.28","1.34","28","60","20","8","54","0","3","0"
"Austin Warren","NYM","RP","45.5","42","3","0","4.26","1.31","22","43","17","6","41","0","3","0"
"Tyler Ferguson","ATH","RP","52.7","52","3","1","4.37","1.38","26","47","26","6","51","0","3","0"
"Kade Strowd","BAL","RP","57.3","54","3","0","4.24","1.40","27","54","26","7","57","0","3","0"
"Cade Gibson","MIA","RP","61.5","48","3","0","4.16","1.39","28","61","24","6","56","0","3","0"
"Mason Fluharty","TOR","RP","42.2","44","2","0","4.00","1.29","19","37","18","5","41","0","2","0"
"Tommy Kahnle","","RP","59.1","53","3","1","4.34","1.40","29","55","28","7","61","0","3","0"
"Alex Lange","KC","RP","47.1","49","3","0","4.11","1.41","22","41","25","4","49","0","3","0"
"Matt Pushard","STL","RP","51.3","45","3","0","4.30","1.35","25","50","19","7","50","0","3","0"
"Zack Kelly","BOS","SP,RP","54.4","53","3","0","4.33","1.39","26","50","25","7","51","0","3","0"
"Dylan Ross","NYM","RP","41.1","44","2","0","3.83","1.34","18","35","20","5","42","0","1","0"
"Gordon Graceffo","STL","RP","59.7","48","3","0","4.37","1.36","29","62","20","7","51","0","3","0"
"Dauri Moreta","","RP","33.6","39","2","0","3.84","1.26","14","28","15","4","34","0","2","0"
"Yaramil Hiraldo","BAL","RP","39.2","41","2","0","4.08","1.26","18","35","14","6","38","0","2","0"
"Jordan Hicks","BOS","SP,RP","59.5","54","3","0","4.25","1.42","28","58","26","6","55","0","3","0"
"Logan Evans","SEA","SP","56.3","44","3","0","4.38","1.34","27","55","20","7","25","7","3","0"
"Matt Gage","SF","RP","53.3","46","2","0","4.04","1.35","24","53","19","5","52","0","2","0"
"Brent Suter","","SP,RP","61.5","48","2","0","4.29","1.32","29","62","19","8","59","0","3","0"
"Luis Garcia","","SP","31.2","33","2","1","4.03","1.20","14","28","10","5","1","1","2","0"
"Luke Jackson","","RP","50.4","46","3","1","4.29","1.40","24","47","24","6","50","0","3","0"
"Kyle Hart","SD","SP,RP","64.2","54","3","0","4.57","1.36","33","63","24","9","28","8","4","0"
"Evan Sisk","PIT","RP","47.2","45","2","0","3.91","1.37","21","44","21","4","47","0","2","0"
"Jose Fermin","LAA","RP","50.0","53","3","0","4.49","1.38","25","44","25","7","51","0","3","0"
"Yohan Ramirez","PIT","RP","47.6","49","2","0","4.17","1.34","22","44","20","5","45","0","2","0"
"Josh Sborz","TEX","RP","45.1","47","2","0","4.19","1.32","21","41","19","5","44","0","2","0"
"Ryan Gusto","MIA","SP,RP","63.1","53","3","0","4.57","1.36","32","64","22","9","34","7","4","0"
"Jose Leclerc","","RP","43.9","48","2","0","4.19","1.33","20","38","20","6","44","0","2","0"
"Bradgley Rodriguez","SD","RP","42.6","39","3","0","4.11","1.38","19","39","20","5","41","0","2","0"
"Michael Kelly","ATH","RP","60.3","51","3","3","4.57","1.41","31","59","26","8","58","0","3","0"
"Andrew Chafin","","RP","45.7","49","2","0","4.03","1.38","20","40","22","5","48","0","2","0"
"Justin Bruihl","STL","RP","45.6","41","2","0","4.01","1.34","20","44","17","5","45","0","2","0"
"Jason Foley","SF","RP","31.1","26","2","0","3.60","1.24","12","30","9","3","32","0","2","0"
"Hayden Harris","ATL","RP","35.3","39","2","0","3.98","1.31","16","31","15","4","35","0","2","0"
"Craig Yoho","MIL","RP","35.5","38","2","0","3.92","1.32","15","31","16","4","35","0","2","0"
"Jonathan Cannon","CWS","SP,RP","105.7","78","4","0","4.91","1.40","58","111","37","16","31","16","7","0"
"Rico Garcia","BAL","RP","50.5","52","2","0","4.37","1.36","25","47","22","8","48","0","2","0"
"Tristan Beck","SF","RP","39.9","34","2","0","4.11","1.28","18","38","13","5","34","0","2","0"
"Pierson Ohl","COL","SP,RP","39.7","33","2","0","4.28","1.24","19","41","8","6","31","1","2","0"
"Steven Cruz","KC","RP","44.3","41","2","0","4.15","1.34","20","40","19","5","43","0","2","0"
"Jack Perkins","ATH","RP","28.8","31","2","0","3.87","1.26","12","25","12","4","23","0","1","0"
"Kyle Nicolas","PIT","RP","54.1","54","2","0","4.26","1.41","26","50","26","6","51","0","3","0"
"Colton Gordon","HOU","SP,RP","42.7","37","2","0","4.33","1.28","21","43","12","7","33","1","2","0"
"Connor Brogdon","CLE","RP","51.8","52","2","0","4.51","1.35","26","49","21","8","49","0","3","0"
"Travis Adams","MIN","SP,RP","60.6","48","3","0","4.60","1.38","31","63","21","8","47","2","3","0"
"Hunter Bigge","TB","RP","42.7","43","2","0","4.24","1.35","20","39","18","6","40","0","2","0"
"Justin Hagenman","NYM","RP","32.2","29","2","0","4.17","1.22","15","31","8","5","28","0","1","0"
"John Klein","MIN","SP,RP","49.9","43","3","0","4.62","1.36","26","50","18","7","45","0","3","0"
"Taijuan Walker","PHI","SP,RP","114.7","80","5","0","4.98","1.43","63","122","42","19","41","16","7","0"
"Clarke Schmidt","NYY","SP","27.8","27","2","0","3.92","1.23","12","25","9","4","13","3","1","0"
"Dylan Dodd","ATL","RP","40.1","34","2","0","4.23","1.29","19","41","11","5","37","0","2","0"
"Brennan Bernardino","COL","SP,RP","56.6","51","3","1","4.49","1.45","28","57","25","6","58","0","3","0"
"Tyler Gilbert","CWS","SP,RP","51.3","46","2","0","4.43","1.35","25","50","19","7","49","0","3","0"
"Colin Holderman","CLE","RP","40.9","39","2","0","4.14","1.36","19","38","17","5","41","0","2","0"
"Cooper Criswell","SEA","RP","37.6","31","2","0","4.11","1.30","17","37","12","4","27","2","2","0"
"Jaden Hill","COL","RP","50.8","50","2","0","4.46","1.37","25","50","19","6","50","0","3","0"
"Griff McGarry","WSH","SP","49.4","54","2","0","4.31","1.43","24","42","29","6","45","0","2","0"
"Kohl Drake","ARI","SP","47.4","43","2","0","4.38","1.35","23","46","18","6","18","6","3","0"
"Ron Marinaccio","SD","RP","42.0","41","2","0","4.31","1.35","20","38","19","6","40","0","2","0"
"Kendry Rojas","MIN","SP","39.2","36","2","0","4.18","1.34","18","38","15","5","36","0","2","0"
"JT Brubaker","SF","RP","49.3","41","2","0","4.35","1.35","24","49","18","6","44","0","2","0"
"DJ Herz","WSH","SP","30.2","33","2","0","4.01","1.33","13","25","15","4","19","2","2","0"
"Drew Thorpe","CWS","SP","64.0","48","3","0","4.75","1.37","34","64","24","10","12","12","4","0"
"James McArthur","KC","RP","35.7","32","2","0","4.16","1.31","17","35","12","4","35","0","2","0"
"Cal Quantrill","","SP","81.6","61","4","0","4.99","1.40","45","86","28","13","17","16","6","0"
"Craig Kimbrel","NYM","RP","31.0","37","2","0","4.18","1.34","14","25","16","4","31","0","2","0"
"Easton McGee","MIL","RP","32.1","28","2","0","4.10","1.29","15","31","10","4","29","0","1","0"
"Chad Green","","RP","48.1","42","2","0","4.59","1.32","25","47","16","8","48","0","3","0"
"Anthony Nunez","BAL","RP","25.4","28","2","0","3.95","1.29","11","22","11","3","25","0","1","0"
"Andre Granillo","STL","RP","36.5","36","2","0","4.27","1.34","17","33","16","5","34","0","2","0"
"Drew Smith","","RP","40.5","41","2","0","4.42","1.35","20","37","18","6","40","0","2","0"
"Carlos Rodriguez","MIL","RP","43.2","39","2","0","4.46","1.33","21","40","17","6","29","3","2","0"
"Sam Moll","CIN","RP","38.8","38","2","0","4.29","1.36","18","36","17","5","40","0","2","0"
"Peyton Pallette","CLE","RP","44.6","44","2","0","4.46","1.37","22","41","19","6","42","0","2","0"
"Zak Kent","TEX","RP","36.9","36","2","0","4.18","1.37","17","34","17","4","34","0","2","0"
"Konnor Pilkington","WSH","RP","52.9","51","2","1","4.41","1.44","26","48","28","7","52","0","3","0"
"Ethan Roberts","CHC","RP","37.2","36","2","0","4.32","1.34","18","35","15","5","37","0","2","0"
"Rafael Montero","","RP","55.5","53","2","0","4.45","1.42","27","51","28","7","56","0","3","0"
"Steven Wilson","TB","RP","52.3","51","2","0","4.71","1.36","27","48","23","9","52","0","3","0"
"Evan Phillips","","RP","22.1","24","1","0","3.48","1.16","9","19","7","2","22","0","1","0"
"Will Klein","LAD","RP","44.9","50","2","0","4.33","1.45","22","39","26","5","44","0","2","0"
"Ryan Watson","BOS","SP,RP","39.7","34","2","0","4.28","1.35","19","40","14","5","39","0","2","0"
"Paxton Schultz","WSH","RP","42.2","39","2","0","4.41","1.36","21","41","17","6","37","0","2","0"
"Kyle Hurt","LAD","RP","33.9","35","2","0","4.25","1.36","16","30","16","4","16","4","1","0"
"Cody Laweryson","LAA","RP","46.3","40","2","0","4.50","1.35","23","46","16","7","43","0","2","0"
"Dylan Smith","DET","RP","37.8","33","2","0","4.22","1.36","18","35","16","4","35","0","2","0"
"RJ Petit","COL","RP","53.3","47","3","0","4.70","1.43","28","56","21","7","52","0","4","0"
"Brandyn Garcia","ARI","RP","44.4","40","2","0","4.18","1.43","21","43","20","4","42","0","2","0"
"Zach McCambley","PHI","SP,RP","43.1","42","2","0","4.43","1.39","21","41","19","6","43","0","2","0"
"Trent Thornton","CHC","RP","31.7","27","2","0","4.30","1.29","15","31","10","4","30","0","1","0"
"Brock Stewart","LAD","RP","29.0","33","1","0","3.98","1.27","13","25","12","4","29","0","1","0"
"Jedixson Paez","CWS","SP","40.5","32","2","0","4.40","1.33","20","42","12","6","38","0","2","0"
"Jose Castillo","","RP","20.0","21","2","0","3.60","1.30","8","18","8","2","19","0","1","0"
"Austin Gomber","TEX","SP","54.7","40","3","0","4.96","1.34","30","58","15","10","21","7","4","0"
"Bailey Horn","DET","RP","46.9","43","2","0","4.35","1.42","23","44","22","6","45","0","3","0"
"Roddery Munoz","HOU","RP","49.1","49","2","0","4.60","1.40","25","45","23","7","43","0","3","0"
"Nick Sandlin","LAA","RP","31.2","32","2","0","4.33","1.34","15","27","15","5","33","0","2","0"
"Yerry De los Santos","NYY","RP","32.6","27","2","0","4.04","1.36","15","32","13","4","30","0","1","0"
"Mitch Spence","ATH","SP,RP","38.8","32","2","0","4.42","1.33","19","40","11","5","30","1","2","0"
"Michael Tonkin","MIN","RP","35.3","33","2","0","4.49","1.32","18","34","13","5","33","0","2","0"
"Chris Murphy","CWS","RP","37.9","34","2","0","4.22","1.39","18","35","18","4","33","0","2","0"
"Osvaldo Bido","LAA","SP,RP","47.9","44","2","0","4.62","1.37","25","46","19","7","33","2","3","0"
"Andrew Hoffmann","ARI","RP","40.1","36","2","0","4.31","1.39","19","40","16","5","38","0","2","0"
"Reiver Sanmartin","SF","RP","40.3","29","2","0","4.14","1.38","19","42","13","4","38","0","2","0"
"John King","","RP","44.5","29","2","0","4.12","1.39","20","48","13","5","44","0","2","0"
"Eli Morgan","","RP","41.2","36","2","0","4.57","1.34","21","40","15","6","40","0","2","0"
"Max Lazar","PHI","RP","38.4","31","2","0","4.46","1.33","19","39","12","5","36","0","2","0"
"Ty Adcock","SD","RP","34.7","32","2","0","4.44","1.34","17","33","13","5","33","0","2","0"
"Troy Taylor","SEA","RP","37.9","35","2","0","4.33","1.39","18","35","17","5","39","0","2","0"
"Joey Lucchesi","","RP","46.1","35","2","0","4.33","1.39","22","46","18","5","44","0","2","0"
"Luinder Avila","KC","RP","36.6","32","2","0","4.24","1.39","17","35","16","4","34","0","2","0"
"Joe Ross","","RP","45.5","37","2","0","4.45","1.38","23","46","17","6","42","0","2","0"
"Beau Brieske","DET","RP","46.1","40","2","0","4.54","1.38","23","44","20","6","45","0","3","0"
"Brandon Young","BAL","SP","34.2","30","2","0","4.49","1.32","17","34","11","5","20","3","2","0"
"Robinson Ortiz","SEA","SP,RP","34.2","32","2","0","4.21","1.40","16","31","17","4","34","0","2","0"
"Tim Mayza","PHI","RP","29.2","24","2","0","4.09","1.35","13","30","10","3","30","0","1","0"
"Gus Varland","WSH","RP","37.0","35","2","0","4.40","1.39","18","36","15","4","37","0","2","0"
"Brandon Williamson","CIN","SP","47.2","40","2","0","4.67","1.36","24","47","18","7","30","3","2","0"
"Juan Morillo","ARI","RP","48.7","45","2","0","4.26","1.48","23","47","25","5","50","0","2","0"
"Austin Peterson","CLE","SP","37.1","27","2","0","4.49","1.31","19","39","10","6","22","3","2","0"
"Grant Wolfram","BAL","RP","30.0","29","2","0","4.17","1.39","14","29","13","3","29","0","2","0"
"Grant Holman","ATH","RP","38.8","34","2","0","4.39","1.39","19","38","16","5","39","0","2","0"
"Kolby Allard","","SP,RP","46.0","35","2","0","4.52","1.37","23","48","15","7","40","0","2","0"
"Jackson Rutledge","WSH","SP,RP","57.1","49","2","0","4.71","1.40","30","57","23","8","51","0","3","0"
"Lou Trivino","","RP","41.5","37","2","0","4.53","1.39","21","40","18","6","41","0","2","0"
"Josh Simpson","MIA","RP","38.8","37","2","0","4.33","1.44","19","36","20","4","39","0","2","0"
"Daysbel Hernandez","ATL","RP","33.5","36","2","0","4.33","1.44","16","29","19","4","33","0","2","0"
"Hector Neris","KC","RP","28.0","29","2","0","4.37","1.37","14","25","13","4","28","0","2","0"
"Nick Raquet","STL","RP","34.2","27","2","0","4.30","1.37","16","35","12","4","33","0","2","0"
"Kaleb Ort","LAA","RP","36.1","36","2","0","4.60","1.38","18","32","17","5","36","0","2","0"
"Carter Baumler","TEX","SP,RP","49.6","43","2","0","4.59","1.41","25","48","22","6","47","0","3","0"
"Zach Pop","PHI","RP","46.6","36","2","0","4.52","1.39","23","48","17","6","46","0","3","0"
"Eduarniel Nunez","ATH","RP","45.8","46","2","0","4.42","1.48","23","41","27","6","44","0","2","0"
"Adam Mazur","MIA","SP","39.3","30","2","0","4.56","1.35","20","41","12","6","22","4","2","0"
"Shawn Dubin","ARI","RP","22.3","22","2","0","4.03","1.37","10","21","10","2","17","0","1","0"
"Jorge Lopez","","RP","33.7","28","2","0","4.45","1.36","17","34","12","4","34","0","2","0"
"Luis Curvelo","TEX","RP","31.5","29","2","0","4.50","1.36","16","29","13","4","30","0","2","0"
"Tayler Saucedo","LAA","RP","34.2","30","2","0","4.31","1.41","16","33","15","4","35","0","2","0"
"Pedro Avila","CLE","RP","34.8","31","2","0","4.42","1.40","17","34","15","4","26","2","2","0"
"Chase Lee","TOR","RP","24.5","24","1","0","4.07","1.25","11","23","8","3","23","0","1","0"
"Brandan Bidois","PIT","RP","38.5","36","2","0","4.46","1.44","19","36","19","5","38","0","3","0"
"Keaton Winn","SF","SP,RP","27.9","25","1","0","4.12","1.28","13","27","8","3","23","0","1","0"
"Chase Shugart","PHI","RP","37.9","31","2","0","4.57","1.38","19","37","15","5","35","0","2","0"
"Hayden Wesneski","HOU","SP","25.5","24","1","0","4.21","1.24","12","24","8","4","17","2","1","0"
"Bryan Hudson","CWS","RP","29.4","27","1","0","4.06","1.33","13","27","12","3","27","0","1","0"
"Keegan Thompson","COL","RP","35.7","35","2","0","4.62","1.42","18","35","16","5","32","0","2","0"
"Chris Roycroft","STL","RP","41.4","33","2","0","4.37","1.45","20","41","19","4","39","0","2","0"
"Scott Alexander","","RP","32.3","23","2","0","4.24","1.41","15","34","12","3","34","0","2","0"
"Yosver Zulueta","SEA","RP","23.7","25","1","0","3.86","1.35","10","20","12","2","22","0","1","0"
"Jonathan Pintaro","NYM","SP,RP","28.5","27","1","0","4.02","1.36","13","26","13","3","24","1","1","0"
"Luke Little","CHC","RP","21.7","24","1","0","3.68","1.37","9","17","13","2","22","0","1","0"
"Michael Petersen","MIA","RP","34.6","33","1","0","4.39","1.36","17","33","14","5","33","0","1","0"
"Andrew Morris","MIN","SP","25.2","21","1","0","4.14","1.28","12","25","7","3","24","0","1","0"
"Garrett Hawkins","SD","RP","25.4","26","1","0","4.19","1.33","12","23","11","4","25","0","1","0"
"Mason Barnett","ATH","SP","46.0","39","2","0","4.76","1.42","24","46","20","7","24","5","2","0"
"Richard Lovelady","NYM","RP","21.4","20","1","0","3.98","1.28","9","20","8","3","21","0","1","0"
"Colin Poche","","RP","32.9","30","2","0","4.68","1.41","17","30","16","5","34","0","2","0"
"Juan Burgos","ARI","RP","32.7","27","2","0","4.48","1.43","16","33","14","4","32","0","2","0"
"Liam Hendriks","","RP","23.3","24","1","0","4.25","1.30","11","21","9","3","24","0","1","0"
"Bryan Hoeing","SD","RP","30.4","25","1","0","4.27","1.33","14","30","10","4","22","2","1","0"
"Michel Otanez","TEX","RP","26.6","32","1","0","4.18","1.42","12","22","16","3","26","0","1","0"
"Sam Bachman","LAA","RP","32.5","27","2","0","4.44","1.45","16","32","16","4","31","0","2","0"
"Wikelman Gonzalez","CWS","SP,RP","54.8","53","2","0","4.74","1.49","29","49","33","7","49","0","3","0"
"Sammy Peralta","MIL","RP","25.6","22","1","0","4.24","1.30","12","25","9","3","22","0","1","0"
"Kendall Graveman","","RP","40.9","35","2","0","4.54","1.47","21","40","20","5","41","0","2","0"
"Philip Abner","ARI","RP","27.7","26","1","0","4.20","1.36","13","27","11","3","28","0","1","0"
"Josh Winckowski","TOR","RP","18.1","16","1","0","3.73","1.27","8","18","6","2","12","1","1","0"
"Derek Law","","RP","27.8","24","1","0","4.22","1.34","13","27","10","3","27","0","2","0"
"Joe Rock","TB","SP,RP","31.6","26","1","0","4.30","1.35","15","32","10","4","21","2","2","0"
"Michael Grove","","RP","17.4","19","1","0","4.15","1.24","8","16","6","3","12","1","1","0"
"Codi Heuer","CLE","RP","18.0","20","1","0","3.99","1.30","8","16","8","3","12","0","1","0"
"Jesse Scholtens","TB","SP,RP","30.9","27","1","0","4.47","1.33","15","31","10","5","26","0","1","0"
"Jose Suarez","ATL","RP","22.2","21","1","0","4.17","1.31","10","21","8","3","18","1","1","0"
"Ryan Feltner","COL","SP","112.5","90","5","0","5.22","1.50","65","121","47","17","27","20","8","0"
"Kervin Castro","NYY","RP","25.7","24","1","0","4.18","1.36","12","23","11","3","25","0","1","0"
"Matt Waldron","SD","SP","37.7","30","2","0","4.94","1.37","21","39","12","6","7","7","3","0"
"Spencer Turnbull","","SP,RP","62.3","47","3","0","4.95","1.47","34","65","27","8","13","12","4","0"
"Hunter Stratton","ATL","RP","23.0","21","1","0","4.22","1.31","11","22","8","3","22","0","1","0"
"Josh Walker","BAL","RP","29.1","32","2","0","4.80","1.46","16","27","16","5","26","0","2","0"
"Tyler Samaniego","BOS","RP","25.4","21","2","0","4.47","1.43","13","26","11","3","25","0","1","0"
"Danny Young","ATL","RP","18.9","20","1","0","3.90","1.35","8","17","9","2","20","0","1","0"
"John Rooney","TB","RP","17.5","21","1","0","3.85","1.37","8","14","11","2","13","0","1","0"
"Ryan Borucki","CWS","RP","19.2","19","1","0","4.06","1.31","9","17","8","3","20","0","1","0"
"Alex Carrillo","NYM","RP","23.4","26","1","0","4.36","1.36","11","20","12","3","22","0","2","0"
"Ryan Burr","","SP,RP","11.0","16","1","0","3.68","1.23","5","9","5","1","12","0","1","0"
"Ronel Blanco","HOU","SP","18.2","18","1","0","4.18","1.28","8","16","7","3","8","2","1","0"
"Scott McGough","","RP","31.3","28","2","0","4.86","1.42","17","31","13","5","30","0","2","0"
"Evan Reifert","TB","RP","19.7","22","1","0","4.12","1.37","9","17","10","2","19","0","1","0"
"Sean Guenther","DET","RP","19.0","15","1","0","3.93","1.30","8","19","6","2","18","0","1","0"
"Chris Devenski","PIT","RP","27.3","23","1","0","4.44","1.33","13","27","9","4","26","0","1","0"
"Franco Aleman","CLE","RP","20.5","23","1","0","4.17","1.38","10","18","10","3","20","0","1","0"
"McCade Brown","COL","SP","81.2","75","3","0","5.24","1.47","47","83","36","14","17","17","6","0"
"Jose Corniell","TEX","SP,RP","23.7","21","1","0","4.46","1.30","12","22","8","3","15","2","1","0"
"Cade Winquest","NYY","SP","38.8","30","2","0","4.82","1.42","21","39","16","5","36","0","2","0"
"Tyson Neighbors","BAL","RP","21.2","22","1","0","4.32","1.34","10","19","9","3","21","0","1","0"
"Dom Hamel","NYY","SP,RP","28.9","26","1","0","4.54","1.35","15","28","11","4","26","0","1","0"
"Trevor Williams","WSH","SP","32.9","26","1","0","4.57","1.35","17","35","10","5","20","3","2","0"
"Gregory Santos","SF","RP","21.0","19","1","0","3.89","1.41","9","20","10","2","20","0","1","0"
"Erick Fedde","","SP,RP","34.4","25","2","0","4.81","1.41","18","35","14","6","7","6","2","0"
"Brendan Beck","NYY","SP","18.0","15","1","0","4.23","1.26","8","18","5","3","18","0","1","0"
"Drew Sommers","DET","RP","20.1","17","1","0","3.99","1.36","9","20","8","2","21","0","1","0"
"Jhony Brito","SD","RP","21.7","17","1","0","4.26","1.32","10","22","7","3","19","1","1","0"
"Easton Lucas","","SP,RP","22.4","22","1","0","4.21","1.40","11","21","11","3","12","1","2","0"
"Ryan Johnson","LAA","RP","20.6","20","1","0","4.31","1.35","10","21","7","3","19","0","1","0"
"Carson Seymour","SF","SP,RP","22.0","19","1","0","4.18","1.37","10","22","9","2","18","0","1","0"
"Joey Gerber","NYM","SP,RP","20.7","20","1","0","4.47","1.32","10","20","8","3","20","0","1","0"
"Jayden Murray","HOU","RP","29.4","25","1","0","4.48","1.38","15","29","12","4","29","0","1","0"
"Daison Acosta","SD","RP","20.0","21","1","0","4.22","1.39","9","17","11","2","20","0","1","0"
"Kyle Backhus","PHI","RP","21.8","21","1","0","4.32","1.37","10","21","9","3","24","0","1","0"
"Daniel Robert","","RP","11.1","12","1","0","3.66","1.26","5","10","5","1","12","0","1","0"
"Lazaro Estrada","TOR","SP,RP","20.5","19","1","0","4.53","1.30","10","20","6","3","17","0","1","0"
"Jorge Alcala","TOR","RP","22.0","23","1","0","4.57","1.35","11","20","9","4","22","0","1","0"
"Hunter Strickland","","RP","34.4","27","2","0","4.90","1.43","19","34","15","5","34","0","2","0"
"Sean Sullivan","COL","SP","44.7","33","2","0","5.09","1.39","25","49","13","8","8","8","3","0"
"Cole Wilcox","SEA","RP","23.6","19","1","0","4.27","1.37","11","23","9","3","22","0","1","0"
"Paul Gervase","LAD","RP","23.8","25","1","0","4.53","1.39","12","21","12","4","23","0","1","0"
"Riley Martin","CHC","RP","19.8","20","1","0","4.08","1.43","9","18","11","2","19","0","1","0"
"Ryan Harbin","PIT","RP","35.7","34","2","0","4.63","1.55","18","35","21","4","35","0","2","0"
"Carlos Hernandez","CLE","RP","18.1","18","1","0","4.27","1.36","9","17","8","2","17","0","1","0"
"Zach Agnos","COL","RP","48.2","38","2","1","5.00","1.46","27","50","20","8","47","0","3","0"
"George Soriano","ATL","RP","26.2","25","1","0","4.63","1.38","13","25","11","4","20","0","1","0"
"Shane Drohan","BOS","SP","16.6","16","1","0","4.21","1.35","8","15","7","2","16","0","1","0"
"Luis Guerrero","TB","RP","29.8","27","2","0","4.85","1.49","16","28","17","4","28","0","2","0"
"Brycen Mautz","STL","SP","17.4","15","1","0","4.32","1.32","8","17","6","2","15","1","1","0"
"Mason Black","KC","SP,RP","45.6","37","2","0","4.95","1.46","25","46","20","7","24","4","3","0"
"AJ Smith-Shawver","ATL","SP","13.5","14","1","0","4.24","1.30","6","12","5","2","6","2","1","0"
"Dillon Tate","","RP","14.5","13","1","0","4.03","1.34","7","13","7","1","13","0","1","0"
"Angel Bastardo","TOR","SP","18.9","18","1","0","4.33","1.38","9","18","8","2","16","1","1","0"
"Domingo Gonzalez","SEA","RP","16.6","16","1","0","4.30","1.35","8","15","7","2","17","0","1","0"
"Genesis Cabrera","PHI","RP","25.9","24","1","0","4.57","1.40","13","25","11","4","25","0","1","0"
"Jose Espada","BAL","RP","17.1","18","1","0","4.39","1.37","8","15","8","2","15","0","1","0"
"Mike Clevinger","","RP","30.8","24","2","0","5.05","1.42","17","32","12","5","11","5","2","0"
"Alex Faedo","","SP,RP","13.3","14","1","0","4.40","1.28","7","12","5","2","8","1","1","0"
"Jackson Kowar","SEA","RP","28.6","27","1","0","4.61","1.42","15","27","14","4","28","0","2","0"
"Robert Stock","NYM","SP,RP","19.0","21","1","0","4.27","1.45","9","17","11","3","13","1","1","0"
"Welinton Herrera","COL","RP","22.3","22","1","0","4.45","1.42","11","22","10","3","22","0","2","0"
"Duncan Davitt","CWS","SP","35.5","27","1","0","4.77","1.37","19","37","12","5","15","5","2","0"
"Prelander Berroa","CWS","RP","30.0","31","1","0","4.53","1.48","15","27","18","4","30","0","2","0"
"Joey Estes","ATH","SP","28.0","21","1","0","4.92","1.30","15","29","8","5","23","1","1","0"
"Alan Rangel","PHI","SP,RP","26.9","22","1","0","4.76","1.35","14","27","9","5","13","3","1","0"
"Thomas Harrington","PIT","SP,RP","29.6","24","1","0","4.74","1.37","16","31","10","4","11","5","2","0"
"Roansy Contreras","","SP,RP","35.4","26","2","0","4.95","1.45","20","37","15","6","22","1","3","0"
"Ty Madden","DET","RP","22.2","20","1","0","4.55","1.39","11","22","9","3","14","2","1","0"
"Albert Suarez","BAL","SP,RP","21.9","18","1","0","4.58","1.36","11","22","7","3","19","0","1","0"
"Alek Jacob","SD","RP","31.2","28","1","0","4.75","1.41","16","30","14","5","29","0","2","0"
"Wade Miley","","SP","49.6","32","2","0","4.91","1.44","27","53","18","7","10","10","4","1"
"David Sandlin","BOS","SP,RP","19.7","17","1","0","4.53","1.36","10","20","7","3","20","0","1","0"
"Cameron Foster","BAL","RP","22.5","20","1","0","4.57","1.39","11","23","9","3","22","0","1","0"
"Alec Marsh","KC","SP","12.2","12","1","0","4.26","1.31","6","11","4","2","3","1","1","0"
"Carson Fulmer","","SP,RP","20.3","19","1","0","4.44","1.41","10","20","9","3","10","1","1","0"
"K.C. Hunt","MIL","SP","12.0","11","1","0","4.28","1.28","6","11","4","2","12","0","1","0"
"J.P. France","HOU","SP,RP","23.4","20","1","0","4.54","1.40","12","23","10","3","20","0","1","0"
"Marco Raya","MIN","SP,RP","19.5","17","1","0","4.39","1.40","10","19","8","2","19","0","1","0"
"Gavin Hollowell","CHC","RP","17.5","18","1","0","4.44","1.41","9","16","9","2","17","0","1","0"
"Marc Church","TEX","RP","35.5","33","2","0","4.85","1.54","19","34","21","5","34","0","2","0"
"Braden Nett","ATH","SP","35.9","29","2","0","4.87","1.50","19","36","18","5","17","5","2","0"
"Cam Booser","TB","RP","20.2","23","1","0","4.58","1.45","10","19","10","3","21","0","1","0"
"Sauryn Lao","","RP","10.4","8","1","0","3.95","1.27","5","10","4","1","8","0","1","0"
"Jake Miller","DET","SP","14.2","12","1","0","4.33","1.33","7","14","5","2","14","0","1","0"
"Dane Dunning","SEA","SP,RP","13.4","12","1","0","4.28","1.34","6","13","4","2","9","1","1","0"
"Bryce Montes de Oca","WSH","RP","13.0","15","1","0","4.01","1.47","6","11","8","1","13","0","1","0"
"Tanner Gordon","COL","SP","126.1","87","5","0","5.47","1.44","77","150","31","24","24","24","10","0"
"Kevin Herget","NYM","RP","9.7","8","1","0","4.18","1.23","5","9","3","1","6","0","0","0"
"Miguel Castro","LAA","RP","24.3","21","1","0","4.61","1.41","12","23","11","3","24","0","1","0"
"T.J. McFarland","","RP","29.4","20","1","0","4.46","1.42","15","32","10","3","31","0","2","0"
"Tanner Rainey","DET","RP","15.4","16","1","0","4.41","1.41","8","14","8","2","16","0","1","0"
"Caleb Boushley","","RP","24.9","19","1","0","4.52","1.41","13","27","9","4","15","1","2","0"
"Nick Anderson","ATH","RP","20.8","19","1","0","4.67","1.39","11","21","8","3","20","0","1","0"
"Shane Murphy","CWS","RP","18.0","12","1","0","4.57","1.31","9","19","5","3","18","0","1","0"
"Julian Aguiar","CIN","SP","33.1","24","1","0","4.84","1.37","18","35","10","5","25","2","2","0"
"Jhonathan Diaz","SEA","RP","12.3","9","1","0","4.15","1.32","6","13","4","1","6","2","1","0"
"Brian Van Belle","TB","SP,RP","11.6","9","1","0","4.26","1.29","6","12","3","2","5","1","1","0"
"Valente Bellozo","","SP,RP","15.9","12","1","0","4.25","1.38","8","17","5","3","4","4","1","0"
"Alex Hoppe","SEA","RP","14.9","13","1","0","4.16","1.42","7","14","7","2","15","0","1","0"
"Ronan Kopp","LAD","SP,RP","13.6","15","1","0","4.18","1.46","6","11","9","2","13","0","1","0"
"Jack Neely","CHC","RP","19.0","20","1","0","4.58","1.44","10","17","10","3","19","0","1","0"
"Eric Cerantola","KC","RP","19.6","19","1","0","4.45","1.45","10","18","11","2","19","0","1","0"
"Ryan Loutos","SEA","RP","20.8","18","1","0","4.50","1.42","10","20","9","3","21","0","1","0"
"Jackson Wolf","SD","SP","11.3","10","1","0","4.32","1.31","5","11","4","2","11","0","1","0"
"John Brebbia","","RP","22.4","22","1","0","4.87","1.39","12","23","8","4","22","0","1","0"
"Jhancarlos Lara","ATL","SP,RP","14.4","16","1","0","4.18","1.49","7","12","9","1","14","0","1","0"
"Enoli Paredes","BAL","RP","8.6","10","1","0","4.19","1.34","4","7","5","1","8","0","1","0"
"Spencer Miles","TOR","SP","18.1","17","1","0","4.40","1.45","9","18","8","3","18","0","1","0"
"Austin Love","STL","SP","29.4","25","1","0","4.68","1.44","15","29","13","4","29","0","2","0"
"Landon Knack","LAD","SP","24.0","21","1","0","4.91","1.37","13","23","10","4","13","3","1","0"
"Orlando Ribalta","WSH","RP","37.5","35","1","0","4.74","1.48","20","36","19","5","37","0","2","0"
"Jack Little","DET","RP","12.6","10","1","0","4.29","1.35","6","12","5","1","8","0","1","0"
"Tanner Houck","BOS","SP","18.0","14","1","0","4.61","1.36","9","18","6","2","3","2","1","0"
"James Karinchak","ATL","RP","11.9","14","1","0","4.51","1.40","6","10","6","2","12","0","1","0"
"Bryan Sammons","DET","RP","19.6","18","1","0","4.59","1.43","10","19","10","4","4","1","1","0"
"Dan Altavilla","MIN","RP","34.1","28","1","0","4.67","1.46","18","33","17","4","34","0","2","0"
"Dugan Darnell","DET","RP","10.7","11","1","0","4.22","1.41","5","9","6","1","8","0","1","0"
"Kyle Keller","","RP","33.0","32","1","0","4.86","1.46","18","32","16","5","33","0","1","0"
"Robinson Pina","","SP,RP","9.5","8","1","0","4.25","1.31","5","10","3","2","8","1","1","0"
"Christian MacLeod","MIN","P","10.6","10","1","0","4.28","1.37","5","10","5","1","10","0","0","0"
"Nolan Hoffman","PHI","SP,RP","16.4","15","1","0","4.42","1.44","8","16","8","2","16","0","1","0"
"Josh Ekness","MIA","RP","17.2","15","1","0","4.46","1.43","9","17","8","2","17","0","1","0"
"Scott Effross","DET","RP","17.6","12","1","0","4.41","1.39","9","19","6","2","18","0","1","0"
"Doug Nikhazy","CLE","SP,RP","29.5","26","1","0","4.70","1.46","15","29","14","4","20","2","2","0"
"Jose Franco","CIN","SP,RP","16.0","15","1","0","4.73","1.38","8","15","7","2","16","0","1","0"
"Rolddy Munoz","ATL","RP","19.8","18","1","0","4.50","1.46","10","19","10","2","19","0","1","0"
"Carlos Carrasco","ATL","SP","37.0","28","2","0","5.06","1.48","21","41","13","6","8","8","2","0"
"Taylor Rashi","","RP","12.3","12","1","0","4.23","1.45","6","12","6","1","11","0","0","0"
"Blake Walston","ARI","RP","17.1","14","1","0","4.52","1.41","9","17","7","2","14","1","1","0"
"William Kempner","MIA","RP","24.1","23","1","0","4.67","1.47","13","23","13","3","24","0","2","0"
"Jayvien Sandridge","NYY","RP","14.9","17","1","0","4.45","1.50","7","13","9","2","16","0","1","0"
"Will Johnston","ATH","SP,RP","11.3","11","1","0","4.35","1.41","5","10","6","2","11","0","1","0"
"A.J. Causey","KC","P","15.4","13","1","0","4.59","1.39","8","15","6","2","15","0","1","0"
"Bryse Wilson","PHI","SP,RP","29.9","21","1","0","4.83","1.39","16","32","9","5","14","3","2","0"
"Shinnosuke Ogasawara","WSH","SP,RP","14.1","10","1","0","4.49","1.36","7","15","4","2","11","0","1","0"
"Chris Flexen","","RP","25.9","20","1","0","4.69","1.43","14","28","9","4","12","1","2","0"
"Ben Lively","","SP","19.0","14","1","0","4.74","1.37","10","20","7","4","4","4","1","0"
"Jake Eder","WSH","SP,RP","28.5","23","1","0","4.83","1.42","15","29","11","4","25","0","2","0"
"Jake Bloss","TOR","SP","14.1","12","1","0","4.62","1.38","7","14","6","2","13","0","1","0"
"Isaiah Campbell","ARI","RP","18.9","14","1","0","4.53","1.42","10","20","7","2","19","0","1","0"
"Francis Pena","SD","RP","13.5","11","1","0","4.31","1.44","6","13","6","2","13","0","1","0"
"Lyon Richardson","CIN","RP","23.6","20","1","0","4.56","1.48","12","23","12","3","21","0","1","0"
"Hans Crouse","BAL","RP","8.0","9","1","0","4.47","1.38","4","7","4","1","8","0","1","0"
"Dax Fulton","MIA","SP","19.0","16","1","0","4.51","1.47","10","19","9","2","12","2","1","0"
"Tate Kuehner","MIL","P","9.5","8","1","0","4.31","1.39","5","9","5","1","9","0","1","0"
"Ryan Rolison","CHC","RP","20.1","15","1","0","4.62","1.43","10","21","8","3","18","0","1","0"
"Jeff Criswell","COL","RP","20.2","20","1","0","4.87","1.45","11","21","9","3","19","0","1","0"
"Ben Bowden","ATH","RP","12.1","13","1","0","4.48","1.49","6","11","8","1","14","0","1","0"
"Yilber Diaz","ARI","RP","30.3","29","1","1","4.81","1.53","16","29","17","4","23","2","1","0"
"Andrew Sears","DET","SP","9.5","8","1","0","4.50","1.37","5","9","4","1","9","0","1","0"
"Lucas Sims","","RP","32.6","32","2","0","5.24","1.54","19","29","21","5","34","0","2","0"
"John Curtiss","ARI","RP","21.1","17","1","0","4.90","1.40","12","22","8","4","18","0","2","0"
"Freddy Tarnok","MIA","SP,RP","12.6","12","1","0","4.65","1.43","7","11","7","2","7","1","1","0"
"Zack Thompson","STL","RP","14.0","14","1","0","4.65","1.47","7","13","8","2","9","1","1","0"
"Seth Martinez","BOS","RP","11.0","9","1","0","4.59","1.39","6","11","4","2","11","0","1","0"
"Brandon Waddell","NYM","RP","21.8","18","1","0","4.75","1.45","11","22","9","3","12","0","1","0"
"Joe La Sorsa","PIT","RP","15.0","10","1","0","4.44","1.43","7","16","6","2","14","0","1","0"
"Scott Blewett","STL","RP","23.5","18","1","0","4.80","1.43","13","25","9","3","21","0","1","0"
"Cam Sanders","PIT","RP","26.1","26","1","0","4.70","1.53","14","24","16","3","25","0","1","0"
"Henry Baez","ATH","SP","17.5","12","1","0","4.62","1.42","9","18","7","2","5","3","1","0"
"Ken Waldichuk","TB","SP","24.1","23","1","0","4.90","1.47","13","23","12","4","12","2","1","0"
"Dale Stanavich","MIA","RP","13.8","13","1","0","4.49","1.50","7","13","8","2","14","0","1","0"
"Robby Ahlstrom","TEX","RP","22.2","19","1","0","4.71","1.48","12","22","11","3","22","0","1","0"
"Jake Miller","CLE","P","16.0","12","1","0","4.66","1.43","8","17","6","2","16","0","1","0"
"Angel Chivilli","NYY","RP","30.1","26","1","0","4.91","1.46","16","33","11","5","28","0","2","0"
"Seth Johnson","PHI","SP,RP","22.9","21","1","0","4.81","1.48","12","23","11","3","20","1","1","0"
"Josh Staumont","CIN","RP","13.0","13","1","0","4.76","1.46","7","12","7","2","13","0","1","0"
"Gabriel Hughes","COL","SP","40.4","28","2","0","5.08","1.49","23","45","15","6","17","6","3","0"
"Alexander Alberto","CWS","RP","47.8","39","2","0","4.93","1.55","26","48","26","6","47","0","3","0"
"Christian Montes De Oca","ARI","RP","11.2","9","1","0","4.83","1.39","6","11","5","2","5","0","1","0"
"Thomas Hatch","ARI","SP,RP","18.2","14","1","0","4.85","1.43","10","19","7","3","7","1","1","0"
"Nick Burdi","NYM","RP","10.7","12","0","0","3.82","1.34","5","9","6","1","11","0","0","0"
"Yunior Marte","CIN","RP","18.0","16","1","0","4.89","1.47","10","19","8","3","18","0","1","0"
"Sam Long","","RP","21.5","20","1","0","4.81","1.51","12","22","11","3","22","0","2","0"
"Ky Bush","CWS","SP","18.2","14","1","0","4.66","1.49","9","18","9","2","13","1","1","0"
"Will Childers","MIL","RP","10.5","9","1","0","4.61","1.49","5","11","5","2","10","0","1","0"
"Chayce McDermott","BAL","SP,RP","17.0","17","1","0","4.88","1.51","9","16","10","3","9","2","1","0"
"Hayden Durke","ARI","RP","10.5","11","1","0","4.52","1.57","5","10","7","1","10","0","1","0"
"Victor Mederos","LAA","SP,RP","26.7","20","1","0","4.92","1.45","15","27","11","4","22","0","2","0"
"Brandon Walter","HOU","SP","7.5","7","0","0","3.82","1.12","3","7","2","1","2","1","0","0"
"Ben Peoples","CWS","RP","10.8","9","1","0","4.82","1.46","6","11","5","2","11","0","1","0"
"Ryan Lambert","NYM","RP","11.3","13","0","0","4.15","1.34","5","10","6","2","11","0","1","0"
"Jaden Woods","PIT","RP","18.6","15","1","0","4.74","1.50","10","19","9","2","19","0","1","0"
"Jairo Iriarte","CWS","RP","20.6","18","1","0","4.85","1.51","11","20","11","3","20","0","1","0"
"Anthony Misiewicz","CIN","RP","9.1","8","1","0","5.45","1.38","6","9","4","2","10","0","1","0"
"Triston McKenzie","SD","SP,RP","26.1","24","1","0","5.12","1.48","15","25","14","4","13","3","2","0"
"Connor Thomas","MIL","RP","9.4","7","1","0","4.79","1.49","5","11","4","2","4","1","1","0"
"Wilber Dotel","PIT","SP","27.4","21","1","0","5.03","1.46","15","29","11","4","14","3","2","0"
"Elvin Rodriguez","","RP","11.6","9","1","0","5.04","1.46","7","13","4","2","3","3","1","0"
"Sam Aldegheri","LAA","SP","43.6","33","2","0","5.24","1.51","25","45","21","7","16","6","3","0"
"Connor Seabold","TOR","RP","13.0","11","1","0","5.20","1.46","8","14","6","3","7","1","1","0"
"Matt Krook","ATH","RP","8.6","9","1","0","4.73","1.63","5","7","7","1","9","0","1","0"
"Travis Sykora","WSH","SP","16.5","17","1","0","4.91","1.58","9","16","11","2","16","1","1","0"
"Ben Kudrna","KC","SP","15.0","11","1","0","4.90","1.50","8","16","7","2","8","2","1","0"
"Nabil Crismatt","TEX","SP,RP","13.7","10","1","0","5.18","1.44","8","15","5","3","6","1","1","0"
"Tejay Antone","CIN","SP,RP","13.6","12","1","0","4.96","1.55","7","15","7","2","14","0","1","0"
"Anthony Veneziano","","RP","15.3","13","1","0","4.71","1.60","8","16","9","2","15","1","1","0"
"Sem Robberse","STL","SP","11.3","9","1","0","4.80","1.60","6","12","6","2","10","1","1","0"
"Carson Ragsdale","","SP,RP","13.4","12","1","0","5.04","1.57","8","13","8","3","5","1","1","0"
"Tyler Zuber","MIA","RP","12.1","12","1","0","5.21","1.57","7","12","7","2","10","0","1","0"
"Kyle Bischoff","MIN","P","6.7","6","1","0","5.39","1.57","4","7","4","1","7","0","1","0"
"Chen Zhong-Ao Zhuang","ATH","SP","9.6","8","0","0","4.57","1.26","5","10","2","2","9","0","1","0"
"Anthony Maldonado","HOU","RP","10.1","10","1","0","5.34","1.58","6","10","6","2","11","0","1","0"
"Dedniel Nunez","NYM","RP","5.2","5","0","0","3.52","1.30","2","4","2","1","5","0","0","0"
"Austin Cox","","RP","14.8","13","1","0","5.17","1.56","9","16","8","3","10","0","1","0"
"Jake Woodford","TB","SP,RP","19.2","15","1","0","5.17","1.51","11","21","9","3","11","1","1","0"
"Tyler Uberstine","BOS","SP","9.7","9","0","0","4.44","1.36","5","10","3","1","8","0","0","0"
"Reggie Crawford","SF","RP","7.6","8","0","0","4.28","1.39","4","7","4","1","8","0","0","0"
"Andry Lara","WSH","RP","25.3","19","1","0","5.05","1.52","14","27","11","4","18","0","1","0"
"Jack Kochanowicz","LAA","SP","31.9","20","1","0","4.94","1.50","17","35","13","4","19","3","2","0"
"Nigel Belgrave","MIA","RP","8.0","8","0","0","4.42","1.39","4","7","4","1","8","0","0","0"
"Randy Dobnak","","RP","12.0","9","0","0","4.42","1.41","6","12","5","1","9","0","1","0"
"Adam Macko","TOR","SP,RP","10.7","10","0","0","4.45","1.44","5","10","5","1","8","1","1","0"
"Collin Snider","CHC","RP","9.7","8","0","0","4.54","1.38","5","10","4","1","10","0","1","0"
"Blas Castano","SEA","SP,RP","11.1","8","0","0","4.48","1.39","6","11","4","1","10","0","0","0"
"Garrett Acton","COL","RP","14.7","14","0","0","4.86","1.42","8","14","7","2","15","0","1","0"
"Connor Noland","CHC","SP,RP","5.1","4","0","0","4.18","1.28","2","5","2","1","5","0","0","0"
"Omar Cruz","","RP","11.2","11","1","0","5.20","1.69","7","11","9","2","6","1","1","0"
"Nick Hernandez","ATH","RP","8.7","10","0","0","4.92","1.39","5","8","4","1","7","0","0","0"
"Noah Davis","PIT","RP","7.3","7","0","0","4.56","1.39","4","7","3","1","7","0","0","0"
"Tucker Davidson","PHI","RP","7.3","6","0","0","4.45","1.38","4","7","3","1","7","0","0","0"
"Dylan Coleman","NYY","RP","12.2","12","1","0","5.04","1.73","7","11","10","1","13","0","1","0"
"Dylan Ray","ARI","SP","7.3","6","0","0","4.51","1.37","4","7","3","1","7","0","0","0"
"Trenton Denholm","CLE","RP","7.3","5","0","0","4.61","1.31","4","8","2","1","7","0","0","0"
"Alimber Santa","HOU","RP","10.0","9","0","0","4.51","1.46","5","9","5","1","10","0","0","0"
"Ben Shields","COL","SP","9.4","8","0","0","4.68","1.40","5","10","4","1","9","0","1","0"
"Jose De Leon","BOS","SP,RP","27.7","26","1","1","5.20","1.61","16","28","17","5","6","6","2","0"
"Max Kranick","","RP","4.3","3","0","0","4.19","1.28","2","4","2","1","4","0","1","0"
"Jagger Haynes","SD","SP","15.4","12","1","0","5.32","1.58","9","16","9","2","3","3","1","0"
"Leandro Lopez","TEX","SP","7.5","6","0","0","4.57","1.40","4","7","4","1","2","2","1","0"
"Brian Fitzpatrick","MIL","P","7.6","7","0","0","4.47","1.47","4","8","4","1","8","0","1","0"
"Michael Mercado","PHI","RP","8.3","7","1","0","5.44","1.75","5","8","7","1","6","0","1","0"
"Jackson Jobe","DET","SP,RP","8.2","7","0","0","4.51","1.46","4","8","4","1","2","2","0","0"
"Jared Shuster","STL","SP,RP","11.8","9","1","0","5.34","1.65","7","14","6","2","7","1","1","0"
"Davis Daniel","CIN","SP","23.8","19","1","0","5.31","1.54","14","26","11","5","7","3","2","0"
"Corbin Martin","CHC","RP","7.9","7","0","0","4.60","1.46","4","8","4","1","8","0","0","0"
"Eduardo Salazar","","RP","18.6","15","1","0","5.07","1.64","11","20","11","3","17","0","1","0"
"Eric Reyzelman","NYY","RP","7.5","7","0","0","4.67","1.50","4","7","4","1","7","0","0","0"
"Pete Hansen","STL","SP","8.6","6","0","0","4.71","1.46","4","10","3","1","2","2","1","0"
"Owen White","","SP,RP","11.8","8","1","0","5.32","1.69","7","13","8","2","6","1","1","0"
"Sean Reynolds","","RP","18.1","17","1","0","5.22","1.68","11","16","15","2","13","0","1","0"
"Carson Palmquist","COL","SP,RP","36.6","33","1","0","5.35","1.54","22","37","19","6","18","4","2","0"
"Stevie Emanuels","ATH","RP","7.3","7","0","0","4.88","1.54","4","7","4","1","7","0","0","0"
"Nathan Wiles","","RP","6.9","6","0","0","5.21","1.45","4","8","3","2","6","1","1","0"
"Yoniel Curet","PHI","SP","10.5","10","0","0","4.99","1.53","6","10","6","1","5","2","1","0"
"Camden Minacci","LAA","RP","3.5","3","0","0","5.10","1.49","2","3","2","0","3","0","0","0"
"Tyler Davis","CWS","RP","4.9","4","0","0","4.94","1.51","3","5","2","1","4","0","0","0"
"Marquis Grissom","WSH","RP","12.2","9","0","0","5.08","1.45","7","12","5","2","12","0","1","0"
"Jean Cabrera","PHI","SP","11.8","8","0","0","5.12","1.44","7","12","5","2","2","2","1","0"
"Nick Frasso","LAD","SP,RP","10.7","8","1","0","5.49","1.78","7","11","8","2","11","1","1","0"
"Troy Watson","DET","SP","8.2","6","0","0","5.14","1.48","5","9","3","1","2","2","1","0"
"Carson Spiers","CIN","SP,RP","7.7","6","0","0","5.18","1.50","4","8","3","1","2","1","0","0"
"Luis Peralta","COL","RP","31.1","29","1","0","5.29","1.61","18","32","18","5","32","0","2","0"
"Sean Sullivan","PIT","SP","8.7","6","0","0","5.17","1.50","5","10","3","1","2","2","1","0"
"Tommy Henry","ARI","RP","7.5","7","0","0","5.42","1.54","5","8","4","2","2","2","1","0"
"Riley Cornelio","WSH","SP","29.7","21","1","0","5.38","1.54","18","32","14","5","11","4","2","0"
"Kevin Abel","CIN","P","9.1","7","0","0","5.35","1.52","5","9","5","2","9","0","1","0"
"Brett Wichrowski","MIL","SP","7.8","5","0","0","5.37","1.50","5","8","3","1","2","2","1","0"
"Casey Kelly","","RP","8.7","4","1","0","5.69","1.84","6","11","5","2","5","1","0","0"
"Logan VanWey","HOU","RP","9.1","9","1","0","5.96","1.93","6","9","9","2","8","0","1","0"
"Walbert Urena","LAA","SP","11.1","8","0","0","5.02","1.58","6","12","6","1","8","1","1","0"
"Bradley Blalock","MIA","SP","23.4","16","1","0","5.53","1.61","14","26","11","4","15","2","1","0"
"Zach Brzykcy","MIA","RP","15.0","15","0","0","5.42","1.67","9","15","10","2","16","0","1","0"
"Michael Arias","NYY","RP","11.0","11","1","0","6.15","2.05","8","11","12","2","11","0","1","0"
"Bryce Jarvis","ARI","RP","30.0","23","1","0","5.55","1.65","19","33","17","5","18","1","2","0"
"Anthony Molina","ATL","RP","21.6","15","1","0","5.83","1.71","14","27","11","4","12","1","1","0"
"Antonio Senzatela","COL","SP,RP","61.1","37","2","0","5.42","1.58","37","76","21","10","37","5","4","0"
""
""