"Rank","Tier","Name_FG","ID_trax","ID_fg","Team","Age","Position","ETA","ETA.Time","Min","Max","SD","App","High","Low","Drew","Greg","Kyle","Lucas","Matt","Tom"
1,"1","Konnor Griffin","*05u3u*","sa3065496","PIT",19,"SS",2027,"Early",1,3,10.2,6,"Tie","Lucas",1,1,1,3,1,1
2,"1","Kevin McGonigle","*05yby*","sa3022895","DET",21,"SS",2026,"Mid",1,3,7,6,"Lucas","Drew",3,2,2,1,2,2
3,"2","Samuel Basallo","*05rbv*","28824","BAL",21,"C",2025,"Mid",2,6,18.3,6,"Tie","Tie",2,6,6,2,4,3
4,"2","Jesus Made","*06ibv*","sa3024108","MIL",18,"SS",2026,"Late",4,7,10.6,6,"Tie","Matt",4,4,5,5,7,4
5,"2","JJ Wetherholt","*06aw3*","sa3025154","STL",23,"2B,SS",2026,"Early",3,7,12.9,6,"Matt","Tie",6,7,7,6,3,7
6,"2","Leodalis De Vries","*067yc*","sa3023363","ATH",19,"SS",2027,"Early",4,9,14.4,6,"Kyle","Drew",9,5,4,7,8,6
7,"2","Sebastian Walcott","*0662o*","sa3021069","TEX",19,"SS",2026,"Late",3,12,26.6,6,"Tie","Lucas",8,3,3,12,10,9
8,"2","Nolan McLean","*05y7s*","33703","NYM",24,"P",2025,"Late",5,14,21.7,6,"Tom","Drew",14,10,10,10,6,5
9,"2","Trey Yesavage","*06apx*","35456","TOR",22,"SP",2026,"Mid",5,19,36.4,6,"Tie","Tom",5,16,11,8,5,19
10,"3","Max Clark","*05u9y*","sa3022683","DET",20,"OF",2026,"Early",7,16,21.3,6,"Drew","Matt",7,11,8,14,16,14
11,"3","Luis Pena","*06j3f*","sa3024134","MIL",19,"2B,SS",2028,"Early",11,20,18.5,6,"Tom","Kyle",12,12,20,13,12,11
12,"3","Bubba Chandler","*05rik*","29868","PIT",23,"SP",2025,"Early",4,26,44,6,"Lucas","Matt",10,14,9,4,26,22
13,"3","Josue De Paula","*061zv*","sa3018591","LAD",20,"OF",2026,"Late",8,21,26.2,6,"Greg","Matt",20,8,12,18,21,12
14,"3","Walker Jenkins","*05u3v*","sa3022894","MIN",20,"OF",2026,"Early",10,41,56.2,6,"Tom","Matt",22,13,14,11,41,10
15,"3","Colt Emerson","*060ub*","sa3022923","SEA",20,"SS",2026,"Early",9,39,53.2,6,"Tie","Drew",39,9,25,9,13,15
16,"3","Eduardo Quintero","*06c79*","sa3021208","LAD",20,"OF",2027,"Mid",8,22,22.2,6,"Tom","Matt",21,15,16,19,22,8
17,"3","Bryce Eldridge","*05u96*","33390","SF",21,"UT",2026,"Early",13,37,37.5,6,"Kyle","Tom",15,19,13,17,14,37
18,"3","Zyhir Hope","*06eyu*","sa3022703","LAD",20,"OF",2026,"Late",13,34,32.1,6,"Tie","Matt",13,23,18,16,34,13
19,"3","Edward Florentino","*06mh4*","sa3023944","PIT",19,"OF",2028,"Mid",9,33,32.8,6,"Matt","Kyle",28,17,33,22,9,18
20,"4","Thomas White","*05tp6*","sa3023268","MIA",21,"SP",2026,"Mid",15,33,25.7,6,"Tie","Drew",33,25,15,15,25,20
21,"4","Carson Benge","*06aly*","sa3025452","NYM",22,"OF",2026,"Early",17,27,13.9,6,"Tom","Lucas",26,22,23,27,19,17
22,"4","Aidan Miller","*05u36*","sa3022609","PHI",21,"SS",2026,"Mid",17,37,27.5,6,"Kyle","Drew",37,20,17,31,18,26
23,"4","Bryce Rainer","*05yai*","sa3066592","DET",20,"SS",2026,"Late",11,36,26.6,6,"Matt","Drew",36,24,26,23,11,25
24,"4","Joshua Baez","*05rcf*","sa3017022","STL",22,"OF",2026,"Mid",16,62,54.3,6,"Tom","Drew",62,21,32,21,24,16
25,"4","Josue Briceno","*0637j*","sa3018584","DET",21,"C,1B",2026,"Late",23,28,6.8,6,"Tie","Lucas",23,26,27,28,23,27
26,"4","Travis Bazzana","*05zde*","sa3025129","CLE",23,"2B",2026,"Early",18,51,36.6,6,"Greg","Drew",51,18,19,26,29,24
27,"4","Jonah Tong","*0658b*","32157","NYM",22,"SP",2026,"Mid",21,37,18,6,"Tom","Greg",31,37,22,24,28,21
28,"4","Ryan Waldschmidt","*06dlz*","sa3025261","ARI",23,"OF",2026,"Mid",24,44,20.6,6,"Kyle","Drew",44,33,24,25,31,30
29,"4","Kade Anderson","*05ydp*","MISSING","SEA",21,"SP",2026,"Late",19,42,25.1,6,"Drew","Matt",19,39,30,35,42,23
30,"4","Andrew Painter","*05r3i*","sa3017880","PHI",22,"SP",2025,"Late",16,48,30.7,6,"Drew","Matt",16,34,29,43,48,29
31,"4","Caleb Bonemer","*06hea*","sa3067043","CHW",20,"3B,SS",2028,"Late",20,51,26.5,6,"Matt","Greg",30,51,31,33,20,34
32,"4","Payton Tolle","*06gwk*","35466","BOS",23,"SP",2026,"Late",21,52,31.3,6,"Kyle","Tom",27,46,21,38,27,52
33,"4","Rainiel Rodriguez","*06mnp*","sa3023987","STL",18,"C",2028,"Late",15,54,3.6,6,"Matt","Kyle",34,36,54,20,15,46
34,"4","Carter Jensen","*05vy5*","29478","KC",22,"C",2025,"Late",17,43,22.6,6,"Drew","Tom",17,40,35,34,39,43
35,"4","Sal Stewart","*05u9o*","31505","CIN",21,"1B",2026,"Mid",17,65,41.4,6,"Matt","Drew",65,53,36,29,17,32
36,"5","Kaelen Culpepper","*06hx4*","sa3025360","MIN",22,"SS",2026,"Mid",29,66,32.9,6,"Greg","Tom",40,29,53,36,32,66
37,"5","Lazaro Montes","*05rfc*","sa3018409","SEA",21,"OF",2027,"Late",35,55,15.1,6,"Matt","Greg",42,55,41,40,35,42
38,"5","Ryan Sloan","*06ier*","sa3067131","SEA",19,"SP",2027,"Late",28,54,20.4,6,"Greg","Tom",48,28,47,37,43,54
39,"5","Braden Montgomery","*05rcg*","sa3038253","CHW",22,"OF",2026,"Mid",32,59,21.2,6,"Greg","Matt",45,32,43,50,59,35
40,"5","JoJo Parker","*06se6*","MISSING","TOR",19,"SS",2028,"Late",32,68,27.5,6,"Lucas","Tom",53,44,39,32,40,68
41,"5","Gage Jump","*05t9g*","sa3034986","ATH",22,"SP",2026,"Mid",38,50,1.3,6,"Greg","Tie",41,38,49,42,50,50
42,"5","Robby Snelling","*061mh*","sa3020707","MIA",21,"SP",2026,"Early",28,63,25,6,"Kyle","Tom",57,42,28,44,47,63
43,"5","Liam Doyle","*06roc*","sa3030545","STL",21,"SP",2026,"Late",18,72,38.6,6,"Drew","Greg",18,72,45,46,44,67
44,"5","Mike Sirota","*066ip*","sa3042374","LAD",22,"OF",2027,"Late",38,65,2.2,6,"Matt","Kyle",49,48,65,55,38,45
45,"5","Jett Williams","*060la*","sa3020134","NYM",22,"2B,SS,OF",2026,"Mid",38,126,65.6,6,"Kyle","Drew",126,56,38,41,46,39
46,"5","Owen Caissie","*05jsg*","27496","CHC",23,"OF",2025,"Late",33,67,22.7,6,"Tom","Drew",67,47,48,62,52,33
47,"5","Eli Willits","*06n8y*","sa3069164","WSH",17,"SS",2029,"Early",31,74,31.4,6,"Greg","Drew",74,31,40,39,62,62
48,"5","Seth Hernandez","*067yn*","MISSING","PIT",19,"SP",2028,"Late",40,65,18.1,6,"Tom","Matt",43,62,50,52,65,40
49,"5","Michael Arroyo","*05yid*","sa3018429","SEA",21,"2B",2026,"Mid",29,61,23.9,6,"Drew","Tie",29,57,37,61,61,51
50,"5","Moises Ballesteros","*05rbs*","28820","CHC",22,"UT",2025,"Mid",24,83,42.1,6,"Drew","Lucas",24,41,63,83,70,28
51,"5","Josuar Gonzalez","*06ps2*","sa3067675","SF",18,"SS",2029,"Late",30,79,4.9,6,"Greg","Drew",79,30,57,75,36,44
52,"5","Dylan Beavers","*05xty*","31695","BAL",24,"OF",2025,"Late",30,70,28.8,6,"Lucas","Greg",46,70,61,30,37,69
53,"5","Emmanuel Rodriguez","*054p6*","sa3014693","MIN",22,"OF",2026,"Mid",32,73,24.8,6,"Drew","Lucas",32,43,62,73,60,47
54,"5","Connelly Early","*06f1r*","33666","BOS",23,"SP",2026,"Mid",30,87,37.3,6,"Matt","Tom",35,69,73,48,30,87
55,"5","Charlie Condon","*06alk*","sa3025257","COL",22,"1B",2027,"Early",50,71,11.2,6,"Greg","Matt",60,50,58,56,71,61
56,"5","George Lombard Jr.","*06b72*","sa3023233","NYY",20,"SS",2026,"Mid",31,89,32.8,6,"Tom","Matt",68,45,52,70,89,31
57,"5","Alfredo Duno","*06626*","sa3021066","CIN",19,"C",2027,"Mid",25,124,51.8,6,"Drew","Lucas",25,49,72,124,64,55
58,"5","Aiva Arquette","*06pg6*","sa3026235","MIA",22,"SS",2027,"Mid",34,79,24.1,6,"Kyle","Tom",71,63,34,53,66,79
59,"5","Jonny Farmelo","*066sx*","sa3023362","SEA",21,"OF",2028,"Mid",27,126,57.7,6,"Greg","Matt",92,27,46,72,126,36
60,"5","Emil Morales","*06ibo*","sa3023887","LAD",19,"SS",2028,"Early",38,77,21.8,6,"Tom","Kyle",56,68,77,76,63,38
61,"5","Carson Williams","*05t9n*","30038","TB",22,"SS",2026,"Early",54,90,22.2,6,"Greg","Lucas",82,54,56,90,67,57
62,"5","Theo Gillen","*05u2m*","sa3025565","TB",20,"OF",2027,"Late",53,77,17.8,6,"Tom","Matt",76,76,55,54,77,53
63,"5","Ethan Holliday","*062cx*","sa3069100","COL",18,"SS",2029,"Mid",51,92,24.9,6,"Matt","Lucas",55,66,59,92,51,88
64,"5","Jamie Arnold","*06ktt*","MISSING","ATH",21,"SP",2027,"Early",47,86,22.9,6,"Lucas","Matt",52,79,76,47,86,56
65,"5","Arjun Nimmala","*05y3p*","sa3022892","TOR",20,"SS",2027,"Mid",48,101,28.7,6,"Tom","Lucas",81,58,51,101,78,48
66,"5","Carlos Lagrange","*062h4*","sa3019390","NYY",22,"SP",2026,"Mid",56,104,23.6,6,"Matt","Kyle",59,67,104,68,56,71
67,"5","Cooper Pratt","*067xj*","sa3022867","MIL",21,"SS",2026,"Mid",42,87,24.2,6,"Kyle","Greg",83,87,42,51,68,75
68,"5","Jaxon Wiggins","*05u2p*","sa3023635","CHC",24,"SP",2027,"Mid",57,122,5.9,6,"Matt","Drew",122,60,71,58,57,80
69,"5","Chase DeLauter","*05uei*","32127","CLE",24,"OF",2026,"Mid",33,88,28.2,6,"Matt","Drew",88,52,74,87,33,72
70,"5","Spencer Jones","*04yi8*","sa3019969","NYY",24,"OF",2026,"Mid",11,84,36.9,6,"Drew","Tie",11,84,75,81,84,59
71,"5","Jacob Reimer","*06481*","sa3020416","NYM",21,"3B",2026,"Late",45,125,35.5,6,"Lucas","Drew",125,64,68,45,73,93
72,"5","Travis Sykora","*05ycl*","sa3023557","WSH",21,"SP",2026,"Late",47,132,38.2,6,"Drew","Lucas",47,59,93,132,69,74
73,"6","Nate George","*06qr6*","sa3067128","BAL",19,"OF",2028,"Late",58,106,23.7,6,"Matt","Greg",69,106,83,59,58,90
74,"6","Brandon Sproat","*0515o*","33850","NYM",25,"SP",2025,"Late",44,134,43.2,6,"Kyle","Matt",54,102,44,57,134,95
75,"6","Logan Henderson","*05uo2*","31475","MIL",23,"SP",2025,"Early",70,99,12.7,6,"Tom","Matt",78,74,87,79,99,70
76,"6","Felnin Celesten","*05mx9*","sa3023381","SEA",20,"SS",2028,"Early",35,207,77.1,6,"Greg","Drew",207,35,60,112,88,41
77,"6","Ryan Clifford","*05ge1*","sa3020126","NYM",22,"1B,OF",2026,"Early",69,126,32.3,6,"Kyle","Lucas",80,125,69,126,72,73
78,"6","Franklin Arias","*06c78*","sa3021845","BOS",20,"SS",2027,"Mid",66,123,23.7,6,"Lucas","Matt",96,81,80,66,123,76
79,"6","Jonathon Long","*06fwm*","sa3022864","CHC",23,"1B",2026,"Mid",60,152,39.3,6,"Tom","Matt",72,89,89,64,152,60
80,"6","Noah Schultz","*05uc7*","sa3020949","CHW",22,"SP",2026,"Early",65,109,22.3,6,"Greg","Matt",66,65,88,107,109,78
81,"6","Gavin Fien","*06qyu*","sa3069166","TEX",18,"3B,SS",2029,"Early",77,120,19.8,6,"Lucas","Greg",86,120,79,77,80,105
82,"6","Ralphy Velazquez","*067yp*","sa3023013","CLE",20,"1B",2026,"Late",64,113,19.9,6,"Kyle","Tom",95,82,64,97,74,113
83,"6","Jhostynxon Garcia","*05j8u*","28142","PIT",22,"OF",2026,"Mid",49,120,29,6,"Tom","Lucas",98,80,81,120,114,49
84,"6","A.J. Ewing","*06dn7*","sa3022963","NYM",21,"OF",2026,"Mid",63,108,4.2,6,"Lucas","Tom",75,105,91,63,96,108
85,"6","Dax Kilby","*06utg*","sa3069080","NYY",19,"SS",2030,"Early",54,122,29.8,6,"Matt","Greg",105,122,114,85,54,65
86,"6","Steele Hall","*06rw2*","MISSING","CIN",18,"SS",2029,"Mid",53,118,29.4,6,"Matt","Drew",118,107,107,89,53,58
87,"6","Andrew Fischer","*06k7t*","sa3031366","MIL",21,"3B",2027,"Early",50,177,49.2,6,"Drew","Tom",50,115,67,74,116,177
88,"6","Ethan Conrad","*06pll*","MISSING","CHC",21,"OF",2027,"Early",70,106,15.6,6,"Kyle","Tom",102,101,70,105,82,106
89,"6","Brody Hopkins","*06f1b*","sa3023515","TB",23,"SP",2026,"Mid",49,218,67.8,6,"Matt","Drew",218,71,165,78,49,94
90,"6","Hector Rodriguez","*05xse*","sa3015828","CIN",21,"OF",2026,"Mid",81,119,16.4,6,"Tom","Greg",106,119,101,117,85,81
91,"6","Tyson Lewis","*06mnk*","sa3066822","CIN",19,"SS",2027,"Late",87,115,12.1,6,"Matt","Drew",115,92,109,98,87,114
92,"6","Trey Gibson","*06mc1*","sa3023250","BAL",23,"SP",2027,"Late",83,118,13.6,6,"Tom","Matt",107,90,102,113,118,83
93,"6","Santiago Suarez","*0620x*","sa3019386","TB",20,"SP",2026,"Late",38,246,77.9,6,"Drew","Lucas",38,73,179,246,93,84
94,"6","Kendry Chourio","*06rm6*","sa3067545","KC",18,"SP",2028,"Early",61,176,39,6,"Drew","Kyle",61,95,176,129,91,102
95,"6","Cam Caminiti","*062e0*","sa3025607","ATL",19,"SP",2027,"Late",94,119,11.7,6,"Tie","Tie",119,94,97,109,94,119
96,"6","Kyson Witherspoon","*06ms5*","MISSING","BOS",21,"SP",2026,"Mid",66,148,33.2,6,"Kyle","Lucas",94,143,66,148,75,111
97,"6","Justin Crawford","*05y30*","sa3020240","PHI",21,"OF",2026,"Mid",69,128,21.9,6,"Lucas","Kyle",87,121,128,69,101,118
98,"6","Hagen Smith","*05zd4*","sa3025544","CHW",22,"SP",2026,"Late",49,140,29.9,6,"Lucas","Tom",114,113,84,49,112,140
99,"6","Aroon Escobar","*06423*","sa3018463","PHI",20,"2B",2027,"Late",83,147,22.4,6,"Greg","Lucas",110,83,106,147,122,86
100,"6","Esmerlyn Valdez","*05rbw*","sa3015768","PIT",21,"OF",2027,"Late",58,139,7.3,6,"Drew","Matt",58,127,98,96,139,133
101,"6","Bo Davidson","*06hua*","sa3022706","SF",23,"OF",2026,"Mid",79,182,10,6,"Matt","Lucas",84,146,127,182,79,85
102,"6","Jeferson Quero","*05gss*","sa3015407","MIL",23,"C",2026,"Mid",100,137,14.9,6,"Greg","Kyle",109,100,137,104,108,135
103,"6","Cam Collier","*05u1y*","sa3020131","CIN",21,"1B,3B",2026,"Mid",64,168,38.1,6,"Tom","Matt",141,86,78,138,168,64
104,"6","Eduardo Tait","*06bsb*","sa3022162","MIN",19,"C",2027,"Mid",77,238,54,6,"Greg","Matt",85,77,99,114,238,147
105,"6","Elmer Rodriguez-Cruz","*05xoo*","sa3019459","NYY",22,"SP",2026,"Mid",102,156,4.8,6,"Matt","Kyle",104,126,156,111,102,117
106,"6","Harry Ford","*05raw*","29958","WSH",22,"C",2025,"Late",100,138,12.7,6,"Kyle","Tom",112,123,100,103,124,138
107,"6","Gage Wood","*06ujt*","MISSING","PHI",21,"SP",2026,"Late",97,153,21.3,6,"Tie","Greg",97,153,129,145,97,109
108,"6","Slade Caldwell","*06agr*","sa3066460","ARI",19,"OF",2027,"Late",92,203,35.6,6,"Tom","Drew",203,109,96,121,135,92
109,"6","Khal Stephen","*06nub*","sa3043049","CLE",22,"SP",2026,"Late",104,164,19.6,6,"Matt","Tom",117,118,105,136,104,164
110,"6","Jarlin Susana","*05y7n*","sa3018808","WSH",21,"SP",2026,"Mid",45,186,43.8,6,"Matt","Lucas",165,110,135,186,45,91
111,"6","Jhonny Level","*06ich*","sa3023898","SF",18,"SS",2029,"Mid",108,144,12.1,6,"Drew","Matt",108,114,118,139,144,125
112,"6","Owen Murphy","*062pm*","sa3020330","ATL",22,"SP",2026,"Mid",84,157,25.7,6,"Lucas","Tom",149,88,132,84,119,157
113,"6","Jefferson Rojas","*061wh*","sa3018571","CHC",20,"2B,SS",2027,"Early",78,147,19.5,6,"Greg","Drew",147,78,130,128,127,115
114,"6","Tommy Troy","*05jse*","sa3022561","ARI",23,"2B,OF",2026,"Early",80,233,53.4,6,"Lucas","Matt",194,91,82,80,233,139
115,"6","Billy Carlson","*06alq*","MISSING","CHW",19,"SS",2029,"Early",73,179,38.7,6,"Drew","Tom",73,172,86,95,155,179
116,"6","Angel Genao","*05r5e*","sa3015706","CLE",21,"SS",2027,"Early",75,176,32.4,6,"Greg","Matt",137,75,111,102,176,170
117,"6","Dasan Hill","*06mnh*","sa3067070","MIN",19,"SP",2028,"Mid",67,170,9.2,6,"Lucas","Matt",103,133,164,67,170,120
118,"6","Braylon Payne","*06kkf*","sa3025647","MIL",19,"OF",2028,"Late",99,172,25.8,6,"Greg","Matt",100,99,112,134,172,165
119,"6","JR Ritchie","*05tzo*","sa3020395","ATL",22,"SP",2026,"Mid",65,223,44.4,6,"Lucas","Drew",223,97,122,65,125,171
120,"6","Quinn Mathews","*060gd*","sa3023407","STL",25,"SP",2026,"Early",99,195,30.3,6,"Tom","Matt",128,117,103,168,195,99
121,"6","Tyler Bremner","*06icx*","MISSING","LAA",21,"SP",2026,"Mid",103,144,12,6,"Tom","Lucas",124,138,139,144,120,103
122,"6","Esteban Mejia","*06jfn*","sa3024583","BAL",18,"SP",2027,"Mid",64,189,34.2,6,"Drew","Kyle",64,137,189,155,95,127
123,"6","David Shields","*06kke*","sa3067433","KC",19,"SP",2028,"Early",91,232,12,6,"Lucas","Tom",113,111,131,91,149,232
124,"7","Charles Davalan","*06rvt*","sa3029860","LAD",21,"OF",2027,"Late",60,160,29.5,6,"Lucas","Kyle",133,147,160,60,151,97
125,"7","Xavier Isaac","*062pp*","sa3020498","TB",21,"UT",2026,"Mid",85,169,26.3,6,"Kyle","Lucas",90,156,85,169,131,144
126,"7","Alex Freeland","*05xu1*","31665","LAD",24,"3B",2025,"Mid",112,158,14.4,6,"Greg","Tom",129,112,153,118,146,158
127,"7","Tanner McDougal","*05xpj*","sa3017471","CHW",22,"SP",2027,"Late",105,162,15.1,6,"Matt","Greg",138,162,125,140,105,153
128,"7","Hunter Barco","*04nb5*","33174","PIT",24,"SP",2026,"Mid",116,213,25.9,6,"Lucas","Tom",123,135,138,116,141,213
129,"7","Xavier Neyens","*05yak*","MISSING","HOU",19,"3B",2028,"Late",96,232,38,6,"Tom","Matt",132,128,123,197,232,96
130,"7","Aidan Smith","*06dq9*","sa3022611","TB",21,"OF",2026,"Late",93,267,52,6,"Lucas","Drew",267,103,108,93,219,149
131,"7","Jurrangelo Cijntje","*060m8*","sa3028930","SEA",22,"SP",2026,"Mid",103,192,22.7,6,"Matt","Tom",130,124,159,154,103,192
132,"7","Brice Matthews","*06c36*","33280","HOU",23,"2B",2025,"Mid",116,193,20.6,6,"Kyle","Greg",120,193,116,162,138,146
133,"7","Cole Carrigg","*066eo*","sa3022596","COL",23,"OF",2026,"Mid",106,189,23.2,6,"Matt","Drew",189,116,150,175,106,137
134,"7","Brandon Clarke","*06qif*","sa3067144","STL",22,"SP",2026,"Mid",77,286,54.4,6,"Drew","Matt",77,182,121,159,286,89
135,"7","Johnny King","*06n3o*","sa3067123","TOR",19,"SP",2029,"Mid",88,233,37.2,6,"Lucas","Tom",93,149,162,88,150,233
136,"7","Juneiker Caceres","*06mmx*","sa3024329","CLE",18,"OF",2028,"Late",81,173,23.2,6,"Matt","Greg",134,173,151,164,81,154
137,"7","Ike Irish","*06c10*","sa3034445","BAL",22,"C,1B",2027,"Early",119,220,29.1,6,"Kyle","Tom",201,131,119,143,133,220
138,"7","David Davalillo","*06mio*","sa3020448","TEX",23,"SP",2026,"Late",63,224,41.2,6,"Drew","Matt",63,209,154,137,224,116
139,"7","Luke Adams","*06582*","sa3020135","MIL",21,"1B,3B",2026,"Mid",126,255,33.6,6,"Tom","Matt",144,141,146,127,255,126
140,"7","Josh Adamczewski","*06hth*","sa3023168","MIL",20,"SS",2027,"Mid",110,216,9.5,6,"Matt","Tom",116,178,149,146,110,216
141,"7","Termarr Johnson","*05rc5*","sa3020214","PIT",21,"2B",2026,"Late",90,196,25.8,6,"Kyle","Matt",163,158,90,153,196,112
142,"7","Luis Perales","*05gd5*","sa3014677","BOS",22,"RP",2026,"Mid",55,247,52.2,6,"Matt","Kyle",156,61,247,212,55,155
143,"7","Caden Scarborough","*06f1j*","sa3025060","TEX",20,"SP",2027,"Late",76,191,29,6,"Matt","Tom",152,161,117,184,76,191
144,"7","Max Anderson","*06dmp*","sa3022567","DET",23,"2B",2026,"Mid",98,201,24.3,6,"Matt","Lucas",159,184,143,201,98,136
145,"7","Alejandro Rosario","*05jri*","sa3023538","TEX",23,"SP",2026,"Late",85,287,49.5,6,"Greg","Lucas",127,85,94,287,192,168
146,"7","Robert Calaz","*066mo*","sa3021078","COL",20,"OF",2027,"Mid",91,242,41.1,6,"Drew","Lucas",91,155,95,242,222,145
147,"7","Zac Veen","*05gbg*","27770","COL",23,"OF",2025,"Early",82,215,33.5,6,"Tom","Drew",215,185,115,190,128,82
148,"7","Rhett Lowder","*061bo*","33876","CIN",23,"SP",2024,"Late",83,274,45.6,6,"Matt","Lucas",131,196,170,274,83,98
149,"7","Didier Fuentes","*064zm*","30661","ATL",20,"SP",2025,"Mid",129,174,5,6,"Greg","Tie",146,129,169,133,174,174
150,"7","Kevin Alvarez","*06psn*","sa3067677","HOU",17,"OF",2029,"Late",100,188,9.3,6,"Lucas","Drew",188,180,173,100,154,104
151,"7","Sam Antonacci","*06plc*","sa3025363","CHW",22,"2B,3B",2027,"Mid",119,191,16.9,6,"Lucas","Greg",143,191,184,119,162,151
152,"7","Devin Taylor","*06c0z*","sa3043560","ATH",21,"OF",2027,"Late",113,286,39.4,6,"Kyle","Tom",157,177,113,125,143,286
153,"7","Jared Thomas","*06mpb*","sa3025252","COL",22,"OF",2026,"Late",71,303,18.2,6,"Lucas","Matt",162,165,133,71,303,152
154,"7","Brock Wilken","*05ubi*","sa3022499","MIL",23,"3B",2026,"Mid",126,225,21.8,6,"Kyle","Tom",136,154,126,165,175,225
155,"7","Henry Bolte","*05y7t*","sa3020006","ATH",22,"OF",2026,"Mid",77,203,34.6,6,"Tom","Kyle",192,175,203,82,171,77
156,"7","Enrique Bradfield Jr.","*05jre*","sa3022917","BAL",24,"OF",2026,"Mid",113,206,21.9,6,"Matt","Greg",170,206,145,149,113,201
157,"7","Cooper Ingle","*06f0p*","sa3023069","CLE",23,"C",2027,"Mid",132,181,11.2,6,"Matt","Lucas",164,144,166,181,132,173
158,"7","Braylon Doughty","*06kk6*","sa3067030","CLE",19,"SP",2028,"Mid",93,235,33.2,6,"Greg","Drew",235,93,152,230,140,163
159,"7","Jack Wenninger","*06f1c*","sa3023282","NYM",23,"SP",2026,"Late",122,337,47.4,6,"Lucas","Matt",150,150,148,122,337,172
160,"7","Devin Fitz-Gerald","*06p5z*","sa3067320","TEX",20,"SS",2028,"Mid",148,210,14.7,6,"Tom","Matt",154,170,186,150,210,148
161,"7","Ty Johnson","*06htl*","sa3023410","TB",24,"SP",2026,"Early",121,353,21.5,6,"Tom","Lucas",158,219,124,353,137,121
162,"7","Kevin Alcantara","*04qow*","25971","CHC",23,"OF",2024,"Late",110,229,27.3,6,"Tom","Drew",229,134,142,203,191,110
163,"7","Marco Dinges","*06o0e*","sa3025495","MIL",22,"C",2027,"Mid",94,240,31.4,6,"Lucas","Tom",216,132,167,94,165,240
164,"7","Mitch Voit","*06cmf*","sa3044552","NYM",21,"2B",2027,"Mid",107,211,23.5,6,"Tom","Greg",173,211,134,166,205,107
165,"7","Wehiwa Aloy","*06c7b*","sa3025961","BAL",21,"SS",2027,"Mid",145,240,24.8,6,"Tie","Matt",145,145,171,152,240,227
166,"7","Ching-Hsien Ko","*06oh1*","sa3025230","LAD",19,"OF",2029,"Late",157,198,4.4,6,"Lucas","Tom",195,164,181,157,159,198
167,"7","Daniel Eagen","*06o03*","sa3030728","ARI",23,"SP",2026,"Late",86,248,37.6,6,"Lucas","Tom",101,171,226,86,188,248
168,"7","Tommy White","*05tp7*","sa3025383","ATH",22,"3B",2026,"Late",157,186,5.6,6,"Matt","Greg",172,186,180,176,157,175
169,"7","Elian Pena","*06m0g*","sa3067674","NYM",18,"SS",2029,"Late",110,277,16.1,6,"Kyle","Matt",253,152,110,131,277,181
170,"7","Brendan Summerhill","*06mpr*","sa3043325","TB",22,"OF",2027,"Early",110,220,23,6,"Lucas","Greg",200,220,157,110,153,200
171,"7","Kohl Drake","*066m0*","sa3021723","ARI",25,"SP",2026,"Early",120,265,13.1,6,"Kyle","Matt",153,198,120,208,265,132
172,"7","Blaze Jordan","*04nq4*","sa3014537","STL",22,"1B,3B",2026,"Early",160,215,10.3,6,"Drew","Tom",160,179,174,173,178,215
173,"7","Joe Mack","*05rcd*","sa3017374","MIA",22,"C",2026,"Mid",140,291,15.2,6,"Greg","Tom",254,140,155,174,145,291
174,"7","Demetrio Crisantes","*064o4*","sa3021051","ARI",21,"2B",2027,"Mid",104,238,31,6,"Greg","Lucas",217,104,210,238,115,162
175,"7","Hayden Alvarez","*06jfc*","sa3023906","LAA",18,"OF",2028,"Mid",99,223,27.2,6,"Drew","Matt",99,192,222,135,223,184
176,"7","Connor Prielipp","*05joq*","sa3020808","MIN",24,"SP",2026,"Late",108,230,25.3,6,"Greg","Drew",230,108,147,202,169,217
177,"7","Jace LaViolette","*067zb*","MISSING","CLE",22,"OF",2027,"Early",160,203,10.4,6,"Greg","Tom",168,160,168,196,200,203
178,"7","Michael Forret","*06hwt*","sa3023479","BAL",21,"SP",2026,"Early",108,212,25.5,6,"Lucas","Kyle",204,207,212,108,117,186
179,"7","Kendry Rojas","*05rgq*","sa3016746","MIN",23,"SP",2026,"Mid",96,292,17.8,6,"Greg","Matt",183,96,219,192,292,100
180,"7","Nelson Rada","*05yib*","sa3018421","LAA",20,"OF",2026,"Mid",161,243,15.3,6,"Drew","Tom",161,181,200,179,179,243
181,"7","George Klassen","*067xm*","sa3023440","LAA",23,"SP",2026,"Mid",128,254,27.1,6,"Tom","Lucas",228,130,193,254,183,128
182,"7","LuJames Groover","*05yj5*","sa3022887","ARI",23,"3B",2026,"Early",144,250,21.6,6,"Kyle","Tom",193,151,144,177,221,250
183,"7","Joseph Sullivan","*06qgp*","sa3025413","HOU",23,"OF",2026,"Mid",160,213,11.6,6,"Matt","Kyle",166,187,213,211,160,187
184,"7","Jose Corniell","*05gx5*","27984","TEX",22,"SP",2026,"Mid",130,279,12.9,6,"Matt","Drew",279,204,230,170,130,160
185,"7","Charlee Soto","*05zq5*","sa3023450","MIN",20,"SP",2026,"Late",98,385,57.6,6,"Greg","Matt",111,98,236,250,385,130
186,"7","Dauri Fernandez","*06kxm*","sa3024327","CLE",18,"SS",2028,"Late",121,246,27.6,6,"Matt","Tom",139,240,220,172,121,246
187,"7","Parker Messick","*05tzn*","31986","CLE",25,"SP",2025,"Late",106,250,25.2,6,"Lucas","Kyle",184,208,250,106,182,219
188,"7","Luke Dickerson","*06mne*","sa3067329","WSH",20,"2B,SS",2028,"Mid",141,276,12.1,6,"Kyle","Tom",171,216,141,225,156,276
189,"7","Mitch Bratt","*05xq2*","sa3017719","ARI",22,"SP",2026,"Mid",115,226,20.3,6,"Lucas","Greg",208,226,211,115,193,208
190,"7","Gage Stanifer","*066fg*","sa3021731","TOR",22,"SP",2027,"Mid",101,249,26.5,6,"Tom","Matt",182,205,234,207,249,101
191,"7","Josh Hammond","*06cqi*","MISSING","KC",19,"3B,SS",2029,"Late",151,301,27.7,6,"Drew","Tom",151,199,202,231,158,301
192,"7","Blake Mitchell","*05y3q*","sa3022756","KC",21,"C",2026,"Mid",148,345,34,6,"Greg","Tom",205,148,192,198,190,345
193,"7","Juan Sanchez","*06rgw*","sa3067129","TOR",18,"3B,SS",2029,"Late",90,387,26.6,6,"Matt","Drew",387,227,304,156,90,142
194,"7","Gavin Kilen","*05yd3*","sa3035353","SF",21,"SS",2026,"Late",180,265,14.7,6,"Drew","Tom",180,223,201,195,208,265
195,"7","Jonathan Santucci","*060ue*","sa3041559","NYM",22,"SP",2027,"Late",193,243,8.9,6,"Lucas","Kyle",220,200,243,193,209,204
196,"7","Christian Oppor","*06f1q*","sa3022950","CHW",21,"SP",2028,"Mid",166,244,14.9,6,"Matt","Greg",179,244,214,233,166,210
197,"7","Jackson Ferris","*05u6g*","sa3020891","LAD",21,"SP",2026,"Mid",136,328,34.7,6,"Greg","Drew",328,136,140,224,197,231
198,"7","Kruz Schoolcraft","*064wj*","MISSING","SD",18,"SP",2029,"Late",177,275,19.9,6,"Kyle","Tom",191,183,177,256,217,275
199,"7","Dakota Jordan","*067yf*","sa3025601","SF",22,"OF",2027,"Mid",111,269,14.9,6,"Matt","Lucas",142,248,224,269,111,222
200,"7","Gabriel Gonzalez","*05rcs*","sa3015723","MIN",21,"OF",2026,"Late",166,376,37.1,6,"Tom","Matt",232,202,199,180,376,166
201,"7","Alex Clemmey","*06bfu*","sa3023421","WSH",20,"SP",2026,"Late",123,261,25.4,6,"Lucas","Tom",248,189,248,123,189,261
202,"7","Marek Houston","*06mps*","sa3034152","MIN",21,"SS",2027,"Early",188,288,17.7,6,"Greg","Lucas",227,188,195,288,198,221
203,"7","Sean Gamble","*062cy*","MISSING","KC",19,"SS",2029,"Late",141,289,24.3,6,"Tom","Kyle",234,243,289,205,187,141
204,"7","Jesus Baez","*061rf*","sa3018507","STL",20,"3B,SS",2027,"Mid",124,328,35.1,6,"Tom","Greg",181,328,175,265,251,124
205,"7","Blake Burke","*062jb*","sa3025381","MIL",22,"1B",2026,"Late",99,250,13.5,6,"Lucas","Drew",250,242,217,99,216,239
206,"7","Aron Estrada","*0630n*","sa3018552","BAL",20,"2B,OF",2027,"Early",182,253,13,6,"Kyle","Matt",211,201,182,226,253,249
207,"7","JD Dix","*066j0*","sa3066859","ARI",20,"2B",2029,"Early",141,360,40.7,6,"Lucas","Drew",360,238,178,141,164,308
208,"7","Daniel Pierce","*06se8*","MISSING","TB",19,"SS",2029,"MId",180,331,25.8,6,"Matt","Drew",331,236,183,218,180,209
209,"7","Abimelec Ortiz","*05uv5*","sa3016926","TEX",23,"1B,OF",2026,"Mid",163,309,27.2,6,"Greg","Matt",174,163,185,266,309,247
210,"7","Marconi German","*06v26*","sa3067715","WSH",18,"2B,SS",2030,"Mid",70,295,40.5,6,"Drew","Tom",70,259,265,130,213,295
211,"7","Tyson Hardin","*06qng*","sa3025574","MIL",24,"SP",2026,"Late",169,270,18.6,6,"Drew","Matt",169,264,188,213,270,230
212,"8","Ricky Tiedemann","*05js6*","sa3018096","TOR",23,"SP",2026,"Early",92,534,91.7,4,"Matt","Tie",534,159,161,187,92,534
213,"8","Yorger Bautista","*06ps3*","sa3067684","SEA",18,"OF",2029,"Late",171,322,12,6,"Lucas","Tom",231,231,209,171,215,322
214,"8","James Tibbs III","*066ir*","sa3025333","LAD",23,"OF",2026,"Mid",129,435,50.5,6,"Tom","Matt",323,195,187,217,435,129
215,"8","Deniel Ortiz","*06pg4*","sa3066597","STL",21,"1B,3B",2028,"Early",177,325,14.9,6,"Drew","Lucas",177,301,196,325,246,190
216,"8","Slater de Brun","*06qz8*","MISSING","BAL",18,"OF",2028,"Late",136,280,24.7,6,"Matt","Drew",280,256,257,178,136,234
217,"8","Nick Becker","*06utc*","sa3069151","SEA",19,"SS",2029,"Early",163,347,38.2,6,"Kyle","Tom",345,166,163,189,259,347
218,"8","Eric Bitonti","*05yed*","sa3022866","MIL",20,"1B",2027,"Mid",167,302,27.3,6,"Greg","Matt",185,167,191,280,302,293
219,"8","T.J. Nichols","*05ucb*","sa3023039","TB",23,"SP",2026,"Late",173,278,17.4,6,"Matt","Drew",278,225,267,253,173,211
220,"8","Yoniel Curet","*05uec*","sa3015446","TB",23,"SP",2026,"Early",100,284,29.9,6,"Matt","Greg",264,284,259,249,100,199
221,"8","Kayson Cunningham","*067z9*","sa3069148","ARI",20,"SS",2028,"Early",92,517,65.2,5,"Kyle","Lucas",269,142,92,517,262,206
222,"8","Tai Peete","*06c7i*","sa3022966","SEA",20,"OF",2026,"Late",129,385,38.1,6,"Matt","Drew",385,247,204,300,129,224
223,"8","Zach Root","*06kxc*","MISSING","LAD",21,"SP",2027,"Early",202,318,18.3,6,"Drew","Tom",202,234,229,235,281,318
224,"8","David Hagaman","*06onz*","sa3032946","ARI",22,"SP",2026,"Late",107,517,37.1,5,"Matt","Drew",517,210,242,366,107,131
225,"8","Patrick Forbes","*06roe*","MISSING","ARI",21,"SP",2027,"Mid",197,291,15.2,6,"Drew","Matt",197,230,231,282,291,253
226,"8","Noble Meyer","*062yr*","sa3022945","MIA",20,"SP",2026,"Mid",147,297,25.3,6,"Matt","Greg",276,297,207,295,147,228
227,"8","Thayron Liranzo","*05r64*","sa3015790","DET",22,"C",2026,"Mid",140,407,39.6,6,"Drew","Matt",140,217,198,298,407,268
228,"8","Mason Neville","*06ute*","sa3038799","CIN",21,"OF",2028,"Early",168,371,37.1,6,"Greg","Tom",256,168,216,199,368,371
229,"8","Ethan Frey","*06yjs*","sa3031717","HOU",21,"OF",2028,"Early",158,276,18.1,6,"Kyle","Matt",261,261,158,255,276,241
230,"8","Kemp Alderman","*06ahe*","sa3022562","MIA",23,"OF",2026,"Mid",167,401,24.3,6,"Tom","Kyle",213,249,401,200,394,167
231,"8","Jeral Perez","*061mj*","sa3018557","CHW",21,"2B,SS",2028,"Early",186,392,34.5,6,"Matt","Lucas",283,324,205,392,186,202
232,"8","Tre' Morgan","*05wrt*","sa3022919","TB",23,"1B",2026,"Early",213,355,21,6,"Greg","Tom",244,213,227,260,261,355
233,"8","Hao-Yu  Lee","*05u2k*","sa3017863","DET",22,"2B,3B",2026,"Early",224,317,17,6,"Greg","Drew",317,224,240,264,234,314
234,"8","Gary Gill Hill","*064o6*","sa3020972","TB",21,"SP",2027,"Early",190,368,29.1,6,"Greg","Lucas",225,190,263,368,235,343
235,"8","Bishop Letson","*06gjw*","sa3023526","MIL",21,"SP",2027,"Late",206,307,15.7,6,"Matt","Greg",284,307,254,223,206,273
236,"8","Kevin Defrank","*06rgh*","sa3067574","MIA",17,"SP",2028,"Early",167,356,29.2,6,"Matt","Kyle",198,267,356,318,167,256
237,"8","Ethan Dorchies","*06quu*","sa3067421","MIL",19,"SP",2028,"Mid",243,281,5.2,6,"Lucas","Tom",265,257,256,243,266,281
238,"8","Cris Rodriguez","*06ps4*","sa3066593","DET",17,"OF",2029,"Late",182,433,20.8,6,"Tom","Greg",241,433,239,258,311,182
239,"8","Ben Hess","*066iq*","sa3033725","NYY",23,"SP",2026,"Late",158,349,18.6,6,"Lucas","Greg",199,349,333,158,230,304
240,"8","Alfonsin Rosario","*06f1h*","sa3022868","CLE",21,"OF",2027,"Mid",190,361,28,6,"Kyle","Matt",196,252,190,276,361,328
241,"8","Bryce Meccage","*06mnf*","sa3067069","MIL",19,"SP",2027,"Late",185,366,27.6,6,"Lucas","Matt",316,222,228,185,366,298
242,"8","Victor Figueroa","*06nv7*","sa3031322","BAL",21,"1B",2027,"Mid",204,320,18.2,6,"Lucas","Greg",246,320,282,204,244,315
243,"8","Anthony Eyanson","*06mph*","MISSING","BOS",21,"SP",2027,"Mid",135,421,41.3,6,"Drew","Tom",135,289,206,232,350,421
244,"8","Kendall George","*06cql*","sa3022660","LAD",21,"OF",2027,"Early",122,517,57.5,5,"Tom","Greg",275,517,215,206,397,122
245,"8","Roldy Brito","*06kui*","sa3023917","COL",18,"2B,OF",2028,"Late",139,534,72.8,4,"Greg","Tie",155,139,534,534,194,267
246,"8","Carson Whisenhunt","*05y7v*","31676","SF",25,"SP",2025,"Late",172,344,25.9,6,"Kyle","Greg",245,344,172,216,295,319
247,"8","Brandon Compton","*06mhy*","sa3029229","MIA",22,"OF",2027,"Mid",208,364,22.7,6,"Kyle","Tom",263,269,208,214,297,364
248,"8","Jimmy Crooks","*06434*","31354","STL",24,"C",2026,"Mid",220,386,28.2,6,"Matt","Tom",243,253,253,373,220,386
249,"8","Korbyn Dickerson","*067zd*","sa3030281","SEA",22,"OF",2028,"Late",229,349,16.9,6,"Lucas","Matt",274,285,264,229,349,236
250,"8","Luis Lara","*060yn*","sa3018514","MIL",21,"OF",2026,"Late",239,315,13.1,6,"Matt","Lucas",255,287,309,315,239,242
251,"8","Dante Nori","*06ien*","sa3025411","PHI",21,"OF",2027,"Mid",212,305,8.5,6,"Matt","Drew",305,258,290,259,212,303
252,"8","Joey Oakie","*06hf0*","sa3067418","CLE",19,"SP",2028,"Early",150,334,16,6,"Tom","Drew",334,270,291,320,237,150
253,"8","Blade Tidwell","*05u2q*","31701","SF",24,"SP",2025,"Early",136,341,33.7,6,"Kyle","Tom",167,326,136,262,318,341
254,"8","Josh Owens","*06vxu*","sa3069169","TEX",18,"SS,P",2030,"Mid",163,405,30.6,6,"Lucas","Kyle",277,268,405,163,242,312
255,"8","Kellon Lindsey","*06kxe*","sa3067042","LAD",20,"SS",2028,"Early",221,330,10,6,"Lucas","Tom",242,313,287,221,267,330
256,"8","Quentin Young","*05yat*","sa3069187","MIN",18,"SS",2029,"Late",194,360,22.9,6,"Kyle","Tom",260,233,194,317,299,360
257,"8","Yohendrick Pinango","*04z8z*","sa3009539","TOR",23,"OF",2026,"Late",185,406,39.1,6,"Tom","Matt",187,397,218,331,406,185
258,"8","Luis De Leon","*06ckl*","sa3019283","BAL",22,"SP",2029,"Late",197,534,39,4,"Greg","Tie",534,197,223,534,207,252
259,"8","Braden Nett","*066a6*","sa3020336","ATH",23,"SP",2026,"Late",169,347,27.9,6,"Greg","Drew",347,169,300,309,293,178
260,"8","Robert Gasser","*05u6r*","29812","MIL",26,"SP",2024,"Mid",236,338,13.3,6,"Matt","Kyle",303,279,338,257,236,283
261,"8","Chase Harlan","*06kjz*","sa3067256","LAD",19,"3B",2028,"Mid",167,352,15,6,"Lucas","Drew",352,292,303,167,287,245
262,"8","Leonardo Bernal","*05rcw*","sa3015773","STL",21,"C",2026,"Late",148,384,31.6,6,"Matt","Kyle",359,291,384,241,148,272
263,"8","Roc Riggio","*060fx*","sa3022750","COL",23,"2B",2026,"Mid",237,413,30.6,6,"Kyle","Matt",262,271,237,411,413,244
264,"8","Elorky Rodriguez","*06rib*","sa3067697","TEX",17,"OF",2029,"Late",227,345,16.6,6,"Matt","Greg",288,345,285,248,227,327
265,"8","Kash Mayfield","*06lp4*","sa3067104","SD",20,"SP",2028,"Early",234,376,19.5,6,"Lucas","Tom",312,311,251,234,256,376
266,"8","Chase Hampton","*05yh3*","sa3020682","NYY",24,"SP",2026,"Late",174,517,45.1,5,"Greg","Tom",190,174,312,270,294,517
267,"8","Jaden Hamm","*06f0u*","sa3023134","DET",23,"SP",2027,"Mid",157,331,22.9,6,"Greg","Tom",282,157,311,311,280,331
268,"8","Jaden Fauske","*06y9u*","MISSING","CHW",19,"OF",2029,"Late",194,323,17.7,6,"Tom","Matt",313,281,318,267,323,194
269,"8","Karson Milbrandt","*062z7*","sa3020659","MIA",21,"SP",2026,"Late",161,534,62.5,4,"Matt","Tie",534,214,305,534,161,176
270,"8","James Triantos","*05ucf*","sa3017295","CHC",22,"2B,3B,OF",2026,"Mid",215,444,33.7,6,"Greg","Tom",236,215,323,377,228,444
271,"8","Yairo Padilla","*06k81*","sa3023925","STL",18,"SS",2029,"Mid",193,363,14.4,6,"Tom","Matt",281,262,313,334,363,193
272,"8","Justin Gonzales","*06mff*","sa3023757","BOS",18,"OF",2028,"Late",177,534,57.7,4,"Matt","Tie",534,534,238,219,177,282
273,"8","Austin Overn","*06col*","sa3025408","BAL",22,"OF",2026,"Late",203,517,41,5,"Matt","Lucas",291,379,245,517,203,259
274,"8","Ryan Mitchell","*06y9v*","MISSING","STL",18,"SS",2029,"Late",231,420,23.6,6,"Matt","Lucas",271,341,277,420,231,294
275,"8","Brendan Jones","*06lp5*","sa3025253","NYY",23,"OF",2026,"Mid",186,365,14.8,6,"Drew","Tom",186,343,295,289,296,365
276,"8","River Ryan","*05ynx*","29514","LAD",27,"SP",2024,"Mid",123,517,51.3,5,"Tom","Greg",341,517,329,283,142,123
277,"8","Marcus Phillips","*06utf*","MISSING","BOS",21,"SP",2027,"Mid",178,517,39.7,5,"Drew","Tom",178,295,320,263,283,517
278,"8","Sterlin Thompson","*05jsc*","sa3019999","COL",24,"OF",2026,"Mid",205,445,28.2,6,"Tom","Matt",306,260,319,285,445,205
279,"8","Nestor German","*06gjv*","sa3023517","BAL",23,"SP",2026,"Late",255,517,23.9,5,"Kyle","Drew",517,265,255,340,272,285
280,"8","Brady Ebel","*06alr*","sa3069149","MIL",18,"SS",2029,"Mid",151,534,61.5,4,"Lucas","Tie",534,357,534,151,181,196
281,"8","Juan Brito","*05yhe*","sa3009808","CLE",24,"2B,SS",2026,"Mid",246,402,21,6,"Kyle","Lucas",318,273,246,402,348,257
282,"8","Tink Hence","*05jpx*","sa3014709","STL",23,"SP",2026,"Early",176,412,29.4,6,"Greg","Lucas",302,176,297,412,379,255
283,"8","Ramon Ramirez","*06cn0*","sa3021637","KC",20,"C",2027,"Mid",197,417,31.8,6,"Kyle","Lucas",251,228,197,417,347,393
284,"8","Riley Quick","*06rrl*","MISSING","MIN",21,"SP",2027,"Early",258,380,17.5,6,"Drew","Tom",258,266,364,301,289,380
285,"8","Jadher Areinamo","*062l0*","sa3015802","TB",22,"SS",2026,"Late",247,343,11.9,6,"Lucas","Drew",343,294,280,247,325,317
286,"8","Brailer Guerrero","*066mz*","sa3021072","TB",19,"OF",2027,"Late",199,357,21.8,6,"Matt","Tom",304,232,346,323,199,357
287,"8","Eduardo Beltre","*06icc*","sa3024928","MIN",19,"OF",2028,"Late",226,517,34.7,5,"Drew","Tom",226,302,310,278,273,517
288,"8","Landyn Vidourek","*06yqy*","sa3044483","LAD",22,"OF",2027,"Late",251,365,13.6,6,"Greg","Kyle",292,251,365,293,313,340
289,"8","Cam Cannarella","*06c1j*","sa3028360","MIA",22,"OF",2027,"Mid",245,409,23.1,6,"Lucas","Kyle",247,321,409,245,282,377
290,"8","Miguel Bleis","*05m1c*","sa3016834","BOS",21,"OF",2026,"Late",235,517,34,5,"Greg","Matt",310,235,266,279,517,334
291,"8","AJ Russell","*06cmi*","MISSING","TEX",21,"SP",2027,"Mid",206,517,40.8,5,"Drew","Greg",206,517,232,281,300,437
292,"8","Yophery Rodriguez","*066mq*","sa3021083","BOS",20,"OF",2027,"Mid",210,517,37.5,5,"Drew","Matt",210,254,278,306,517,399
293,"8","Ethan Petry","*05yff*","sa3039828","WSH",21,"OF",2027,"Early",219,413,21.7,6,"Drew","Tom",219,348,284,299,314,413
294,"8","Tony Blanco Jr.","*05yci*","sa3019722","PIT",20,"1B",2027,"Late",183,448,36.9,6,"Lucas","Kyle",355,419,448,183,214,258
295,"8","Yeremy Cabrera","*06c3v*","sa3018549","TEX",20,"OF",2027,"Mid",229,517,35.5,5,"Greg","Matt",273,229,272,401,517,302
296,"8","Juaron Watts-Brown","*062k6*","sa3023352","BAL",23,"SP",2027,"Mid",188,517,40.7,5,"Tom","Greg",237,517,276,319,427,188
297,"8","Adam Serwinowski","*066az*","sa3020626","LAD",21,"SP",2026,"Mid",229,349,13.9,6,"Matt","Tom",301,335,321,316,229,349
298,"8","Thomas Harrington","*05zya*","31989","PIT",24,"SP",2025,"Early",221,421,22.6,6,"Greg","Matt",289,221,292,330,421,363
299,"8","Caden Bodine","*06c5r*","sa3027305","BAL",22,"C",2028,"Early",175,517,40.2,5,"Drew","Tom",175,303,386,215,322,517
300,"8","Kyle DeBarge","*06kkg*","sa3025260","MIN",22,"2B,SS",2027,"Mid",280,357,7.4,6,"Greg","Matt",314,280,286,346,357,321
301,"8","Winston Santos","*061lj*","sa3015952","TEX",23,"SP",2026,"Mid",241,415,19.6,6,"Kyle","Tom",295,354,241,335,288,415
302,"8","Joendry Vargas","*06625*","sa3021067","LAD",20,"SS",2027,"Mid",203,431,29.3,6,"Greg","Drew",431,203,268,349,418,277
303,"8","Welbyn Francisca","*066mk*","sa3021087","CLE",19,"SS",2027,"Early",212,517,37.4,5,"Tie","Matt",371,212,281,350,517,212
304,"8","Gabriel Rincones Jr.","*0630f*","sa3020758","PHI",24,"OF",2026,"Mid",279,406,16.1,6,"Tom","Drew",406,282,294,343,351,279
305,"8","Alex Lodise","*06se7*","sa3036445","ATL",21,"SS",2026,"Mid",264,443,20.9,6,"Matt","Tom",272,312,353,329,264,443
306,"8","Luke Stevenson","*06ieq*","sa3043081","SEA",21,"C",2027,"Early",259,517,34.1,5,"Drew","Tom",259,310,296,261,442,517
307,"8","Andrew Salas","*06psm*","sa3067045","MIA",17,"OF",2029,"Late",249,439,18.7,6,"Drew","Kyle",249,255,439,333,306,407
308,"8","Wei-En Lin","*06op3*","sa3067072","ATH",20,"SP",2028,"Mid",180,441,32.8,6,"Tom","Kyle",209,392,441,359,312,180
309,"8","Seaver King","*06cq7*","sa3025414","WSH",22,"SS",2026,"Late",228,517,31.9,5,"Lucas","Matt",268,305,330,228,517,361
310,"8","Hendry Mendez","*05rhb*","sa3015727","MIN",22,"OF",2026,"Late",134,534,51.9,4,"Tom","Tie",368,534,249,534,245,134
311,"8","Owen Carey","*06qrv*","sa3067044","ATL",19,"OF",2028,"Late",211,385,18.9,6,"Matt","Kyle",346,346,385,297,211,323
312,"8","Tekoah Roby","*05jqh*","sa3014519","STL",24,"SP",2026,"Mid",275,517,28.5,5,"Lucas","Matt",294,353,283,275,517,329
313,"8","Wyatt Sanford","*06mnl*","sa3066665","PIT",20,"2B,SS",2027,"Late",220,438,24.9,6,"Lucas","Drew",438,336,316,220,403,280
314,"8","Ixan Henderson","*06fzn*","sa3022953","STL",23,"SP",2026,"Mid",161,362,23.9,6,"Lucas","Matt",339,356,349,161,362,320
315,"8","Christopher Suero","*06lfg*","sa3018614","NYM",21,"C,OF",2027,"Mid",257,381,16.7,6,"Drew","Greg",257,381,362,307,369,270
316,"8","Dorian Soto","*06qhh*","sa3067678","BOS",17,"SS",2029,"Early",204,434,24.1,6,"Matt","Kyle",409,401,434,277,204,229
317,"8","Rafael Flores","*06f0k*","31991","PIT",25,"1B",2026,"Mid",224,406,22.4,6,"Drew","Kyle",224,390,406,358,319,260
318,"8","Jaison Chourio","*05yix*","sa3018399","CLE",20,"OF",2026,"Mid",225,517,33.3,5,"Kyle","Drew",517,250,225,344,307,409
319,"8","Brody Brecht","*05ybz*","sa3027632","COL",23,"SP",2026,"Late",89,534,59.4,4,"Drew","Tie",89,272,534,142,416,534
320,"8","Cam Leiter","*06k4w*","MISSING","LAD",21,"SP",2027,"Early",298,517,25.3,5,"Matt","Drew",517,317,337,302,298,336
321,"8","Coy James","*06alw*","MISSING","WSH",18,"SS",2030,"Late",159,517,38.4,5,"Tom","Drew",517,380,307,408,250,159
322,"8","Starlyn Caba","*066mx*","sa3021070","MIA",20,"SS",2028,"Early",245,427,20,6,"Greg","Kyle",338,245,427,332,327,411
323,"8","Matthew Fisher","*06uth*","MISSING","PHI",19,"SP",2030,"Early",239,517,28.3,5,"Lucas","Tom",326,364,299,239,342,517
324,"8","RJ Schreck","*0603l*","sa3022602","TOR",25,"OF",2026,"Mid",244,517,25.5,5,"Kyle","Greg",394,517,244,400,275,262
325,"8","Druw Jones","*05tdk*","sa3020676","ARI",22,"OF",2026,"Late",263,517,27.2,5,"Matt","Tom",335,355,279,337,263,517
326,"8","Cooper Kinney","*05ua8*","sa3017793","TB",22,"2B,3B",2027,"Mid",252,517,27.4,5,"Kyle","Tom",330,325,252,404,326,517
327,"8","Jose Urbina","*069xw*","sa3022218","TB",20,"SP",2028,"Mid",201,534,46.3,4,"Matt","Tie",534,417,233,240,201,534
328,"8","Max Belyeu","*06mpu*","sa3026937","COL",21,"OF",2027,"Mid",194,517,36.2,5,"Lucas","Tom",214,333,408,194,367,517
329,"8","Bryce Cunningham","*06l3m*","sa3029687","NYY",22,"SP",2026,"Mid",244,426,21.7,6,"Lucas","Drew",426,316,379,244,279,404
330,"8","Sean Linan","*06l0n*","sa3019270","WSH",21,"SP",2026,"Late",288,517,27.2,5,"Greg","Tom",296,288,433,310,344,517
331,"8","Ethan Salas","*05ybr*","sa3020881","SD",19,"C",2026,"Mid",287,449,20.6,6,"Drew","Tom",287,306,345,324,441,449
332,"8","Edwin Arroyo","*05rcj*","sa3017626","CIN",22,"SS",2026,"Early",308,439,14.7,6,"Matt","Lucas",320,318,361,439,308,378
333,"8","Yhoiker Fajardo","*06mcc*","sa3024273","BOS",19,"SP",2028,"Mid",156,534,39.2,4,"Tom","Tie",534,322,370,534,184,156
334,"8","Dean Curley","*06ksc*","sa3029706","CLE",21,"SS",2027,"Mid",239,517,29.4,5,"Greg","Tom",252,239,369,341,359,517
335,"8","Raudi Rodriguez","*06hoc*","sa3022506","LAA",22,"OF",2027,"Late",289,517,24.7,5,"Tom","Greg",309,517,399,314,354,289
336,"8","Walker Janek","*06kkk*","sa3025254","HOU",23,"C",2027,"Late",195,405,22.5,6,"Tom","Drew",405,403,339,356,355,195
337,"8","Mikey Romero","*05y7y*","sa3020216","BOS",21,"2B,3B,SS",2027,"Early",227,517,29.7,5,"Lucas","Greg",365,517,262,227,382,335
338,"8","Antwone Kelly","*06bpq*","sa3015489","PIT",22,"SP",2027,"Mid",160,517,39.4,5,"Lucas","Tom",321,446,221,160,390,517
339,"8","Sean Sullivan","*06ahu*","sa3023162","COL",23,"SP",2026,"Mid",176,517,38.2,5,"Drew","Matt",176,194,347,379,517,420
340,"8","Coleman Crow","*0569p*","sa3015142","MIL",24,"SP",2026,"Mid",237,534,39.7,4,"Lucas","Tie",266,534,261,237,396,534
341,"8","Braxton Bragg","*06fzr*","sa3023303","BAL",25,"SP",2026,"Late",319,517,21.8,5,"Drew","Matt",319,342,341,321,517,342
342,"8","Miguel Mendez","*06r8f*","sa3015506","SD",23,"RP",2027,"Late",148,436,31.2,6,"Drew","Lucas",148,408,422,436,324,299
343,"8","PJ Morlando","*06328*","sa3025199","MIA",20,"OF",2028,"Early",260,517,29.3,5,"Kyle","Tom",403,274,260,290,422,517
344,"8","Zach Cole","*066db*","31583","HOU",25,"OF",2026,"Early",235,517,26.6,5,"Kyle","Drew",517,447,235,294,271,402
345,"8","Kelvis Salcedo","*06m8k*","sa3021531","DET",19,"SP",2028,"Mid",237,534,37.9,4,"Greg","Tie",534,237,366,252,310,534
346,"8","Chase Shores","*05ydu*","MISSING","LAA",21,"RP",2026,"Early",284,429,15.9,6,"Lucas","Tom",300,337,392,284,380,429
347,"8","Brayden Taylor","*05wy1*","sa3022921","TB",23,"2B,3B",2026,"Mid",293,517,23.3,5,"Kyle","Tom",356,314,293,416,336,517
348,"8","Trey Gregory-Alford","*06kk7*","sa3067313","LAA",19,"SP",2028,"Mid",237,517,25.9,5,"Tom","Lucas",386,350,371,517,320,237
349,"8","Brandon Winokur","*06dnc*","sa3022613","MIN",20,"3B,SS,OF",2026,"Late",243,424,20.6,6,"Matt","Tie",290,365,424,376,243,424
350,"8","Yordanny Monegro","*06c28*","sa3015476","BOS",23,"SP",2026,"Late",286,517,23.9,5,"Drew","Matt",286,293,395,383,517,337
351,"8","James Quinn-Irons","*06vxv*","sa3040344","TB",21,"OF",2028,"Mid",292,517,24,5,"Lucas","Drew",517,415,383,292,330,297
352,"8","Sammy Stafura","*06c1m*","sa3022612","PIT",21,"SS",2027,"Mid",241,517,27,5,"Greg","Tom",435,241,336,313,381,517
353,"8","Landon Harmon","*06pp5*","MISSING","WSH",19,"SP",2030,"Early",297,534,31,4,"Drew","Tie",297,308,534,361,321,534
354,"8","Keiner Delgado","*061z7*","sa3018397","PIT",21,"2B,3B",2026,"Late",233,517,30.9,5,"Drew","Matt",233,263,428,432,517,311
355,"8","Nathan Church","*064n8*","31357","STL",25,"OF",2025,"Late",272,517,25.6,5,"Lucas","Drew",517,423,302,272,409,316
356,"8","Joseph Dzierwa","*06rre*","MISSING","BAL",21,"SP",2027,"Late",332,393,7.9,6,"Matt","Kyle",333,358,393,386,332,392
357,"8","Handelfry Encarnacion","*06kv2*","sa3024124","MIL",18,"OF",2028,"Late",271,517,24.1,5,"Tom","Greg",342,517,412,391,305,271
358,"8","Jose Anderson","*06me6*","sa3024133","MIL",19,"OF",2028,"Late",275,423,14.4,6,"Kyle","Matt",398,352,275,352,423,396
359,"8","Miguel Ullola","*061xq*","sa3016504","HOU",23,"SP",2026,"Early",293,444,14.9,6,"Drew","Kyle",293,340,444,308,415,405
360,"8","Zach Thornton","*06ekq*","sa3023505","NYM",23,"SP",2026,"Mid",223,534,37.2,4,"Tom","Tie",239,534,344,534,386,223
361,"8","Colton Ledbetter","*0689z*","sa3022897","TB",24,"OF",2026,"Mid",263,517,26.2,5,"Tom","Drew",517,283,351,442,387,263
362,"8","Aaron Watson","*06qz9*","MISSING","CIN",18,"SP",2028,"Late",327,430,9.9,6,"Greg","Tom",350,327,381,399,365,430
363,"8","Yoeilin Cespedes","*066mn*","sa3021085","BOS",20,"2B",2028,"Early",226,534,35.7,4,"Tom","Tie",534,278,314,534,419,226
364,"8","Jansel Luis","*061zn*","sa3018508","ARI",20,"2B,3B",2027,"Early",251,449,18.4,6,"Lucas","Drew",449,330,382,251,401,388
365,"9","Chase Petty","*05raz*","30170","CIN",22,"SP",2026,"Late",296,534,29.7,4,"Lucas","Tie",380,304,331,296,534,534
366,"9","Jordan Yost","*06y4f*","MISSING","DET",18,"SS",2029,"Mid",258,517,24,5,"Matt","Greg",308,517,417,375,258,379
367,"9","Nathan Flewelling","*06o01*","sa3067041","TB",19,"C",2029,"Early",273,534,29.1,4,"Lucas","Tie",348,534,360,273,346,534
368,"9","Luis Arana","*06uwm*","sa3067767","MIA",17,"3B,SS",2030,"Mid",247,534,32.2,4,"Matt","Tie",298,534,389,534,247,338
369,"9","Griffin Burkholder","*06mnj*","sa3025418","PHI",20,"OF",2028,"Early",218,517,24,5,"Greg","Drew",517,218,335,397,433,366
370,"9","Cooper Flemming","*06yxh*","MISSING","TB",19,"SS",2030,"Late",327,517,17.6,5,"Lucas","Greg",358,517,368,327,374,397
371,"9","Parks Harber","*06qlr*","sa3025308","SF",24,"3B",2026,"Late",322,441,11.5,6,"Drew","Tom",322,399,400,372,341,441
372,"9","Andrew Morris","*0648r*","sa3020569","MIN",24,"SP",2026,"Mid",270,517,21.9,5,"Kyle","Lucas",374,374,270,517,447,372
373,"9","Victor Arias","*05ui6*","sa3015636","TOR",22,"OF",2026,"Late",276,534,29.7,4,"Greg","Tie",534,276,301,534,389,350
374,"9","Asbel Gonzalez","*06akw*","sa3021639","KC",19,"OF",2027,"Mid",322,517,18.9,5,"Kyle","Lucas",361,396,322,517,331,419
375,"9","Tyler Black","*05u2u*","29949","MIL",25,"1B",2024,"Early",246,534,31,4,"Greg","Tie",362,246,388,305,534,534
376,"9","Wuilfredo Antunez","*061yx*","sa3011578","CLE",23,"OF",2029,"Late",307,517,21.2,5,"Tom","Drew",517,422,332,445,338,307
377,"9","Emiliano Teodo","*05uo4*","sa3015158","TEX",24,"RP",2026,"Mid",325,517,18.9,5,"Drew","Lucas",325,372,391,517,328,434
378,"9","Gavin Turley","*05y7w*","sa3044148","ATH",22,"OF",2027,"Mid",310,517,19,5,"Tom","Drew",517,409,380,396,329,310
379,"9","Charles McAdoo","*06f0z*","sa3022823","TOR",23,"3B",2026,"Late",299,534,26.9,4,"Greg","Tie",315,299,373,534,534,383
380,"9","Ty Floyd","*05u2l*","sa3031488","CIN",24,"SP",2026,"Mid",286,534,27.6,4,"Greg","Tie",311,286,534,380,534,387
381,"9","Kane Kepley","*06qwv*","sa3035293","CHC",21,"OF",2028,"Mid",121,562,52.3,3,"Drew","Tie",121,562,562,562,226,254
382,"9","J.D. Thompson","*06r4c*","MISSING","MIL",22,"SP",2027,"Mid",336,534,24.3,4,"Tie","Tie",336,534,534,336,352,406
383,"9","Carlos Jorge","*05rf5*","sa3016722","CIN",21,"OF",2026,"Mid",309,534,25.9,4,"Greg","Tie",353,309,328,534,534,418
384,"9","Eli Serrano","*06ajk*","sa3025407","NYM",22,"OF",2027,"Late",290,517,21.4,5,"Tom","Drew",517,437,327,367,439,290
385,"9","Taitn Gray","*06y9r*","MISSING","TB",18,"C",2030,"Mid",342,534,22.2,4,"Lucas","Tie",534,368,376,342,534,382
386,"9","Tim Elko","*066da*","31522","CHW",26,"1B",2025,"Early",337,534,22.9,4,"Drew","Tie",337,534,375,389,534,351
387,"9","Josh Knoth","*069zn*","sa3023420","MIL",20,"SP",2027,"Mid",218,534,30.3,4,"Tom","Tie",428,362,377,534,534,218
388,"9","Cade Obermueller","*06id0*","MISSING","PHI",22,"SP",2027,"Early",357,534,21.3,4,"Drew","Tie",357,400,534,360,377,534
389,"9","John Gil","*06hsz*","sa3021284","ATL",19,"SS",2027,"Mid",163,562,43.6,3,"Matt","Tie",562,562,271,562,163,278
390,"9","Luke Sinnard","*06c8x*","sa3042362","ATL",23,"SP",2027,"Mid",348,534,21,4,"Lucas","Tie",367,534,350,348,426,534
391,"9","Deyvison De Los Santos","*05nsq*","sa3015168","MIA",22,"3B",2026,"Mid",377,517,13.4,5,"Drew","Tom",377,384,447,418,388,517
392,"9","K.C. Hunt","*066b3*","sa3022937","MIL",25,"SP",2026,"Late",300,534,22.9,4,"Greg","Tie",396,300,534,387,534,412
393,"9","William Bergolla","*05w8l*","sa3019777","CHW",21,"SS",2027,"Late",169,562,46.7,3,"Tom","Tie",212,315,562,562,562,169
394,"9","Brennen Davis","*04pmv*","sa3007876","NYY",26,"OF",2024,"Late",240,562,40.7,3,"Drew","Tie",240,562,562,286,562,269
395,"9","Carson DeMartini","*062ec*","sa3025198","PHI",22,"3B,SS",2027,"Early",367,534,19.4,4,"Kyle","Tie",392,373,367,534,412,534
396,"9","Nate Dohm","*06nug*","sa3030418","STL",22,"SP",2027,"Early",328,517,16.5,5,"Lucas","Drew",517,430,342,328,432,422
397,"9","Brendan Girton","*06qid*","sa3025584","NYM",24,"SP",2028,"Early",325,517,15.1,5,"Kyle","Drew",517,421,325,427,414,417
398,"9","Cristofer Torin","*063dm*","sa3018938","ARI",20,"2B,SS",2027,"Mid",349,534,20.1,4,"Drew","Tie",349,387,372,534,425,534
399,"9","Trevor Harrison","*06f1o*","sa3023629","TB",20,"SP",2027,"Late",161,562,43.5,3,"Tom","Tie",562,562,315,562,285,161
400,"9","Cristian Arguelles","*06kkn*","sa3023968","COL",18,"OF",2030,"Late",189,562,42.3,3,"Tom","Tie",562,562,258,326,562,189
401,"9","Kale Fountain","*06kka*","sa3067321","SD",20,"1B",2028,"Early",340,534,18.4,4,"Kyle","Tie",534,414,340,534,417,414
402,"9","Rayner Arias","*066mw*","sa3021076","SF",19,"OF",2027,"Late",358,534,18.3,4,"Kyle","Tie",534,404,358,431,393,534
403,"9","Juan Valera","*06mlb*","sa3021570","BOS",19,"SP",2028,"Early",296,534,23.1,4,"Greg","Tie",534,296,443,534,424,346
404,"9","Josiah Hartshorn","*06ifw*","MISSING","CHC",18,"1B,OF",2029,"Late",317,534,20.3,4,"Matt","Tie",534,410,446,534,317,391
405,"9","Tate Southisene","*06rry*","sa3069150","ATL",19,"SS",2030,"Mid",143,562,42.4,3,"Tom","Tie",562,562,352,562,316,143
406,"9","Wellington Aracena","*06m7d*","sa3019265","BAL",20,"SP",2027,"Late",340,534,20,4,"Matt","Tie",534,428,355,534,340,445
407,"9","Luis Merejo","*06awf*","sa3021196","CLE",19,"1B,OF",2027,"Mid",329,534,19.1,4,"Greg","Tie",399,329,421,444,534,534
408,"9","Anderson Brito","*06me7*","sa3024232","HOU",21,"SP",2027,"Mid",312,562,32.1,3,"Lucas","Tie",324,319,562,312,562,562
409,"9","Nick Morabito","*0630l*","sa3020418","NYM",22,"OF",2026,"Late",304,562,31.7,3,"Lucas","Tie",562,562,562,304,335,325
410,"9","Diego Tornes","*06qhe*","sa3066458","ATL",17,"OF",2029,"Late",218,562,37.5,3,"Matt","Tie",562,562,562,393,218,274
411,"9","Mac Horvath","*05yha*","sa3022885","TB",24,"2B,OF",2026,"Mid",273,562,32,3,"Kyle","Tie",562,332,273,365,562,562
412,"9","Yohandy Morales","*05js4*","sa3022672","WSH",24,"1B,3B",2026,"Mid",308,562,29.6,3,"Kyle","Tie",562,366,308,339,562,562
413,"9","Craig Yoho","*06fzq*","33248","MIL",26,"SP",2025,"Early",285,562,32.1,3,"Drew","Tie",285,562,562,303,562,381
414,"9","Jesus Rodriguez","*052h8*","sa3008916","SF",23,"C",2026,"Mid",268,562,32.7,3,"Lucas","Tie",307,562,562,268,562,385
415,"9","Edgar Montero","*06icg*","sa3024109","ATH",19,"SS",2029,"Late",202,562,35.2,3,"Matt","Tie",562,386,562,562,202,373
416,"9","Jeremiah Jackson","*04pmt*","22239","BAL",25,"OF,UT",2025,"Mid",210,562,34.8,3,"Lucas","Tie",389,562,562,210,562,362
417,"9","Michael Lombardi","*06yez*","MISSING","KC",22,"RP",2026,"Late",326,562,27.3,3,"Kyle","Tie",562,562,326,363,562,367
418,"9","Josh Kasevich","*060if*","sa3020203","TOR",24,"SS",2026,"Early",291,562,29.4,3,"Lucas","Tie",562,382,562,291,358,562
419,"9","Payton Eeles","*06ltg*","sa3023622","BAL",26,"2B,SS",2026,"Mid",333,562,27.3,3,"Tom","Tie",562,375,562,345,562,333
420,"9","Patrick Copen","*06at2*","sa3023283","LAD",23,"SP",2026,"Mid",188,562,37.4,3,"Lucas","Tie",299,425,562,188,562,562
421,"9","Luis Baez","*060fy*","sa3018482","HOU",21,"OF",2026,"Mid",317,562,28.5,3,"Kyle","Tie",562,391,317,562,562,324
422,"9","Ethan Pecko","*06f14*","sa3022997","HOU",23,"SP",2026,"Mid",185,562,38.9,3,"Matt","Tie",562,562,562,441,185,266
423,"9","Rickey Cabrera","*05rjo*","sa3018405","CIN",21,"3B",2027,"Mid",306,562,27.4,3,"Tom","Tie",391,361,562,562,562,306
424,"9","Lisbel Diaz","*06dvu*","sa3022399","SF",20,"OF",2028,"Early",214,562,32.4,3,"Tom","Tie",562,406,398,562,562,214
425,"9","Drue Hackenberg","*062e9*","sa3023304","ATL",23,"SP",2026,"Early",331,562,25.6,3,"Greg","Tie",383,331,374,562,562,562
426,"9","Aaron Walton","*06yjd*","sa3044756","CLE",21,"OF",2028,"Early",248,562,35.5,3,"Matt","Tie",270,562,562,562,248,433
427,"9","Christian Zazueta","*06207*","sa3018867","LAD",21,"SP",2028,"Mid",290,562,27.1,3,"Matt","Tie",393,562,562,390,290,562
428,"9","Brendan Tunink","*06q33*","sa3067275","LAD",20,"OF",2028,"Mid",222,562,33.3,3,"Lucas","Tie",366,426,562,222,562,562
429,"9","Cristian Mena","*05ita*","27974","ARI",22,"SP",2024,"Mid",269,562,28.8,3,"Matt","Tie",363,562,562,562,269,416
430,"9","Ryan Ward","*0516g*","sa1169792","LAD",27,"1B,OF",2026,"Mid",370,562,22.6,3,"Lucas","Tie",381,562,394,370,562,562
431,"9","Dillon Lewis","*06pi9*","sa3025515","NYY",22,"OF",2026,"Late",288,562,28.4,3,"Kyle","Tie",562,562,288,421,562,369
432,"9","Esmil Valencia","*066mr*","sa3021082","MIA",20,"OF",2028,"Late",305,562,29.2,3,"Tom","Tie",562,562,324,562,429,305
433,"9","Leandro Lopez","*06pfc*","sa3016748","TEX",23,"RP",2026,"Late",183,562,36.3,3,"Tom","Tie",562,450,562,562,370,183
434,"9","Michael Oliveto","*06xwb*","MISSING","DET",18,"C",2030,"Early",332,562,23.6,3,"Drew","Tie",332,562,562,407,562,394
435,"9","Braylin Morel","*06dq5*","sa3021229","TEX",19,"OF",2026,"Late",290,562,27.4,3,"Greg","Tie",562,290,348,429,562,562
436,"9","Enddy Azocar","*06nln*","sa3023764","BOS",18,"OF",2028,"Late",274,562,30.4,3,"Matt","Tie",448,562,562,562,274,300
437,"9","Ryan Johnson","*05zq4*","35325","LAA",23,"SP",2025,"Early",236,562,32.2,3,"Lucas","Tie",562,562,363,236,444,562
438,"9","Griff O'Ferrall","*062k7*","sa3025409","BAL",22,"2B,SS",2027,"Mid",371,562,22.5,3,"Lucas","Tie",401,562,562,371,562,401
439,"9","Will Watson","*06pqe*","sa3025592","NYM",23,"SP",2026,"Late",207,562,31.6,3,"Tom","Tie",562,449,562,562,395,207
440,"9","Kala'i Rosario","*05js9*","sa3015199","MIN",23,"OF",2026,"Early",296,562,26.8,3,"Tom","Tie",562,440,343,562,562,296
441,"9","Argenis Cayama","*06kru*","sa3025006","SF",19,"SP",2029,"Early",351,562,22.3,3,"Drew","Tie",351,418,562,381,562,562
442,"9","Yolfran Castillo","*06icj*","sa3023726","TEX",18,"3B,SS",2028,"Late",357,562,22.6,3,"Kyle","Tie",562,413,357,562,562,408
443,"9","Creed Willems","*05y3x*","sa3017562","BAL",22,"C,1B",2026,"Mid",323,562,23,3,"Greg","Tie",562,323,426,562,562,400
444,"9","Chase Davis","*05jrf*","sa3022426","STL",24,"OF",2026,"Early",354,562,22.7,3,"Kyle","Tie",562,562,354,430,562,359
445,"9","Henry Lalane","*05ym5*","sa3016066","NYY",21,"SP",2027,"Late",356,562,20.7,3,"Matt","Tie",562,416,416,562,356,562
446,"9","Carson Roccaforte","*06af4*","sa3022825","KC",23,"OF",2026,"Late",252,562,29.8,3,"Matt","Tie",404,562,562,562,252,447
447,"9","Dean Moss","*05y9c*","MISSING","TB",19,"OF",2029,"Mid",374,562,20.3,3,"Lucas","Tie",562,562,420,374,392,562
448,"9","Ben Kudrna","*05t9i*","sa3018253","KC",22,"SP",2026,"Early",360,562,22.2,3,"Greg","Tie",562,360,562,419,562,410
449,"9","Jackson Baumeister","*05u9j*","sa3023471","TB",23,"SP",2026,"Mid",334,562,26.1,3,"Greg","Tie",562,334,442,347,562,562
450,"9","Moises Chace","*060vu*","sa3015346","PHI",22,"SP",2026,"Late",275,562,28,3,"Greg","Tie",402,275,562,448,562,562
451,"9","Tyson Neighbors","*06cq9*","sa3025569","BAL",23,"RP",2026,"Mid",376,562,20,3,"Drew","Tie",376,562,562,562,428,389
452,"9","Cristian Hernandez","*05gwo*","sa3015696","CHC",21,"SS",2026,"Late",356,562,23,3,"Tom","Tie",562,385,438,562,562,356
453,"9","Cade Smith","*06f15*","sa3023371","NYY",23,"SP",2027,"Mid",364,562,21.5,3,"Matt","Tie",413,562,562,562,364,431
454,"9","Luis Cova","*06ibu*","sa3023723","MIA",18,"OF",2029,"Mid",351,562,21.8,3,"Greg","Tie",562,351,435,562,562,425
455,"9","Johanfran Garcia","*05yig*","sa3018424","BOS",20,"C",2027,"Late",367,562,19.7,3,"Greg","Tie",562,367,562,562,398,438
456,"9","Louis Andujar","*06z4f*","sa3068889","BOS",18,"3B",2029,"Late",353,562,21.5,3,"Tom","Tie",562,432,436,562,562,353
457,"9","Miguel Sime Jr.","*06ybd*","MISSING","WSH",18,"SP",2030,"Late",354,562,20.7,3,"Drew","Tie",354,562,562,450,383,562
458,"9","Paulino Santana","*06ho7*","sa3023718","TEX",19,"OF",2027,"Late",390,562,18.5,3,"Kyle","Tie",562,394,390,562,562,439
459,"9","Angel Feliz","*06ibw*","sa3023892","WSH",19,"SS",2029,"Mid",371,562,20.1,3,"Greg","Tie",562,371,562,428,448,562
460,"9","Adrian Bohorquez","*06ltf*","sa3021501","MIN",20,"SP",2027,"Mid",400,562,15.6,3,"Matt","Tie",562,448,450,562,400,562
461,"9","Eriq Swan","*06f0t*","sa3023514","WSH",24,"SP",2027,"Early",431,562,14.3,3,"Matt","Tie",442,562,562,562,431,446
462,"9","Cooper Hjerpe","*05yef*","sa3020736","STL",24,"SP",2026,"Late",436,562,14.2,3,"Greg","Tie",439,436,562,446,562,562
463,"10","Nick Yorke","*05js7*","27504","PIT",23,"2B",2024,"Late",274,618,37.6,2,"Kyle","Tie",618,277,274,618,618,618
464,"10","Thomas Saggese","*05mru*","27883","STL",23,"2B,SS",2024,"Late",191,618,38.9,2,"Lucas","Tie",370,618,618,191,618,618
465,"10","Zach Ehrhard","*066l0*","sa3025247","LAD",22,"OF",2026,"Mid",254,618,36.9,2,"Matt","Tie",618,618,618,618,254,309
466,"10","Henry Godbout","*06am1*","sa3032331","BOS",22,"2B",2028,"Early",209,618,37.4,2,"Lucas","Tie",618,618,618,209,371,618
467,"10","Pedro Ramirez","*05vy9*","sa3015834","CHC",21,"SS",2027,"Late",197,618,36.4,2,"Tom","Tie",618,618,618,618,437,197
468,"10","Samuel Zavala","*05rdr*","sa3015718","CHW",21,"OF",2026,"Mid",238,618,34.1,2,"Tom","Tie",618,618,404,618,618,238
469,"10","Chen-Wei Lin","*06cn1*","sa3022876","STL",24,"SP",2027,"Early",306,618,32,2,"Kyle","Tie",340,618,306,618,618,618
470,"10","Kahlil Watson","*05rau*","sa3017513","CLE",22,"SS,OF",2026,"Late",315,618,31.5,2,"Matt","Tie",618,618,618,338,315,618
471,"10","Bruin Agbayani","*06zgv*","sa3069188","MIN",18,"SS",2029,"Mid",269,618,31.9,2,"Kyle","Tie",618,618,269,395,618,618
472,"10","Dameury Pena","*06ek8*","sa3021624","MIN",20,"2B",2027,"Late",251,618,32.4,2,"Tom","Tie",618,420,618,618,618,251
473,"10","Dylan Jordan","*06p61*","sa3067384","LAA",20,"SP",2028,"Late",241,618,37.6,2,"Matt","Tie",618,618,618,618,241,432
474,"10","Gabriel Davalillo","*06qsf*","sa3068659","LAA",18,"C",2029,"Late",284,618,30.6,2,"Matt","Tie",397,618,618,618,284,618
475,"10","Lucas Spence","*06qjw*","sa3025371","HOU",22,"OF",2026,"Late",333,618,34.2,2,"Matt","Tie",618,618,618,618,333,348
476,"10","Maykel Coret","*06qhg*","sa3067683","TB",18,"OF",2029,"Late",288,618,34.7,2,"Tom","Tie",618,618,403,618,618,288
477,"10","Junior Perez","*0558r*","sa3005744","ATH",24,"OF",2026,"Mid",287,618,30,2,"Tom","Tie",618,618,618,618,405,287
478,"10","Braden Davis","*06qi2*","sa3029886","STL",22,"SP",2027,"Mid",332,618,32.6,2,"Tom","Tie",379,618,618,618,618,332
479,"10","Mike Boeve","*06dnb*","sa3022658","MIL",23,"1B",2026,"Late",339,618,27.4,2,"Greg","Tie",382,339,618,618,618,618
480,"10","Christian Franklin","*05rb5*","sa3017510","WSH",26,"OF",2026,"Mid",271,618,29.7,2,"Lucas","Tie",618,618,618,271,450,618
481,"10","Tyler Uberstine","*066qr*","sa3017643","BOS",26,"SP",2027,"Early",358,618,27.1,2,"Tom","Tie",618,618,618,364,618,358
482,"10","Dylan Dreiling","*06kk8*","sa3025251","TEX",22,"OF",2027,"Mid",334,618,31.6,2,"Kyle","Tie",618,618,334,394,618,618
483,"10","Orelvis Martinez","*04mms*","25967","TOR",24,"SS",2024,"Mid",364,618,26.5,2,"Drew","Tie",364,618,618,618,618,368
484,"10","Levi Sterling","*06hf3*","sa3066664","PIT",19,"SP",2028,"Late",298,618,27.8,2,"Greg","Tie",618,298,618,435,618,618
485,"10","Joshua Flores","*06z7k*","MISSING","MIL",18,"SP",2030,"Late",322,618,27,2,"Lucas","Tie",618,411,618,322,618,618
486,"10","Santiago Castellanos","*06rm5*","sa3068480","MIN",17,"SP",2029,"Late",304,618,32.2,2,"Matt","Tie",618,618,618,618,304,435
487,"10","Ernesto Martinez Jr.","*04dws*","sa3003173","MIL",26,"1B",2026,"Mid",298,618,32.4,2,"Kyle","Tie",618,618,298,443,618,618
488,"10","Joshua Kuroda-Grauer","*06nue*","sa3025386","ATH",22,"SS",2026,"Mid",357,618,30.2,2,"Lucas","Tie",390,618,618,357,618,618
489,"10","Hayden Mullins","*05uc2*","sa3023218","BOS",25,"SP",2026,"Late",369,618,25.4,2,"Drew","Tie",369,618,618,618,378,618
490,"10","Teilon Serrano","*06r7g*","sa3067703","MIN",17,"OF",2029,"Mid",374,618,24.8,2,"Tom","Tie",618,618,618,384,618,374
491,"10","Ramon Marquez","*06y0k*","sa3067514","PHI",19,"SP",2029,"Mid",353,618,24.7,2,"Matt","Tie",618,618,410,618,353,618
492,"10","Mason Barnett","*0630h*","31741","ATH",25,"SP",2025,"Late",375,618,24.2,2,"Tom","Tie",618,393,618,618,618,375
493,"10","Hyun-Seok Jang","*06f8f*","sa3023601","LAD",21,"SP",2028,"Late",355,618,24.3,2,"Lucas","Tie",618,618,415,355,618,618
494,"10","Javier Mogollon","*06bsh*","sa3021855","CHW",20,"2B",2028,"Mid",372,618,23.8,2,"Drew","Tie",372,618,618,403,618,618
495,"10","Murf Gray","*06mvg*","MISSING","PIT",21,"3B",2029,"Mid",363,618,23.9,2,"Greg","Tie",412,363,618,618,618,618
496,"10","A.J. Blubaugh","*0649e*","31764","HOU",25,"SP",2025,"Early",375,618,28.3,2,"Drew","Tie",375,618,618,618,404,618
497,"10","Lucas Braun","*06f18*","sa3022996","ATL",24,"SP",2026,"Early",360,618,28.3,2,"Matt","Tie",618,618,618,424,360,618
498,"10","Sam Petersen","*06o08*","sa3025609","WSH",22,"OF",2027,"Mid",384,618,27.3,2,"Drew","Tie",384,618,618,618,410,618
499,"10","Blake Wolters","*06c1k*","sa3023513","KC",21,"SP",2026,"Early",359,618,22.8,2,"Greg","Tie",618,359,440,618,618,618
500,"10","Tate Kuehner","*06fqr*","sa3023099","MIL",24,"SP",2026,"Late",384,618,21.9,2,"Tom","Tie",618,424,618,618,618,384
501,"10","Cole Peschl","*06qru*","sa3039760","MIN",23,"SP",2027,"Mid",382,618,21.8,2,"Lucas","Tie",427,618,618,382,618,618
502,"10","Jake Bloss","*06dqi*","33168","TOR",24,"SP",2024,"Mid",372,618,22,2,"Matt","Tie",618,618,618,437,372,618
503,"10","Jacob Morrison","*06y4i*","sa3038406","MIL",22,"SP",2027,"Late",400,618,26.3,2,"Drew","Tie",400,618,618,409,618,618
504,"10","Khadim Diaw","*06o02*","sa3025259","MIN",22,"C",2027,"Mid",408,618,21,2,"Drew","Tie",408,618,618,618,411,618
505,"10","Matt Wilkinson","*06dmr*","sa3023171","CLE",22,"SP",2026,"Mid",395,618,21,2,"Drew","Tie",395,618,618,425,618,618
506,"10","Dalton Pence","*06qnt*","sa3039663","TEX",23,"SP",2027,"Late",402,618,25.6,2,"Matt","Tie",618,618,419,618,402,618
507,"10","Callan Moss","*06pk8*","sa3025392","PIT",22,"1B",2027,"Late",378,618,26,2,"Kyle","Tie",618,443,378,618,618,618
508,"10","Yorman Gomez","*061v6*","sa3015931","CLE",23,"SP",2027,"Mid",411,618,25.4,2,"Kyle","Tie",618,618,411,413,618,618
509,"10","Carson Palmquist","*05ybw*","31612","COL",25,"RP",2025,"Early",388,618,20.7,2,"Drew","Tie",388,439,618,618,618,618
510,"10","Jojo Ingrassia","*06hww*","sa3023475","BOS",23,"RP",2026,"Late",402,618,20,2,"Greg","Tie",618,402,618,434,618,618
511,"10","Filippo Di Turi","*066mf*","sa3021093","MIL",20,"2B,3B,SS",2028,"Mid",413,618,24.5,2,"Kyle","Tie",618,618,413,426,618,618
512,"10","Mason Morris","*06yof*","","CIN",22,"RP",2027,"MId",396,618,19.8,2,"Kyle","Tie",445,618,396,618,618,618
513,"10","Manuel Rodriguez","*06ayq*","sa3019291","MIL",20,"SP",2027,"Late",405,618,19.6,2,"Greg","Tie",618,405,618,438,618,618
514,"10","Jake Bennett","*060i2*","sa3020737","WSH",25,"SP",2026,"Late",419,618,24.2,2,"Drew","Tie",419,618,425,618,618,618
515,"10","Josh Trentadue","*06hx1*","sa3023010","TEX",23,"SP",2027,"Mid",427,618,23,2,"Greg","Tie",436,427,618,618,618,618
516,"10","Echedry Vargas","*061v7*","sa3018565","MIA",20,"3B",2026,"Mid",423,618,18.3,2,"Tom","Tie",618,442,618,618,618,423
517,"10","Eliazar Dishmey","*06krw*","sa3019181","MIA",21,"SP",2028,"Early",434,618,17.9,2,"Matt","Tie",618,438,618,618,434,618
518,"10","Enrique Jimenez","*066mg*","sa3021091","MIN",20,"C,1B",2028,"Mid",423,618,17.9,2,"Kyle","Tie",618,618,423,618,449,618
519,"10","Drew Beam","*060ig*","sa3026785","KC",22,"SP",2026,"Late",430,618,17.6,2,"Kyle","Tie",618,618,430,447,618,618
520,"11","Nate Payne","*06qp2*","sa3067390","MIA",20,"SP",2027,"Late",221,785,55.1,1,"Drew","Tie",221,785,785,785,785,785
521,"11","Axiel Plaz","*0622o*","sa3018480","PIT",20,"C",2027,"Mid",222,785,55,1,"Drew","Tie",222,785,785,785,785,785
522,"11","Cameron Cauley","*05uvx*","sa3017167","TEX",22,"2B,SS,OF",2026,"Late",225,785,54.7,1,"Matt","Tie",785,785,785,785,225,785
523,"11","Adrian Pinto","*05j6w*","sa3015542","TOR",23,"2B",2027,"Late",235,785,42.4,1,"Tom","Tie",785,785,785,785,785,235
524,"11","Zach Maxwell","*0648f*","31610","CIN",24,"RP",2025,"Mid",238,785,53.4,1,"Drew","Tie",238,785,785,785,785,785
525,"11","Levi Wells","*067xi*","sa3023441","BAL",24,"SP",2026,"Mid",257,785,51.6,1,"Matt","Tie",785,785,785,785,257,785
526,"11","Juan Cabada","*06qsc*","sa3067679","CHC",17,"2B",2030,"Late",260,785,51.3,1,"Matt","Tie",785,785,785,785,260,785
527,"11","Jose Mejia","*06biu*","sa3021169","BAL",20,"SS",2029,"Late",264,785,39.8,1,"Tom","Tie",785,785,785,785,785,264
528,"11","Conor Essenburg","*06yk0*","","ATL",19,"SP",2029,"Late",268,785,50.5,1,"Matt","Tie",785,785,785,785,268,785
529,"11","Tyler Renz","*06qp3*","sa3067437","MIL",19,"SP",2028,"Late",278,785,49.5,1,"Matt","Tie",785,785,785,785,278,785
530,"11","Wilber Dotel","*05t5k*","sa3015163","PIT",23,"SP",2027,"Early",284,785,38.1,1,"Tom","Tie",785,785,785,785,785,284
531,"11","John Klein","*06ian*","sa3020405","MIN",23,"RP",2027,"Mid",292,785,37.4,1,"Tom","Tie",785,785,785,785,785,292
532,"11","Kyle Lodise","*06rud*","sa3059833","CHW",22,"SS",2028,"Mid",301,785,47.3,1,"Matt","Tie",785,785,785,785,301,785
533,"11","Felix Reyes","*05xp6*","sa3015688","PHI",24,"OF",2026,"Late",313,785,46.1,1,"Tom","Tie",785,785,785,785,785,313
534,"11","Logan Wagner","*06497*","sa3019932","LAD",21,"2B,3B",2027,"Mid",326,785,44.8,1,"Tom","Tie",785,785,785,785,785,326
535,"11","A.J. Causey","*06oo4*","sa3028661","KC",23,"RP",2026,"Mid",327,785,44.7,1,"Drew","Tie",327,785,785,785,785,785
536,"11","Owen Ayers","*06ool*","sa3025449","CHC",24,"C",2028,"Mid",329,785,44.5,1,"Drew","Tie",329,785,785,785,785,785
537,"11","Briggs McKenzie","*06rw3*","MISSING","ATL",19,"SP",2029,"Late",334,785,44,1,"Matt","Tie",785,785,785,785,334,785
538,"11","Brett Wichrowski","*06huh*","sa3023366","MIL",23,"SP",2026,"Mid",338,785,33.5,1,"Greg","Tie",785,338,785,785,785,785
539,"11","Jacob Bresnahan","*06ht3*","sa3023066","SF",20,"SP",2027,"Late",339,785,33.3,1,"Matt","Tie",785,785,785,785,339,785
540,"11","Bryce Mayer","*06qra*","sa3025558","HOU",23,"SP",2026,"Mid",339,785,33.3,1,"Tom","Tie",785,785,785,785,785,339
541,"11","Fenwick Trimble","*06o0l*","sa3025202","MIA",23,"OF",2026,"Late",343,785,43.2,1,"Matt","Tie",785,785,785,785,343,785
542,"11","Welinton Herrera","*06m7f*","sa3016061","COL",21,"RP",2026,"Early",344,785,43.1,1,"Drew","Tie",344,785,785,785,785,785
543,"11","Avery Owusu-Asiedu","*06gij*","sa3022604","PHI",22,"OF",2027,"Late",344,785,43.1,1,"Tom","Tie",785,785,785,785,785,344
544,"11","Sheng-En Lin","*06c2c*","sa3022820","CIN",20,"UT,P",2029,"Late",345,785,43,1,"Matt","Tie",785,785,785,785,345,785
545,"11","Carlson Reed","*06hvy*","sa3022793","PIT",23,"SP",2026,"Late",347,785,42.8,1,"Greg","Tie",785,347,785,785,785,785
546,"11","Warren Calcano","*06r9a*","sa3067541","KC",18,"SS",2029,"Late",351,785,42.4,1,"Lucas","Tie",785,785,785,351,785,785
547,"11","Pedro Ibarguen","*06bpz*","sa3021254","MIL",19,"OF",2029,"Late",352,785,31.9,1,"Tom","Tie",785,785,785,785,785,352
548,"11","Kyler Fedko","*05yhm*","sa3017561","MIN",26,"1B,OF",2026,"Mid",354,785,42.1,1,"Tom","Tie",785,785,785,785,785,354
549,"11","Zane Taylor","*06yw0*","sa3043592","ATH",23,"SP",2027,"Late",354,785,31.7,1,"Lucas","Tie",785,785,785,354,785,785
550,"11","Cobb Hightower","*06o8p*","sa3066025","BAL",20,"SS",2028,"Early",359,785,41.6,1,"Kyle","Tie",785,785,359,785,785,785
551,"11","Johnny Slawinski","*06y9s*","","LAA",18,"SP",2028,"Late",362,785,30.9,1,"Lucas","Tie",785,785,785,362,785,785
552,"11","Malachi Witherspoon","*06yjc*","","DET",21,"SP",2028,"Early",369,785,30.4,1,"Greg","Tie",785,369,785,785,785,785
553,"11","Clark Elliott","*0603n*","sa3019972","ATH",25,"OF",2026,"Late",369,785,30.4,1,"Lucas","Tie",785,785,785,369,785,785
554,"11","Keyner Benitez","*06bs9*","sa3021795","MIA",19,"SP",2029,"Mid",370,785,40.5,1,"Greg","Tie",785,370,785,785,785,785
555,"11","Elvin Garcia","*06jgz*","sa3024147","BAL",18,"3B,SS",2028,"Mid",370,785,40.5,1,"Tom","Tie",785,785,785,785,785,370
556,"11","Hunter Cranton","*06o00*","sa3025298","ARI",25,"RP",2026,"Late",373,785,40.2,1,"Drew","Tie",373,785,785,785,785,785
557,"11","Aidan West","*06z9d*","","LAD",18,"SS",2030,"Mid",373,785,40.2,1,"Matt","Tie",785,785,785,785,373,785
558,"11","Blaine Bullard","*070c6*","","TOR",19,"OF",2029,"Late",375,785,40,1,"Matt","Tie",785,785,785,785,375,785
559,"11","Nick Dumesnil","*06mvf*","sa3030644","DET",21,"OF",2029,"Mid",376,785,29.5,1,"Greg","Tie",785,376,785,785,785,785
560,"11","Matthew Etzel","*06fut*","sa3022815","MIA",23,"OF",2026,"Early",377,785,29.4,1,"Greg","Tie",785,377,785,785,785,785
561,"11","Ryan Gallagher","*062j9*","sa3031857","MIN",22,"SP",2027,"Mid",378,785,29.2,1,"Lucas","Tie",785,785,785,378,785,785
562,"11","Max Acosta","*0568a*","27963","MIA",23,"3B",2025,"Late",378,785,39.8,1,"Greg","Tie",785,378,785,785,785,785
563,"11","Richard Matic","*06jd5*","sa3023749","NYY",18,"3B",2029,"Late",378,785,39.8,1,"Drew","Tie",378,785,785,785,785,785
564,"11","Talon Haley","*070c4*","","LAA",19,"SP",2029,"Mid",383,785,28.7,1,"Greg","Tie",785,383,785,785,785,785
565,"11","Frank Cairone","*06z9a*","","MIL",18,"SP",2031,"Early",384,785,39.2,1,"Matt","Tie",785,785,785,785,384,785
566,"11","Pico Kohn","*06yq9*","","NYY",23,"SP",2027,"Late",385,785,28.5,1,"Lucas","Tie",785,785,785,385,785,785
567,"11","Boston Bateman","*06kkb*","sa3067145","BAL",20,"SP",2028,"Late",387,785,38.9,1,"Kyle","Tie",785,785,387,785,785,785
568,"11","Cam Devanney","*051bu*","25688","(N/A)",28,"3B",2025,"Late",388,785,28.2,1,"Lucas","Tie",785,785,785,388,785,785
569,"11","River Hamilton","*070bx*","","DET",19,"SP",2029,"Mid",388,785,28.2,1,"Greg","Tie",785,388,785,785,785,785
570,"11","Dillon Head","*066nq*","sa3022753","MIA",21,"OF",2026,"Late",389,785,28,1,"Greg","Tie",785,389,785,785,785,785
571,"11","Carlos Gutierrez","*06bkz*","sa3022336","SF",21,"OF",2027,"Late",390,785,27.9,1,"Tom","Tie",785,785,785,785,785,390
572,"11","Tanner Franklin","*06yjx*","sa3031652","STL",21,"SP",2027,"Late",391,785,38.5,1,"Matt","Tie",785,785,785,785,391,785
573,"11","Enmanuel Tejeda","*0638j*","sa3018497","NYY",20,"2B",2026,"Mid",395,785,27.4,1,"Greg","Tie",785,395,785,785,785,785
574,"11","Freili Encarnacion","*05ycp*","sa3018414","BOS",20,"1B,3B",2027,"Mid",395,785,27.4,1,"Tom","Tie",785,785,785,785,785,395
575,"11","Brycen Mautz","*062q0*","sa3020710","STL",24,"SP",2026,"Late",397,785,37.9,1,"Kyle","Tie",785,785,397,785,785,785
576,"11","Brailyn Antunez","*06r5o*","sa3067486","MIL",18,"OF",2029,"Late",398,785,37.8,1,"Greg","Tie",785,398,785,785,785,785
577,"11","Anthony Huezo","*06eys*","sa3022691","HOU",20,"OF",2028,"Late",398,785,37.8,1,"Tom","Tie",785,785,785,785,785,398
578,"11","Brandan Bidois","*06ex9*","sa3015277","PIT",24,"RP",2026,"Mid",398,785,37.8,1,"Lucas","Tie",785,785,785,398,785,785
579,"11","Ryan Wideman","*06v5z*","sa3060916","SD",22,"OF",2028,"Mid",399,785,26.9,1,"Matt","Tie",785,785,785,785,399,785
580,"11","David Sandlin","*062pn*","sa3020606","BOS",24,"RP",2026,"Mid",402,785,26.6,1,"Kyle","Tie",785,785,402,785,785,785
581,"11","Dylan DeLucia","*06494*","sa3024964","CLE",25,"SP",2026,"Late",403,785,26.5,1,"Tom","Tie",785,785,785,785,785,403
582,"11","Peyton Pallette","*05u38*","sa3020742","CHW",24,"RP",2026,"Early",405,785,26.3,1,"Lucas","Tie",785,785,785,405,785,785
583,"11","Billy Amick","*06cgg*","sa3025249","MIN",23,"1B,3B",2027,"Early",406,785,37,1,"Lucas","Tie",785,785,785,406,785,785
584,"11","Franyerber Montilla","*064og*","sa3018580","DET",20,"2B,SS",2027,"Late",407,785,26.1,1,"Kyle","Tie",785,785,407,785,785,785
585,"11","Elis Cuevas","*062zh*","sa3019509","BAL",21,"1B,OF",2027,"Late",407,785,26.1,1,"Greg","Tie",785,407,785,785,785,785
586,"11","Andres Valor","*06aq4*","sa3021278","MIA",20,"OF",2028,"Mid",407,785,36.9,1,"Drew","Tie",407,785,785,785,785,785
587,"11","Nolan Schubart","*05re4*","sa3041794","CLE",21,"1B",2028,"Late",408,785,36.8,1,"Matt","Tie",785,785,785,785,408,785
588,"11","Andre Granillo","*06alu*","29542","STL",25,"RP",2025,"Mid",410,785,25.7,1,"Lucas","Tie",785,785,785,410,785,785
589,"11","Bryant Betancourt","*0626r*","sa3015846","COL",22,"C",2027,"Mid",410,785,36.6,1,"Drew","Tie",410,785,785,785,785,785
590,"11","Tommy Hawke","*06f1a*","sa3023055","CLE",23,"OF",2027,"Early",411,785,25.6,1,"Drew","Tie",411,785,785,785,785,785
591,"11","Joswa Lugo","*06ica*","sa3023894","LAA",18,"SS",2028,"Late",412,785,36.4,1,"Greg","Tie",785,412,785,785,785,785
592,"11","Sam Shaw","*06gid*","sa3022889","TOR",20,"2B",2027,"Late",414,785,25.2,1,"Lucas","Tie",785,785,785,414,785,785
593,"11","Roberto Salas","*06zaj*","sa3068462","COL",18,"SP",2031,"Mid",414,785,36.2,1,"Drew","Tie",414,785,785,785,785,785
594,"11","Randy Guzman","*06zei*","sa3021106","NYM",20,"1B",2028,"Late",414,785,36.2,1,"Kyle","Tie",785,785,414,785,785,785
595,"11","Allan Winans","*04pzz*","21238","NYY",30,"SP",2023,"Mid",415,785,36.1,1,"Drew","Tie",415,785,785,785,785,785
596,"11","Shane Drohan","*04eud*","sa3014447","BOS",26,"SP",2026,"Mid",415,785,36.1,1,"Lucas","Tie",785,785,785,415,785,785
597,"11","Nolan Sailors","*06yy3*","sa3041417","KC",22,"OF",2027,"Late",416,785,36,1,"Drew","Tie",416,785,785,785,785,785
598,"11","Andrew Walters","*061a8*","33834","CLE",24,"RP",2024,"Late",417,785,24.8,1,"Drew","Tie",417,785,785,785,785,785
599,"11","Sebastian Dos Santos","*06yd4*","sa3067732","STL",17,"SS",2029,"Late",418,785,35.8,1,"Kyle","Tie",785,785,418,785,785,785
600,"11","Marco Raya","*05mrp*","sa3014550","MIN",23,"SP",2026,"Early",418,785,24.7,1,"Drew","Tie",418,785,785,785,785,785
601,"11","Seong-Jun Kim","*06tu9*","sa3069132","TEX",18,"SS",2030,"Mid",420,785,35.6,1,"Matt","Tie",785,785,785,785,420,785
602,"11","Victor Lizarraga","*05n5o*","sa3015220","SD",22,"SP",2026,"Late",420,785,35.6,1,"Drew","Tie",420,785,785,785,785,785
603,"11","Bradgley Rodriguez","*05y5d*","29107","SD",22,"RP",2025,"Mid",421,785,24.4,1,"Drew","Tie",421,785,785,785,785,785
604,"11","Chris Cortez","*066kw*","sa3029417","LAA",23,"SP",2026,"Mid",422,785,35.5,1,"Drew","Tie",422,785,785,785,785,785
605,"11","Matt Barr","*06v1w*","","MIN",19,"SP",2028,"Mid",422,785,24.2,1,"Lucas","Tie",785,785,785,422,785,785
606,"11","Sawyer Gipson-Long","*0514z*","26048","DET",27,"SP",2023,"Late",423,785,24.1,1,"Drew","Tie",423,785,785,785,785,785
607,"11","Robert Arias","*06ibn*","sa3024304","CLE",19,"OF",2028,"Late",423,785,24.1,1,"Lucas","Tie",785,785,785,423,785,785
608,"11","Blaine Crim","*051eo*","25714","COL",28,"1B",2025,"Early",424,785,24,1,"Drew","Tie",424,785,785,785,785,785
609,"11","Engelth Urena","*066re*","sa3018484","NYY",21,"1B",2027,"Late",425,785,23.9,1,"Drew","Tie",425,785,785,785,785,785
610,"11","Xavier Rivas","*06pg1*","sa3040812","NYY",23,"SP",2028,"Late",426,785,35.1,1,"Tom","Tie",785,785,785,785,785,426
611,"11","Maxton Martin","*06gjp*","sa3023014","TEX",20,"OF",2027,"Late",427,785,23.6,1,"Tom","Tie",785,785,785,785,785,427
612,"11","Jorge Burgos","*05uy6*","sa3008929","CLE",23,"1B",2026,"Late",428,785,23.5,1,"Tom","Tie",785,785,785,785,785,428
613,"11","Blake Burkhalter","*0630k*","sa3020382","ATL",25,"SP",2026,"Early",429,785,34.8,1,"Greg","Tie",785,429,785,785,785,785
614,"11","Mason Marriott","*06pq7*","sa3025505","ARI",23,"SP",2027,"Mid",429,785,23.4,1,"Drew","Tie",429,785,785,785,785,785
615,"11","James Ellwanger","*06iet*","MISSING","MIN",21,"SP",2028,"Mid",429,785,34.8,1,"Kyle","Tie",785,785,429,785,785,785
616,"11","Rayven Antonio","*06rnz*","sa3021808","ATL",19,"SP",2028,"Late",430,785,34.7,1,"Matt","Tie",785,785,785,785,430,785
617,"11","Ryan Cermak","*0622m*","sa3020204","TB",24,"OF",2027,"Mid",430,785,34.7,1,"Drew","Tie",430,785,785,785,785,785
618,"11","Angel De Los Santos","*06ytb*","sa3067737","DET",17,"SS",2029,"Late",431,785,34.6,1,"Kyle","Tie",785,785,431,785,785,785
619,"11","Silvano Hechavarria","*06mdh*","sa3024856","TOR",22,"SP",2027,"Mid",431,785,34.6,1,"Greg","Tie",785,431,785,785,785,785
620,"11","Max Williams","*06rom*","sa3045333","MIA",21,"OF",2028,"Late",432,785,34.5,1,"Kyle","Tie",785,785,432,785,785,785
621,"11","Jason Savacool","*05ygw*","sa3022856","STL",23,"SP",2027,"Late",432,785,34.5,1,"Drew","Tie",432,785,785,785,785,785
622,"11","Griffin Herring","*06owe*","sa3033707","COL",22,"SP",2027,"Early",433,785,22.8,1,"Drew","Tie",433,785,785,785,785,785
623,"11","Carlos Renzullo","*06pp3*","sa3024879","COL",19,"2B",2028,"Late",433,785,22.8,1,"Lucas","Tie",785,785,785,433,785,785
624,"11","Leandro Arias","*05yiq*","sa3018433","BAL",20,"3B,SS",2027,"Late",434,785,22.7,1,"Greg","Tie",785,434,785,785,785,785
625,"11","Daniel Espino","*04ya2*","sa3011495","CLE",24,"SP",2026,"Mid",434,785,34.3,1,"Drew","Tie",434,785,785,785,785,785
626,"11","Jorge Quintana","*06ibm*","sa3024107","SD",18,"SS",2029,"Late",435,785,34.2,1,"Greg","Tie",785,435,785,785,785,785
627,"11","Brandon Butterworth","*06qnj*","sa3025264","BAL",23,"2B,SS",2028,"Early",436,785,22.5,1,"Tom","Tie",785,785,785,785,785,436
628,"11","Kenya Huggins","*0647q*","sa3020609","ATH",22,"SP",2027,"Late",436,785,34.1,1,"Matt","Tie",785,785,785,785,436,785
629,"11","Kaleb Wing","*06yqa*","","CHC",18,"SP",2029,"Late",437,785,34,1,"Kyle","Tie",785,785,437,785,785,785
630,"11","Ethan Anderson","*06dqr*","sa3025410","BAL",22,"C,1B",2027,"Mid",437,785,34,1,"Drew","Tie",437,785,785,785,785,785
631,"11","Paul Bonzagni","*06h1z*","sa3022587","TEX",23,"SP",2027,"Late",438,785,33.9,1,"Matt","Tie",785,785,785,785,438,785
632,"11","Kristian Robinson","*04g7l*","sa3006884","ARI",24,"OF",2026,"Early",440,785,33.7,1,"Tom","Tie",785,785,785,785,785,440
633,"11","Liomar Martinez","*06s7q*","sa3019612","MIA",20,"SP",2028,"Late",440,785,22,1,"Matt","Tie",785,785,785,785,440,785
634,"11","Tavian Josenberger","*06drq*","sa3022808","BAL",24,"OF",2026,"Late",440,785,22,1,"Lucas","Tie",785,785,785,440,785,785
635,"11","Seth Johnson","*0511t*","26020","PHI",27,"RP",2024,"Mid",440,785,33.7,1,"Drew","Tie",440,785,785,785,785,785
636,"11","Adolfo Sanchez","*06hyt*","sa3023709","CIN",19,"OF",2027,"Late",441,785,21.8,1,"Greg","Tie",785,441,785,785,785,785
637,"11","Owen Hall","*06hey*","sa3066594","DET",20,"SP",2029,"Early",441,785,33.6,1,"Drew","Tie",441,785,785,785,785,785
638,"11","Eduardo Garcia","*04ye6*","sa3008751","MIL",23,"SS,OF",2028,"Early",442,785,21.7,1,"Tom","Tie",785,785,785,785,785,442
639,"11","Marlon Nieves","*06su3*","sa3021567","LAD",20,"SP",2028,"Late",443,785,33.4,1,"Matt","Tie",785,785,785,785,443,785
640,"11","Jared Karros","*05ybt*","sa3020859","LAD",25,"SP",2027,"Mid",443,785,33.4,1,"Drew","Tie",443,785,785,785,785,785
641,"11","Jaron DeBerry","*06o8r*","sa3029984","MIL",23,"SP",2026,"Late",444,785,33.3,1,"Greg","Tie",785,444,785,785,785,785
642,"11","Chase Mobley","*05uc1*","sa3067542","CLE",19,"SP",2029,"Mid",444,785,33.3,1,"Drew","Tie",444,785,785,785,785,785
643,"11","Brian Curley","*06roy*","MISSING","ARI",22,"SP",2028,"Late",445,785,33.2,1,"Kyle","Tie",785,785,445,785,785,785
644,"11","Luis De La Torre","*06ugp*","sa3022880","SF",22,"SP",2028,"Early",445,785,33.2,1,"Greg","Tie",785,445,785,785,785,785
645,"11","Fernando Perez","*06ek7*","sa3018826","TOR",21,"SP",2027,"Late",446,785,21.2,1,"Matt","Tie",785,785,785,785,446,785
646,"11","Rodney Boone","*05y0d*","sa3018107","CLE",25,"SP",2026,"Late",446,785,33.1,1,"Drew","Tie",446,785,785,785,785,785
647,"11","Chris Newell","*05jws*","sa3019971","LAD",24,"OF",2026,"Late",447,785,33,1,"Drew","Tie",447,785,785,785,785,785
648,"11","Stharlin Torres","*06o0r*","sa3024080","CIN",19,"SP",2028,"Late",448,785,21,1,"Tom","Tie",785,785,785,785,785,448
649,"11","Sean Keys","*06oo7*","sa3025317","TOR",22,"1B,3B",2027,"Early",449,785,20.9,1,"Kyle","Tie",785,785,449,785,785,785
650,"11","Colin Yeaman","*06y9t*","sa3060984","BAL",21,"SS",2028,"Mid",449,785,32.8,1,"Lucas","Tie",785,785,785,449,785,785
651,"11","Jogly Garcia","*06c5f*","sa3019633","CLE",22,"SP",2027,"Mid",450,785,20.8,1,"Tom","Tie",785,785,785,785,785,450
652,"11","Chayce McDermott","*05uws*","29866","BAL",27,"SP",2024,"Mid",450,785,20.8,1,"Drew","Tie",450,785,785,785,785,785
653,"DO","Jhonny Severino","*05yim*","sa3018415","PIT",21,"2B,3B",2027,"Late",999,999,0,99,"Tie","Tie",999,999,999,999,999,999
654,"DO","John Rave","*0513s*","26284","KC",27,"OF",2025,"Early",999,999,0,99,"Tie","Tie",999,999,999,999,999,999
655,"DO","Angel Cepeda","*066ms*","sa3021080","CHC",20,"3B,SS",2029,"Early",999,999,0,99,"Tie","Tie",999,999,999,999,999,999
656,"DO","Jose Fleury","*066qg*","sa3019255","HOU",23,"SP",2026,"Mid",999,999,0,99,"Tie","Tie",999,999,999,999,999,999
657,"DO","Omar Alfonzo","*05m6e*","sa3015665","PIT",22,"C,1B",2027,"Mid",999,999,0,99,"Tie","Tie",999,999,999,999,999,999
658,"DO","Eduardo Rivera","*05y40*","sa3017951","BOS",22,"SP",2027,"Late",999,999,0,99,"Tie","Tie",999,999,999,999,999,999
659,"DO","Jeremy Rodriguez","*066o8*","sa3021101","NYM",19,"2B,3B,SS",2027,"Early",999,999,0,99,"Tie","Tie",999,999,999,999,999,999
660,"DO","Cole Mathis","*06j3h*","sa3037300","CHC",22,"3B",2026,"Mid",999,999,0,99,"Tie","Tie",999,999,999,999,999,999
661,"DO","Roderick Arias","*05gec*","sa3019674","NYY",21,"SS",2027,"Mid",999,999,0,99,"Tie","Tie",999,999,999,999,999,999
662,"DO","Alirio Ferrebus","*06mcb*","sa3022306","PHI",20,"C,1B",2028,"Late",999,999,0,99,"Tie","Tie",999,999,999,999,999,999
663,"DO","Vance Honeycutt","*062e5*","sa3025526","BAL",22,"OF",2026,"Mid",999,999,0,99,"Tie","Tie",999,999,999,999,999,999
664,"DO","Homer Bush Jr.","*067xh*","sa3022480","TB",24,"OF",2026,"Mid",999,999,0,99,"Tie","Tie",999,999,999,999,999,999
665,"DO","Jud Fabian","*05gsp*","sa3019942","BAL",25,"OF",2026,"Early",999,999,0,99,"Tie","Tie",999,999,999,999,999,999
666,"DO","Owen Wild","*06fqq*","sa3023278","TB",23,"SP",2026,"Early",999,999,0,99,"Tie","Tie",999,999,999,999,999,999
667,"DO","Adam Mazur","*060gg*","31900","MIA",24,"SP",2024,"Mid",999,999,0,99,"Tie","Tie",999,999,999,999,999,999
668,"DO","Brandon Barriera","*05rfo*","sa3020683","TOR",21,"SP",2026,"Late",999,999,0,99,"Tie","Tie",999,999,999,999,999,999
669,"DO","Yilber Diaz","*06agh*","29271","ARI",25,"SP",2024,"Late",999,999,0,99,"Tie","Tie",999,999,999,999,999,999
670,"DO","Chia-Shi Shen","*06pvl*","sa3067456","SEA",22,"SP",2027,"Late",999,999,0,99,"Tie","Tie",999,999,999,999,999,999
671,"DO","Jared Serna","*062jx*","sa3015579","MIA",23,"2B,SS",2025,"Mid",999,999,0,99,"Tie","Tie",999,999,999,999,999,999
672,"DO","Walker Martin","*066t4*","sa3023545","SF",21,"3B,SS",2027,"Late",999,999,0,99,"Tie","Tie",999,999,999,999,999,999
673,"DO","Andrew Dutkanych","*05tp8*","sa3030700","STL",22,"SP",2027,"Late",999,999,0,99,"Tie","Tie",999,999,999,999,999,999
674,"DO","Carter Johnson","*06icz*","sa3025203","MIA",19,"2B,SS",2027,"Late",999,999,0,99,"Tie","Tie",999,999,999,999,999,999
675,"DO","Marco Vargas","*06249*","sa3018632","NYM",20,"2B,SS",2027,"Mid",999,999,0,99,"Tie","Tie",999,999,999,999,999,999
676,"DO","Bryce Warrecker","*06hnp*","sa3023364","NYY",24,"SP",2028,"Late",999,999,0,99,"Tie","Tie",999,999,999,999,999,999
677,"DO","Daniel Dickinson","*06lz2*","MISSING","MIL",22,"2B",2027,"Late",999,999,0,99,"Tie","Tie",999,999,999,999,999,999
678,"DO","Yu-Min Lin","*061wi*","sa3019278","ARI",22,"SP",2026,"Early",999,999,0,99,"Tie","Tie",999,999,999,999,999,999
679,"DO","Romeo Sanabria","*066ez*","sa3019865","SD",23,"1B",2026,"Late",999,999,0,99,"Tie","Tie",999,999,999,999,999,999
680,"DO","Yeuni Munoz","*05rgo*","sa3015795","TOR",22,"OF",2028,"Mid",999,999,0,99,"Tie","Tie",999,999,999,999,999,999
681,"DO","Gavin Cross","*05tcd*","sa3019985","KC",24,"OF",2026,"Early",999,999,0,99,"Tie","Tie",999,999,999,999,999,999
682,"DO","Luis Beltran","*06ukv*","sa3021509","BAL",21,"RP",2028,"Late",999,999,0,99,"Tie","Tie",999,999,999,999,999,999
683,"DO","Lyle Miller-Green","*06qpg*","sa3025307","CHW",25,"1B",2026,"Late",999,999,0,99,"Tie","Tie",999,999,999,999,999,999
684,"DO","Will Simpson","*051e0*","sa3022530","TB",24,"1B",2026,"Early",999,999,0,99,"Tie","Tie",999,999,999,999,999,999
685,"DO","Pablo Guerrero","*068z1*","sa3021249","TEX",19,"1B",2027,"Late",999,999,0,99,"Tie","Tie",999,999,999,999,999,999
686,"DO","Josh Kross","*06pgn*","sa3025158","STL",22,"C,1B",2027,"Early",999,999,0,99,"Tie","Tie",999,999,999,999,999,999
687,"DO","Yunior Amparo","*06v4w*","sa3068395","NYM",19,"1B",2031,"Early",999,999,0,99,"Tie","Tie",999,999,999,999,999,999
688,"DO","Carter Trice","*05wy0*","sa3022661","CHC",23,"1B",2027,"Mid",999,999,0,99,"Tie","Tie",999,999,999,999,999,999
689,"DO","Tommy Hopfe","*06ooa*","sa3025593","COL",23,"2B,OF",2028,"Early",999,999,0,99,"Tie","Tie",999,999,999,999,999,999
690,"DO","Devin Saltiban","*06ekm*","sa3022827","PHI",20,"2B,OF",2026,"Late",999,999,0,99,"Tie","Tie",999,999,999,999,999,999
691,"DO","Will Wilson","*04yia*","25434","CLE",27,"2B",2025,"Early",999,999,0,99,"Tie","Tie",999,999,999,999,999,999
692,"DO","Dylan O'Rae","*064nx*","sa3020220","MIL",21,"2B,OF",2026,"Mid",999,999,0,99,"Tie","Tie",999,999,999,999,999,999
693,"DO","Frederick Bencosme","*05ykx*","sa3016779","BAL",22,"2B,SS",2026,"Late",999,999,0,99,"Tie","Tie",999,999,999,999,999,999
694,"DO","Euribiel Angeles","*051jv*","sa3008877","ATH",23,"2B,3B,SS",2026,"Mid",999,999,0,99,"Tie","Tie",999,999,999,999,999,999
695,"DO","Cayden Wallace","*05jq9*","sa3019996","WSH",24,"3B",2025,"Late",999,999,0,99,"Tie","Tie",999,999,999,999,999,999
696,"DO","Tim Piasentin","*06z7i*","","TOR",18,"3B",2028,"Late",999,999,0,99,"Tie","Tie",999,999,999,999,999,999
697,"DO","Dylan Jasso","*06ek0*","sa3022830","NYY",23,"3B",2026,"Late",999,999,0,99,"Tie","Tie",999,999,999,999,999,999
698,"DO","Jose Devers","*05uhx*","sa3015292","CLE",22,"SS",2027,"Mid",999,999,0,99,"Tie","Tie",999,999,999,999,999,999
699,"DO","Austin Charles","*0647z*","sa3020497","KC",22,"3B,SS",2027,"Early",999,999,0,99,"Tie","Tie",999,999,999,999,999,999
700,"DO","Javier Rivas","*05ity*","sa3015589","PIT",23,"3B,SS",2026,"Late",999,999,0,99,"Tie","Tie",999,999,999,999,999,999
701,"DO","Jack Brannigan","*0630j*","sa3019922","PIT",24,"SS",2026,"Late",999,999,0,99,"Tie","Tie",999,999,999,999,999,999
702,"DO","Rayne Doncon","*05r6f*","sa3016720","MIN",22,"3B",2026,"Late",999,999,0,99,"Tie","Tie",999,999,999,999,999,999
703,"DO","Braylen Wimmer","*06fqe*","sa3022671","COL",24,"2B,3B,OF",2026,"Late",999,999,0,99,"Tie","Tie",999,999,999,999,999,999
704,"DO","Jancel Villarroel","*066or*","sa3020102","HOU",20,"C",2027,"Late",999,999,0,99,"Tie","Tie",999,999,999,999,999,999
705,"DO","Javier Sanchez","*06ph4*","sa3023975","TEX",18,"1B",2029,"Late",999,999,0,99,"Tie","Tie",999,999,999,999,999,999
706,"DO","Malcolm Moore","*05y7u*","sa3025250","TEX",22,"C",2028,"Mid",999,999,0,99,"Tie","Tie",999,999,999,999,999,999
707,"DO","Enderso Lira","*05rdn*","sa3016145","BOS",22,"C",2026,"Mid",999,999,0,99,"Tie","Tie",999,999,999,999,999,999
708,"DO","Yasmil Bucce","*060p1*","sa3015739","BAL",21,"C,1B",2028,"Late",999,999,0,99,"Tie","Tie",999,999,999,999,999,999
709,"DO","Anthony Seigler","*04pkq*","23802","MIL",26,"3B",2025,"Late",999,999,0,99,"Tie","Tie",999,999,999,999,999,999
710,"DO","Isaiah Drake","*06dna*","sa3022507","ATL",20,"OF",2028,"Mid",999,999,0,99,"Tie","Tie",999,999,999,999,999,999
711,"DO","Rodney Green","*06ag6*","sa3025384","ATH",22,"OF",2027,"Late",999,999,0,99,"Tie","Tie",999,999,999,999,999,999
712,"DO","Tirso Ornelas","*04aov*","22566","SD",25,"OF",2025,"Early",999,999,0,99,"Tie","Tie",999,999,999,999,999,999
713,"DO","Ethan Workinger","*05ri9*","sa3015166","ATL",24,"OF",2027,"Late",999,999,0,99,"Tie","Tie",999,999,999,999,999,999
714,"DO","Cameron Maldonado","*06cmg*","sa3036900","SF",22,"OF",2027,"Mid",999,999,0,99,"Tie","Tie",999,999,999,999,999,999
715,"DO","Juan Ortuno","*06mpm*","sa3024330","MIL",18,"2B",2029,"Mid",999,999,0,99,"Tie","Tie",999,999,999,999,999,999
716,"DO","Nelly Taylor","*06gjt*","sa3023426","BOS",22,"OF",2027,"Early",999,999,0,99,"Tie","Tie",999,999,999,999,999,999
717,"DO","Shalin Polanco","*05kel*","sa3015699","PIT",21,"OF",2028,"Early",999,999,0,99,"Tie","Tie",999,999,999,999,999,999
718,"DO","Jakob Christian","*06qi6*","sa3025603","SF",23,"1B,OF",2027,"Mid",999,999,0,99,"Tie","Tie",999,999,999,999,999,999
719,"DO","Seth Stephenson","*064n2*","sa3020495","DET",24,"OF",2027,"Mid",999,999,0,99,"Tie","Tie",999,999,999,999,999,999
720,"DO","George Valera","*04fqi*","22541","CLE",25,"UT",2025,"Late",999,999,0,99,"Tie","Tie",999,999,999,999,999,999
721,"DO","Franco Aleman","*05y5l*","sa3018178","CLE",25,"RP",2026,"Early",999,999,0,99,"Tie","Tie",999,999,999,999,999,999
722,"DO","Daviel Hurtado","*06c2a*","sa3023674","NYM",20,"SP",2029,"Late",999,999,0,99,"Tie","Tie",999,999,999,999,999,999
723,"DO","Luis Pimentel","*06v2o*","sa3024231","CIN",22,"RP",2028,"Late",999,999,0,99,"Tie","Tie",999,999,999,999,999,999
724,"DO","Ryan Lambert","*06qic*","sa3025613","NYM",23,"RP",2026,"Mid",999,999,0,99,"Tie","Tie",999,999,999,999,999,999
725,"DO","Edgardo Henriquez","*05w7z*","26944","LAD",23,"RP",2024,"Late",999,999,0,99,"Tie","Tie",999,999,999,999,999,999
726,"DO","JB Middleton","*06tf9*","MISSING","COL",22,"SP",2027,"Late",999,999,0,99,"Tie","Tie",999,999,999,999,999,999
727,"DO","Jonathan Pintaro","*06qcs*","33980","NYM",28,"SP",2026,"Late",999,999,0,99,"Tie","Tie",999,999,999,999,999,999
728,"DO","Cedric De Grandpre","*066bw*","sa3020315","ATL",23,"SP",2027,"Early",999,999,0,99,"Tie","Tie",999,999,999,999,999,999
729,"DO","Gabriel Hughes","*05ubl*","sa3020661","COL",24,"SP",2026,"Late",999,999,0,99,"Tie","Tie",999,999,999,999,999,999
730,"DO","Raimon Gomez","*066t5*","sa3017645","BAL",24,"RP",2026,"Late",999,999,0,99,"Tie","Tie",999,999,999,999,999,999
731,"DO","Payton Martin","*066dq*","sa3020869","LAD",21,"SP",2026,"Late",999,999,0,99,"Tie","Tie",999,999,999,999,999,999
732,"DO","Jacob Miller","*05yc3*","sa3020111","MIA",22,"SP",2026,"Late",999,999,0,99,"Tie","Tie",999,999,999,999,999,999
733,"DO","Landen Maroudis","*06dq2*","sa3023351","TOR",20,"SP",2027,"Late",999,999,0,99,"Tie","Tie",999,999,999,999,999,999
734,"DO","Walter Ford","*05ua3*","sa3022190","SEA",20,"SP",2027,"Late",999,999,0,99,"Tie","Tie",999,999,999,999,999,999
735,"DO","McCade Brown","*05rg5*","30004","COL",25,"SP",2026,"Late",999,999,0,99,"Tie","Tie",999,999,999,999,999,999
736,"DO","Adam Macko","*0515q*","sa3011555","TOR",24,"SP",2026,"Early",999,999,0,99,"Tie","Tie",999,999,999,999,999,999
737,"DO","Sabier Marte","*06ie7*","sa3019431","NYY",21,"SP",2028,"Mid",999,999,0,99,"Tie","Tie",999,999,999,999,999,999
738,"DO","Kai-Wei Teng","*04zay*","24282","SF",27,"SP",2024,"Mid",999,999,0,99,"Tie","Tie",999,999,999,999,999,999
739,"DO","Ryan McDonagh","*06tvl*","sa3067438","KC",19,"SP",2029,"Mid",999,999,0,99,"Tie","Tie",999,999,999,999,999,999
740,"DO","Luke Holman","*05yh6*","sa3034003","CIN",22,"SP",2026,"Late",999,999,0,99,"Tie","Tie",999,999,999,999,999,999
741,"DO","Osiris Calvo","*06yce*","sa3021004","NYM",21,"SP",2030,"Late",999,999,0,99,"Tie","Tie",999,999,999,999,999,999
742,"DO","Jhancarlos Lara","*06cev*","sa3019367","ATL",22,"RP",2026,"Mid",999,999,0,99,"Tie","Tie",999,999,999,999,999,999
743,"DO","Tzu-Chen Sha","*06c29*","sa3021551","ATH",22,"SP",2027,"Late",999,999,0,99,"Tie","Tie",999,999,999,999,999,999
744,"DO","Austin Peterson","*061bn*","sa3020868","CLE",26,"SP",2026,"Late",999,999,0,99,"Tie","Tie",999,999,999,999,999,999
745,"DO","Jose Feliz","*06k85*","sa3024069","WSH",20,"SP",2029,"Mid",999,999,0,99,"Tie","Tie",999,999,999,999,999,999
746,"DO","Hayden Durke","*06huo*","sa3022733","ARI",23,"RP",2026,"Early",999,999,0,99,"Tie","Tie",999,999,999,999,999,999
747,"DO","Sean Youngerman","*06yq8*","","PHI",21,"RP",2026,"Mid",999,999,0,99,"Tie","Tie",999,999,999,999,999,999
748,"DO","Will Sanders","*05jsf*","sa3023508","CHC",23,"SP",2028,"Mid",999,999,0,99,"Tie","Tie",999,999,999,999,999,999
749,"DO","Henry Baez","*05iyp*","sa3016584","ATH",23,"SP",2026,"Mid",999,999,0,99,"Tie","Tie",999,999,999,999,999,999
750,"DO","Joe Whitman","*06c1l*","sa3023131","SF",24,"SP",2026,"Mid",999,999,0,99,"Tie","Tie",999,999,999,999,999,999
751,"DO","Eddy Felix","*06mmp*","sa3019646","DET",22,"SP",2027,"Late",999,999,0,99,"Tie","Tie",999,999,999,999,999,999
752,"DO","Duncan Davitt","*066f4*","sa3020394","CHW",26,"SP",2026,"Early",999,999,0,99,"Tie","Tie",999,999,999,999,999,999
753,"DO","Anthony Solometo","*05t7a*","sa3018259","PIT",23,"SP",2026,"Early",999,999,0,99,"Tie","Tie",999,999,999,999,999,999
754,"DO","Brandyn Garcia","*06guh*","33568","ARI",25,"RP",2026,"Early",999,999,0,99,"Tie","Tie",999,999,999,999,999,999
755,"DO","Gunnar Hoglund","*04pmd*","31318","ATH",25,"SP",2025,"Early",999,999,0,99,"Tie","Tie",999,999,999,999,999,999
756,"DO","Peyton Graham","*05ub1*","sa3019990","DET",24,"2B",2027,"Mid",999,999,0,99,"Tie","Tie",999,999,999,999,999,999
757,"DO","Diego Velasquez","*05r5f*","sa3016144","SF",22,"2B",2026,"Late",999,999,0,99,"Tie","Tie",999,999,999,999,999,999
758,"DO","Juan Tomas","*06rfp*","sa3067758","CHC",18,"SS",2029,"Mid",999,999,0,99,"Tie","Tie",999,999,999,999,999,999
759,"DO","Alberth Palma","*06ubv*","sa3022924","TB",19,"SS",2028,"Late",999,999,0,99,"Tie","Tie",999,999,999,999,999,999
760,"DO","Conrad Cason","*06nzs*","sa3067316","BOS",19,"SP",2029,"Early",999,999,0,99,"Tie","Tie",999,999,999,999,999,999
761,"DO","Travis Honeyman","*062yt*","sa3023679","STL",24,"OF",2027,"Mid",999,999,0,99,"Tie","Tie",999,999,999,999,999,999
762,"DO","Ryan Nicholson","*06op0*","sa3025167","LAA",25,"1B",2025,"Late",999,999,0,99,"Tie","Tie",999,999,999,999,999,999
