"Player","Team","Positions","IP","K","SV","BS","HD","ERA","WHIP","ER","H","BB","HR","G","W","L"
"Tyler Rogers","TOR","RP","72.4","50","2","1","21","3.67","1.22","29","72","16","7","73","4","3"
"Jeremiah Estrada","SD","RP","70.6","96","2","1","20","3.39","1.16","27","54","28","9","70","4","3"
"Alex Vesia","LAD","RP","63.6","80","1","1","20","3.54","1.15","25","48","25","9","64","4","3"
"Bryan Abreu","HOU","RP","68.9","91","4","1","19","3.18","1.18","24","52","29","7","68","4","3"
"Garrett Whitlock","BOS","RP","69.2","77","3","1","19","3.36","1.15","26","60","20","7","64","4","3"
"Bryan King","HOU","RP","66.2","65","0","1","19","3.62","1.20","27","60","20","8","67","4","3"
"Hunter Gaddis","CLE","RP","68.0","65","3","1","19","3.84","1.21","29","61","21","9","65","3","3"
"A.J. Minter","NYM","RP","55.9","63","2","0","18","3.41","1.17","21","46","19","6","53","4","3"
"Jared Koenig","MIL","RP","66.1","66","1","1","18","3.57","1.23","26","59","23","7","65","4","3"
"Brad Keller","PHI","RP","67.5","62","2","1","18","4.02","1.33","30","63","27","8","63","4","4"
"Jose A. Ferrer","SEA","RP","69.3","65","3","1","17","3.22","1.17","25","61","20","5","67","4","3"
"Matt Brash","SEA","RP","62.1","74","3","1","17","3.19","1.21","22","51","24","5","63","3","3"
"Dylan Lee","ATL","RP","65.9","74","1","1","17","3.60","1.16","26","58","19","9","65","3","3"
"Fernando Cruz","NYY","RP","60.9","82","1","1","17","3.70","1.23","25","47","28","7","60","4","3"
"Caleb Thielbar","CHC","RP","64.6","66","1","1","17","3.72","1.20","27","56","21","8","67","4","3"
"Graham Ashcraft","CIN","RP","65.8","59","2","1","17","3.92","1.31","29","64","22","6","59","4","3"
"Tony Santillan","CIN","RP","69.9","73","4","2","17","4.20","1.33","33","62","31","9","71","3","3"
"Adrian Morejon","SD","RP","69.0","69","3","1","16","3.35","1.18","26","60","22","6","69","5","4"
"Tanner Scott","LAD","RP","64.7","73","4","1","16","3.52","1.22","25","54","25","7","63","4","3"
"Andrew Kittredge","BAL","RP","67.2","67","5","1","16","3.69","1.19","28","62","18","9","66","4","3"
"Phil Maton","CHC","RP","65.4","72","5","1","16","3.67","1.21","27","54","25","7","65","4","3"
"Luke Weaver","NYM","RP","68.5","73","5","1","16","3.93","1.20","30","60","22","10","62","4","3"
"Shawn Armstrong","CLE","RP","69.4","69","3","1","16","3.78","1.20","29","62","22","8","68","3","3"
"Lucas Erceg","KC","RP","63.6","60","3","1","16","3.71","1.28","26","58","24","6","61","4","4"
"Keegan Akin","BAL","SP,RP","67.1","68","2","1","16","4.03","1.27","30","61","25","9","65","4","3"
"Greg Weissert","BOS","RP","65.4","58","1","1","16","4.14","1.31","30","63","23","8","65","4","3"
"John Schreiber","KC","RP","64.1","59","1","1","16","4.06","1.30","29","60","23","8","67","3","3"
"Edwin Uceta","TB","RP","72.0","86","13","1","15","3.78","1.20","30","60","27","10","68","4","4"
"Garrett Cleavinger","TB","RP","65.2","80","7","1","15","3.45","1.18","25","52","25","8","67","4","3"
"Will Vest","DET","RP","68.1","69","7","1","15","3.38","1.20","26","60","21","6","66","4","3"
"Matt Strahm","KC","RP","66.1","72","1","1","15","3.51","1.13","26","55","19","8","64","4","3"
"JoJo Romero","STL","RP","64.2","60","12","2","15","3.60","1.29","26","58","25","6","64","4","3"
"Tyler Holton","DET","SP,RP","72.1","60","1","1","15","3.62","1.16","29","65","18","9","67","4","3"
"Gabe Speier","SEA","RP","58.6","69","0","1","15","3.31","1.11","22","48","17","7","62","3","3"
"Orion Kerkering","PHI","RP","63.8","69","1","1","15","3.45","1.21","24","55","22","6","63","4","3"
"Camilo Doval","NYY","RP","64.8","74","4","1","15","3.64","1.29","26","53","31","6","64","4","3"
"Blake Treinen","LAD","RP","58.9","66","1","1","15","3.82","1.26","25","52","22","7","61","4","3"
"Brooks Raley","NYM","RP","60.0","59","1","0","15","3.69","1.21","25","52","21","6","63","3","3"
"Gregory Soto","PIT","RP","62.0","66","3","1","15","3.83","1.30","26","56","25","5","64","3","3"
"Ryan Thompson","ARI","RP","62.9","52","3","1","15","3.88","1.30","27","63","19","6","61","4","3"
"Erik Sabrowski","CLE","RP","60.3","73","1","0","15","3.91","1.36","26","48","34","7","59","3","3"
"Anthony Bender","MIA","RP","61.7","58","1","1","15","3.91","1.30","27","57","24","6","63","3","3"
"Robert Suarez","ATL","RP","67.5","70","9","2","14","3.57","1.17","27","59","20","8","66","4","3"
"Louis Varland","TOR","RP","67.8","67","2","0","14","3.66","1.21","28","63","19","8","63","4","3"
"Kyle Finnegan","DET","RP","64.1","60","4","1","14","3.82","1.27","27","59","23","7","63","4","3"
"Bryan Baker","TB","RP","65.2","73","2","1","14","3.94","1.22","29","56","24","9","64","3","3"
"Kody Funderburk","MIN","RP","63.6","60","4","1","14","3.89","1.35","27","60","26","6","61","3","3"
"Erik Miller","SF","RP","59.6","64","1","1","14","3.65","1.36","24","50","31","5","60","3","3"
"Isaac Mattson","PIT","RP","64.4","62","2","1","14","4.18","1.35","30","58","29","8","60","3","3"
"Tim Hill","NYY","RP","66.9","38","0","1","14","4.05","1.35","30","71","19","7","65","4","3"
"Ryan Zeferjahn","LAA","RP","64.5","72","1","1","14","4.40","1.38","32","56","33","9","64","3","4"
"Tyler Phillips","MIA","RP","70.1","51","2","0","14","4.38","1.38","34","73","24","8","60","3","3"
"Jose Alvarado","PHI","RP","60.1","68","3","0","13","3.52","1.24","24","51","24","6","58","4","3"
"Eduard Bazardo","SEA","RP","67.9","70","1","0","13","3.67","1.19","28","58","23","8","66","3","3"
"Cole Sands","MIN","SP,RP","68.6","67","3","1","13","3.97","1.23","30","64","21","8","66","4","4"
"Yimi Garcia","TOR","RP","58.2","64","5","2","13","3.78","1.19","24","49","21","7","59","3","3"
"Steven Okert","HOU","RP","64.3","73","0","1","13","3.88","1.19","28","54","23","9","66","3","3"
"Mark Leiter Jr.","ATH","RP","64.6","69","6","1","13","4.18","1.33","30","61","25","8","65","4","4"
"Kevin Ginkel","ARI","RP","62.5","64","5","1","13","3.90","1.30","27","57","24","6","60","3","3"
"Tyler Kinley","ATL","RP","63.7","69","0","1","13","4.11","1.29","29","55","27","8","65","3","3"
"Hoby Milner","CHC","RP","62.3","53","0","1","13","3.87","1.27","27","61","18","7","62","3","3"
"Brendon Little","TOR","RP","54.5","60","0","1","13","3.58","1.36","22","45","29","4","56","3","3"
"Jimmy Herget","COL","RP","81.6","74","3","1","13","4.45","1.33","40","82","27","12","70","3","4"
"Hogan Harris","ATH","RP","67.2","65","9","1","13","4.37","1.40","33","62","32","8","58","3","3"
"Jose Butto","SF","SP,RP","63.9","58","2","1","13","4.03","1.33","29","59","26","7","57","3","3"
"Pierce Johnson","CIN","RP","61.4","67","1","1","13","4.19","1.32","29","57","24","9","61","3","3"
"Brock Burke","CIN","RP","63.4","57","1","1","13","4.15","1.31","29","62","21","8","63","3","3"
"Nick Mears","KC","RP","60.8","58","0","1","13","4.20","1.31","28","56","23","7","61","3","3"
"Juan Mejia","COL","RP","65.6","68","2","1","13","4.54","1.42","33","62","30","8","65","3","4"
"Kade Strowd","BAL","RP","57.3","54","0","1","13","4.24","1.40","27","54","26","7","57","3","3"
"Joel Peguero","SF","RP","61.3","51","3","0","13","4.40","1.43","30","61","26","7","59","3","3"
"Griffin Jax","TB","RP","68.6","86","15","2","12","3.09","1.10","24","56","19","7","68","4","3"
"Grant Taylor","CWS","RP","77.0","91","5","0","12","3.36","1.20","29","63","29","6","70","4","4"
"Hunter Harvey","CHC","RP","51.1","55","4","0","12","3.41","1.14","19","44","15","5","50","3","2"
"Matt Svanson","STL","RP","66.1","62","4","0","12","3.70","1.29","27","60","25","6","61","3","3"
"Justin Sterner","ATH","RP","66.8","68","7","1","12","4.25","1.27","32","60","24","10","63","3","3"
"Drew Pomeranz","LAA","SP,RP","57.5","62","3","1","12","3.89","1.24","25","51","20","7","60","3","3"
"Angel Zerpa","MIL","RP","60.8","56","0","1","12","3.59","1.26","24","57","20","6","60","3","3"
"Justin Slaten","BOS","RP","60.4","56","0","1","12","3.97","1.26","27","56","20","7","57","4","3"
"Justin Topa","MIN","RP","63.9","53","8","1","12","4.05","1.33","29","65","20","6","63","3","3"
"Aaron Ashby","MIL","RP","66.6","69","0","0","12","3.70","1.36","27","59","32","5","57","3","3"
"Calvin Faucher","MIA","RP","65.9","65","5","1","12","4.05","1.36","30","62","28","7","65","3","4"
"Matt Festa","CLE","RP","59.6","59","0","0","12","4.02","1.26","27","53","22","7","59","3","3"
"Mason Montgomery","PIT","RP","61.6","66","1","1","12","4.10","1.34","28","57","26","7","59","3","3"
"PJ Poulin","WSH","RP","59.0","58","2","1","12","4.05","1.35","27","55","25","7","59","3","3"
"Luis Garcia","NYM","RP","57.2","51","0","1","12","4.02","1.35","26","55","22","6","57","3","3"
"Justin Lawrence","PIT","RP","57.1","56","1","1","12","4.12","1.38","26","52","27","5","53","3","3"
"Anthony Banda","LAD","RP","57.6","55","0","0","12","4.32","1.36","28","53","25","8","57","3","2"
"Abner Uribe","MIL","RP","71.8","85","18","1","11","3.07","1.20","24","55","31","5","72","4","3"
"Riley O'Brien","STL","RP","63.7","65","16","1","11","3.66","1.31","26","55","28","5","62","3","3"
"Clayton Beeter","WSH","RP","63.4","74","13","1","11","3.84","1.34","27","51","34","6","58","3","3"
"Chris Martin","TEX","RP","53.7","52","4","1","11","3.42","1.15","20","50","11","6","53","3","3"
"Jordan Leasure","CWS","RP","65.6","73","9","2","11","4.19","1.30","31","56","29","10","66","3","4"
"Jason Adam","SD","RP","50.3","54","0","1","11","3.46","1.17","19","41","18","5","50","3","2"
"Jakob Junis","TEX","RP","65.2","56","2","0","11","3.98","1.22","29","63","17","8","58","3","3"
"Tanner Banks","PHI","RP","63.1","59","0","1","11","3.96","1.24","28","60","18","8","61","3","3"
"Jordan Romano","LAA","RP","56.9","61","4","1","11","4.38","1.30","28","52","22","9","58","3","3"
"Tim Herrin","CLE","RP","52.9","54","0","1","11","3.84","1.34","23","46","25","5","54","3","3"
"Brenan Hanifee","DET","RP","59.1","44","0","0","11","3.94","1.30","26","60","17","6","55","3","3"
"Caleb Ferguson","CIN","RP","57.4","54","0","1","11","4.07","1.33","26","54","22","6","59","3","3"
"Huascar Brazoban","NYM","SP,RP","57.1","54","0","1","11","4.05","1.34","26","51","25","6","53","3","3"
"Cole Winn","TEX","RP","63.4","54","4","0","11","4.30","1.37","30","58","29","8","57","3","3"
"Ryne Stanek","STL","RP","58.9","59","2","1","11","4.30","1.37","28","53","27","8","61","3","3"
"Mike Vasil","CWS","SP,RP","74.1","59","1","1","11","4.40","1.39","36","72","31","9","61","3","4"
"Michael Kelly","ATH","RP","60.3","51","3","1","11","4.57","1.41","31","59","26","8","58","3","3"
"Seth Halvorsen","COL","RP","60.5","55","6","1","11","4.65","1.47","31","61","28","8","58","3","4"
"Robert Stephenson","LAA","RP","57.8","65","11","1","10","4.00","1.20","26","50","19","9","55","3","3"
"Kirby Yates","LAA","RP","56.5","67","9","1","10","3.99","1.28","25","46","26","8","55","3","3"
"Andrew Saalfrank","ARI","RP","61.4","53","13","1","10","4.02","1.41","27","58","29","6","58","3","3"
"Aaron Bummer","ATL","RP","60.6","62","0","0","10","3.68","1.30","25","57","22","5","58","3","3"
"Julian Fernandez","WSH","RP","56.9","56","2","0","10","4.02","1.28","25","52","21","7","55","3","3"
"Tommy Nance","TOR","RP","56.7","54","0","0","10","3.89","1.26","25","54","18","6","55","3","3"
"David Morgan","SD","RP","62.7","64","0","0","10","4.07","1.31","28","56","26","8","59","3","3"
"Wandy Peralta","SD","RP","61.0","52","0","0","10","3.81","1.34","26","57","25","6","61","3","3"
"Jake Bird","NYY","RP","54.2","56","0","1","10","3.96","1.31","24","48","23","6","52","3","2"
"Brandon Eisert","CWS","SP,RP","61.9","60","1","1","10","4.21","1.33","29","60","22","8","62","3","4"
"Spencer Bivens","SF","RP","70.4","53","2","0","10","4.16","1.34","33","72","23","8","62","3","4"
"Ryan Fernandez","STL","RP","56.8","58","0","0","10","4.13","1.34","26","51","25","6","55","3","3"
"Enyel De Los Santos","HOU","RP","61.3","59","0","1","10","4.34","1.31","30","57","23","9","61","3","3"
"Jacob Webb","CHC","RP","54.2","51","0","0","10","4.21","1.29","25","48","21","7","52","3","3"
"Dietrich Enns","BAL","SP,RP","59.6","55","0","0","10","4.19","1.33","28","59","20","8","51","3","3"
"Taylor Clarke","ARI","RP","61.1","50","1","0","10","4.38","1.30","30","62","17","9","56","3","3"
"Carlos Vargas","SEA","RP","56.6","43","0","1","10","4.06","1.33","26","56","20","6","56","3","3"
"Cole Henry","WSH","RP","64.1","60","11","1","10","4.75","1.44","34","59","34","9","67","2","3"
"Cade Gibson","MIA","RP","61.5","48","0","1","10","4.16","1.39","28","61","24","6","56","3","3"
"Brusdar Graterol","LAD","RP","50.6","42","0","0","9","3.42","1.20","19","46","14","4","52","3","2"
"Mason Englert","TB","RP","61.0","57","0","0","9","4.13","1.26","28","59","18","8","54","3","3"
"Colin Selby","BAL","RP","56.7","59","0","0","9","3.96","1.32","25","51","24","7","53","3","3"
"Tyler Alexander","TEX","SP,RP","74.8","62","0","0","9","4.57","1.29","38","76","20","12","53","4","4"
"Jonathan Loaisiga","ARI","RP","52.2","43","2","1","9","3.90","1.31","23","52","16","6","50","3","2"
"Grant Anderson","MIL","RP","58.0","58","0","1","9","4.17","1.31","27","54","23","8","55","3","3"
"Eric Orze","MIN","RP","58.7","59","1","0","9","4.19","1.36","27","54","26","7","56","3","3"
"Paul Blackburn","NYY","SP,RP","67.3","55","0","0","9","4.40","1.32","33","68","21","9","46","3","4"
"Daniel Lynch","KC","RP","59.9","45","0","0","9","4.28","1.34","28","60","20","8","54","3","3"
"Alexis Diaz","TEX","RP","57.5","57","2","0","9","4.65","1.37","30","49","30","8","55","3","3"
"Jordan Hicks","BOS","SP,RP","59.5","54","0","0","9","4.25","1.42","28","58","26","6","55","3","3"
"Rico Garcia","BAL","RP","50.5","52","0","0","9","4.37","1.36","25","47","22","8","48","2","2"
"Konnor Pilkington","WSH","RP","52.9","51","1","0","9","4.41","1.44","26","48","28","7","52","2","3"
"Trevor Megill","MIL","RP","65.0","80","17","2","8","3.45","1.18","25","53","23","7","62","4","3"
"Robert Garcia","TEX","RP","64.1","69","19","2","8","3.64","1.23","26","56","23","7","65","4","3"
"Brant Hurter","DET","SP,RP","57.1","52","0","0","8","3.75","1.25","24","54","18","6","48","3","3"
"Yennier Cano","BAL","RP","51.7","48","1","1","8","3.78","1.30","22","49","18","5","53","3","3"
"Elvis Alvarado","ATH","RP","59.8","63","4","0","8","4.25","1.38","28","53","30","8","58","3","3"
"Jonathan Bowlan","PHI","RP","56.1","53","0","0","8","4.11","1.29","26","53","19","8","50","3","3"
"Brady Basso","ATH","RP","53.3","47","1","0","8","4.13","1.30","24","52","17","7","47","3","2"
"Joel Payamps","ATL","RP","51.3","48","0","0","8","4.20","1.29","24","50","16","7","52","3","2"
"Yuki Matsui","SD","RP","54.8","55","0","0","8","4.22","1.34","26","49","25","7","53","3","2"
"Cole Sulser","TB","RP","51.4","46","0","0","8","4.10","1.31","23","49","18","7","48","3","3"
"Lake Bachar","MIA","RP","56.5","56","0","0","8","4.31","1.35","27","53","24","8","53","3","3"
"Ben Casparius","LAD","SP,RP","53.9","51","0","0","8","4.45","1.33","27","51","21","8","47","3","3"
"Zack Kelly","BOS","SP,RP","54.4","53","0","0","8","4.33","1.39","26","50","25","7","51","3","3"
"Gordon Graceffo","STL","RP","59.7","48","0","0","8","4.37","1.36","29","62","20","7","51","3","3"
"Matt Gage","SF","RP","53.3","46","0","0","8","4.04","1.35","24","53","19","5","52","2","2"
"Nate Pearson","HOU","RP","51.9","52","0","0","8","4.36","1.35","25","48","22","7","50","2","3"
"Kyle Nicolas","PIT","RP","54.1","54","0","0","8","4.26","1.41","26","50","26","6","51","2","3"
"Travis Adams","MIN","SP,RP","60.6","48","0","0","8","4.60","1.38","31","63","21","8","47","3","3"
"Brennan Bernardino","COL","SP,RP","56.6","51","1","0","8","4.49","1.45","28","57","25","6","58","3","3"
"RJ Petit","COL","RP","53.3","47","0","0","8","4.70","1.43","28","56","21","7","52","3","4"
"Jackson Rutledge","WSH","SP,RP","57.1","49","0","0","8","4.71","1.40","30","57","23","8","51","2","3"
"Seranthony Dominguez","CWS","RP","63.0","71","14","1","7","3.92","1.30","27","53","29","8","64","3","4"
"Taylor Rogers","MIN","RP","59.7","62","11","0","7","4.13","1.34","27","55","25","8","60","3","3"
"Victor Vodnik","COL","RP","64.5","61","18","1","7","4.28","1.46","31","63","31","7","62","3","4"
"Andrew Nardi","MIA","RP","49.5","60","0","1","7","3.74","1.23","21","42","19","6","51","3","2"
"Porter Hodge","CHC","RP","49.4","55","1","1","7","4.09","1.37","22","42","26","6","47","3","3"
"Drey Jameson","ARI","RP","50.8","46","1","0","7","4.21","1.37","24","49","20","6","48","3","3"
"Chase Silseth","LAA","RP","57.4","56","0","0","7","4.30","1.39","27","52","27","7","50","3","3"
"Tyler Ferguson","ATH","RP","52.7","52","1","1","7","4.37","1.38","26","47","26","6","51","3","3"
"Steven Wilson","TB","RP","52.3","51","0","1","7","4.71","1.36","27","48","23","9","52","2","3"
"Wikelman Gonzalez","CWS","SP,RP","54.8","53","0","0","7","4.74","1.49","29","49","33","7","49","2","3"
"Sam Hentges","SF","RP","49.8","49","0","0","6","3.60","1.27","20","46","17","4","52","2","2"
"DL Hall","MIL","SP,RP","53.1","51","0","0","6","4.08","1.36","24","48","24","6","45","3","2"
"Ian Hamilton","ATL","RP","49.4","51","0","0","6","3.95","1.35","22","45","22","5","47","2","2"
"Matt Pushard","STL","RP","51.3","45","0","0","6","4.30","1.35","25","50","19","7","50","3","3"
"Connor Phillips","CIN","RP","54.0","57","1","0","6","4.57","1.40","27","48","28","8","50","3","3"
"Evan Sisk","PIT","RP","47.2","45","0","0","6","3.91","1.37","21","44","21","4","47","2","2"
"Jose Fermin","LAA","RP","50.0","53","0","0","6","4.49","1.38","25","44","25","7","51","3","3"
"John Klein","MIN","SP,RP","49.9","43","0","0","6","4.62","1.36","26","50","18","7","45","3","3"
"Tyler Gilbert","CWS","SP,RP","51.3","46","0","0","6","4.43","1.35","25","50","19","7","49","2","3"
"Roddery Munoz","HOU","RP","49.1","49","0","0","6","4.60","1.40","25","45","23","7","43","2","3"
"Juan Morillo","ARI","RP","48.7","45","0","0","6","4.26","1.48","23","47","25","5","50","2","2"
"Carter Baumler","TEX","SP,RP","49.6","43","0","0","6","4.59","1.41","25","48","22","6","47","2","3"
"Zach Pop","PHI","RP","46.6","36","0","0","6","4.52","1.39","23","48","17","6","46","2","3"
"Ryan Walker","SF","RP","64.2","68","27","1","5","3.41","1.19","24","56","20","6","63","4","3"
"Daniel Palencia","CHC","RP","66.7","76","28","2","5","3.70","1.25","27","55","28","7","64","4","3"
"Dennis Santana","PIT","RP","69.2","64","24","1","5","3.95","1.26","30","63","24","7","68","4","3"
"Bennett Sousa","HOU","RP","49.6","55","0","0","5","3.61","1.19","20","42","17","6","48","3","2"
"Braydon Fisher","TOR","RP","51.6","59","0","0","5","3.84","1.29","22","43","23","6","51","3","2"
"Ryan Yarbrough","NYY","SP,RP","65.8","53","0","0","5","4.32","1.26","32","64","19","10","46","3","3"
"Adbert Alzolay","NYM","RP","50.6","48","0","2","5","4.18","1.26","24","47","17","7","51","3","3"
"Jovani Moran","BOS","RP","47.1","51","0","0","5","3.90","1.33","20","42","20","5","46","3","2"
"Ben Joyce","LAA","RP","35.9","41","4","2","5","3.68","1.27","15","29","16","4","35","2","2"
"David Robertson","","RP","40.4","46","1","1","5","3.80","1.28","17","35","17","5","40","2","2"
"Casey Legumina","SEA","RP","49.3","48","0","0","5","4.18","1.32","23","45","19","6","48","3","3"
"Shelby Miller","","RP","26.5","28","4","2","5","3.56","1.17","11","22","10","3","24","2","2"
"Austin Warren","NYM","RP","45.5","42","0","0","5","4.26","1.31","22","43","17","6","41","3","3"
"Tommy Kahnle","","RP","59.1","53","1","1","5","4.34","1.40","29","55","28","7","61","3","3"
"Alex Lange","KC","RP","47.1","49","0","0","5","4.11","1.41","22","41","25","4","49","3","3"
"Justin Bruihl","STL","RP","45.6","41","0","0","5","4.01","1.34","20","44","17","5","45","2","2"
"Connor Brogdon","CLE","RP","51.8","52","0","0","5","4.51","1.35","26","49","21","8","49","2","3"
"Jaden Hill","COL","RP","50.8","50","0","0","5","4.46","1.37","25","50","19","6","50","2","3"
"Brandyn Garcia","ARI","RP","44.4","40","0","0","5","4.18","1.43","21","43","20","4","42","2","2"
"Michael Kopech","","RP","42.4","46","0","1","5","4.49","1.41","21","35","25","6","42","2","2"
"Bailey Horn","DET","RP","46.9","43","0","0","5","4.35","1.42","23","44","22","6","45","2","3"
"Beau Brieske","DET","RP","46.1","40","0","0","5","4.54","1.38","23","44","20","6","45","2","3"
"Devin Williams","NYM","RP","65.6","87","31","1","4","3.24","1.15","24","48","28","6","66","4","3"
"Raisel Iglesias","ATL","RP","66.9","71","27","1","4","3.62","1.13","27","58","18","8","65","4","3"
"Jeff Hoffman","TOR","RP","64.2","76","26","2","4","3.67","1.17","26","52","23","9","64","4","4"
"Ryan Helsley","BAL","RP","64.7","74","27","2","4","3.55","1.22","25","55","24","7","63","4","3"
"Emilio Pagan","CIN","RP","66.9","73","26","2","4","3.96","1.18","29","56","23","10","66","3","3"
"Kenley Jansen","DET","RP","59.8","60","24","1","4","3.92","1.19","26","50","21","8","59","4","3"
"Justin Wilson","","RP","48.2","51","0","0","4","3.73","1.27","20","43","18","5","49","3","2"
"Joe Jimenez","ATL","RP","43.5","50","0","0","4","3.79","1.20","18","37","15","5","43","2","2"
"Josh White","MIA","RP","47.6","51","0","0","4","3.92","1.30","21","42","20","6","45","3","2"
"Scott Barlow","","RP","59.7","64","0","1","4","4.17","1.37","28","51","31","7","61","3","3"
"Jack Dreyer","LAD","SP,RP","45.0","45","0","1","4","3.82","1.23","19","39","16","5","44","2","2"
"Jalen Beeks","","RP","53.3","47","0","1","4","4.02","1.33","24","50","21","6","52","3","3"
"Brent Headrick","NYY","RP","45.3","47","0","0","4","3.98","1.23","20","41","15","6","41","2","2"
"Rob Zastryzny","MIL","RP","46.2","42","0","0","4","4.17","1.31","21","44","17","6","46","3","2"
"Yohan Ramirez","PIT","RP","47.6","49","0","0","4","4.17","1.34","22","44","20","5","45","2","2"
"Josh Sborz","TEX","RP","45.1","47","0","0","4","4.19","1.32","21","41","19","5","44","2","2"
"JT Brubaker","SF","RP","49.3","41","0","0","4","4.35","1.35","24","49","18","6","44","2","2"
"Will Klein","LAD","RP","44.9","50","0","0","4","4.33","1.45","22","39","26","5","44","2","2"
"Zach McCambley","PHI","SP,RP","43.1","42","0","0","4","4.43","1.39","21","41","19","6","43","2","2"
"Brock Stewart","LAD","RP","29.0","33","0","1","4","3.98","1.27","13","25","12","4","29","1","1"
"Daysbel Hernandez","ATL","RP","33.5","36","0","1","4","4.33","1.44","16","29","19","4","33","2","2"
"Zach Maxwell","CIN","RP","45.6","48","0","0","4","4.54","1.46","23","42","25","6","44","2","2"
"Eduarniel Nunez","ATH","RP","45.8","46","0","0","4","4.42","1.48","23","41","27","6","44","2","2"
"Zach Agnos","COL","RP","48.2","38","1","1","4","5.00","1.46","27","50","20","8","47","2","3"
"Alexander Alberto","CWS","RP","47.8","39","0","0","4","4.93","1.55","26","48","26","6","47","2","3"
"Edwin Diaz","LAD","RP","67.3","93","37","2","3","3.05","1.06","23","48","23","7","66","5","3"
"Cade Smith","CLE","RP","71.2","92","31","2","3","2.97","1.07","23","55","21","6","70","5","3"
"Jhoan Duran","PHI","RP","68.6","80","32","2","3","2.88","1.12","22","56","21","5","68","5","3"
"Andres Munoz","SEA","RP","63.9","81","32","2","3","2.89","1.12","21","46","25","5","63","4","3"
"David Bednar","NYY","RP","65.0","79","32","2","3","3.31","1.12","24","52","22","7","65","4","3"
"Pete Fairbanks","MIA","RP","62.7","64","26","2","3","3.54","1.21","25","54","22","6","61","4","3"
"Kyle Leahy","STL","RP","117.9","97","0","1","3","4.32","1.36","57","118","42","14","43","5","6"
"Eric Lauer","TOR","SP,RP","58.4","55","0","0","3","4.25","1.26","28","55","19","9","40","3","3"
"Danny Coulombe","","RP","45.7","46","0","0","3","3.77","1.25","19","40","17","5","47","2","2"
"Sawyer Gipson-Long","DET","SP,RP","50.6","46","0","0","3","4.11","1.23","23","48","14","7","32","2","3"
"Kevin Kelly","TB","RP","44.2","39","0","1","3","3.88","1.21","19","43","11","5","44","2","2"
"Brent Suter","","SP,RP","61.5","48","0","1","3","4.29","1.32","29","62","19","8","59","2","3"
"Luke Jackson","","RP","50.4","46","1","1","3","4.29","1.40","24","47","24","6","50","3","3"
"Bradgley Rodriguez","SD","RP","42.6","39","0","0","3","4.11","1.38","19","39","20","5","41","3","2"
"Yariel Rodriguez","TOR","RP","39.2","39","0","0","3","4.06","1.32","18","34","18","5","38","2","2"
"Steven Cruz","KC","RP","44.3","41","0","0","3","4.15","1.34","20","40","19","5","43","2","2"
"Jack Perkins","ATH","RP","28.8","31","0","0","3","3.87","1.26","12","25","12","4","23","2","1"
"Hunter Bigge","TB","RP","42.7","43","0","0","3","4.24","1.35","20","39","18","6","40","2","2"
"Peyton Pallette","CLE","RP","44.6","44","0","0","3","4.46","1.37","22","41","19","6","42","2","2"
"Rafael Montero","","RP","55.5","53","0","1","3","4.45","1.42","27","51","28","7","56","2","3"
"Cody Laweryson","LAA","RP","46.3","40","0","0","3","4.50","1.35","23","46","16","7","43","2","2"
"Edgardo Henriquez","LAD","RP","32.0","35","0","1","3","4.25","1.36","15","28","15","4","33","2","2"
"Nick Sandlin","LAA","RP","31.2","32","0","0","3","4.33","1.34","15","27","15","5","33","2","2"
"Andrew Hoffmann","ARI","RP","40.1","36","0","1","3","4.31","1.39","19","40","16","5","38","2","2"
"Troy Taylor","SEA","RP","37.9","35","0","0","3","4.33","1.39","18","35","17","5","39","2","2"
"Gus Varland","WSH","RP","37.0","35","0","0","3","4.40","1.39","18","36","15","4","37","2","2"
"Manuel Rodriguez","TB","RP","17.5","16","0","0","3","3.77","1.26","7","16","6","2","17","1","1"
"Kyle Backhus","PHI","RP","21.8","21","0","0","3","4.32","1.37","10","21","9","3","24","1","1"
"Luis Mey","CIN","RP","37.5","35","0","1","3","4.63","1.55","19","35","23","4","38","2","2"
"John Curtiss","ARI","RP","21.1","17","0","1","3","4.90","1.40","12","22","8","4","18","1","2"
"Mason Miller","SD","RP","66.8","104","33","2","2","2.60","0.98","19","40","25","6","63","4","2"
"Josh Hader","HOU","RP","65.3","91","34","1","2","3.24","1.07","24","46","24","8","62","4","3"
"Aroldis Chapman","BOS","RP","61.1","85","32","1","2","3.04","1.15","21","43","27","5","62","4","3"
"Carlos Estevez","KC","RP","66.3","59","32","2","2","4.18","1.27","31","60","24","9","65","4","4"
"Steven Matz","TB","RP","125.0","105","0","1","2","4.17","1.28","58","126","34","17","34","6","7"
"Carmen Mlodzinski","PIT","SP,RP","71.5","63","0","0","2","3.88","1.31","31","69","25","7","30","4","4"
"A.J. Puk","ARI","RP","32.3","38","3","0","2","3.49","1.17","13","27","11","4","32","2","1"
"Paul Sewald","","RP","48.9","49","1","1","2","4.42","1.24","24","44","16","8","49","3","3"
"Justin Wrobleski","LAD","RP","54.4","50","0","0","2","4.20","1.30","25","52","19","7","34","3","2"
"Ryan Brasier","","RP","48.9","43","0","0","2","3.99","1.24","22","46","15","6","48","2","2"
"Justin Martinez","ARI","RP","27.1","33","4","0","2","3.27","1.30","10","21","14","2","26","2","1"
"Dylan Ross","NYM","RP","41.1","44","0","0","2","3.83","1.34","18","35","20","5","42","2","1"
"Yaramil Hiraldo","BAL","RP","39.2","41","0","0","2","4.08","1.26","18","35","14","6","38","2","2"
"Kyle Harrison","BOS","SP,RP","48.7","49","0","0","2","4.19","1.33","23","46","19","6","34","2","2"
"Andrew Chafin","","RP","45.7","49","0","1","2","4.03","1.38","20","40","22","5","48","2","2"
"Jason Foley","SF","RP","31.1","26","0","0","2","3.60","1.24","12","30","9","3","32","2","2"
"Tristan Beck","SF","RP","39.9","34","0","0","2","4.11","1.28","18","38","13","5","34","2","2"
"Pierson Ohl","COL","SP,RP","39.7","33","0","0","2","4.28","1.24","19","41","8","6","31","2","2"
"Colin Holderman","CLE","RP","40.9","39","0","1","2","4.14","1.36","19","38","17","5","41","2","2"
"Chad Green","","RP","48.1","42","0","0","2","4.59","1.32","25","47","16","8","48","2","3"
"Sam Moll","CIN","RP","38.8","38","0","0","2","4.29","1.36","18","36","17","5","40","2","2"
"Ryan Watson","BOS","SP,RP","39.7","34","0","0","2","4.28","1.35","19","40","14","5","39","2","2"
"Paxton Schultz","WSH","RP","42.2","39","0","0","2","4.41","1.36","21","41","17","6","37","2","2"
"Yerry De los Santos","NYY","RP","32.6","27","0","0","2","4.04","1.36","15","32","13","4","30","2","1"
"John King","","RP","44.5","29","0","1","2","4.12","1.39","20","48","13","5","44","2","2"
"Max Lazar","PHI","RP","38.4","31","0","0","2","4.46","1.33","19","39","12","5","36","2","2"
"Grant Holman","ATH","RP","38.8","34","0","0","2","4.39","1.39","19","38","16","5","39","2","2"
"Lou Trivino","","RP","41.5","37","0","0","2","4.53","1.39","21","40","18","6","41","2","2"
"Kaleb Ort","LAA","RP","36.1","36","0","0","2","4.60","1.38","18","32","17","5","36","2","2"
"Jorge Lopez","","RP","33.7","28","0","1","2","4.45","1.36","17","34","12","4","34","2","2"
"Luis Curvelo","TEX","RP","31.5","29","0","1","2","4.50","1.36","16","29","13","4","30","2","2"
"Richard Lovelady","NYM","RP","21.4","20","0","0","2","3.98","1.28","9","20","8","3","21","1","1"
"Juan Burgos","ARI","RP","32.7","27","0","0","2","4.48","1.43","16","33","14","4","32","2","2"
"Sam Bachman","LAA","RP","32.5","27","0","0","2","4.44","1.45","16","32","16","4","31","2","2"
"Danny Young","ATL","RP","18.9","20","0","0","2","3.90","1.35","8","17","9","2","20","1","1"
"Sean Guenther","DET","RP","19.0","15","0","0","2","3.93","1.30","8","19","6","2","18","1","1"
"Chris Devenski","PIT","RP","27.3","23","0","1","2","4.44","1.33","13","27","9","4","26","1","1"
"Jayden Murray","HOU","RP","29.4","25","0","0","2","4.48","1.38","15","29","12","4","29","1","1"
"Genesis Cabrera","PHI","RP","25.9","24","0","0","2","4.57","1.40","13","25","11","4","25","1","1"
"Jackson Kowar","SEA","RP","28.6","27","0","0","2","4.61","1.42","15","27","14","4","28","1","2"
"Marc Church","TEX","RP","35.5","33","0","1","2","4.85","1.54","19","34","21","5","34","2","2"
"T.J. McFarland","","RP","29.4","20","0","1","2","4.46","1.42","15","32","10","3","31","1","2"
"Yilber Diaz","ARI","RP","30.3","29","1","0","2","4.81","1.53","16","29","17","4","23","1","1"
"Sam Long","","RP","21.5","20","0","1","2","4.81","1.51","12","22","11","3","22","1","2"
"Dedniel Nunez","NYM","RP","5.2","5","0","0","2","3.52","1.30","2","4","2","1","5","0","0"
"Antonio Senzatela","COL","SP,RP","61.1","37","0","0","2","5.42","1.58","37","76","21","10","37","2","4"
"Cody Ponce","TOR","SP,RP","141.5","144","0","0","1","4.11","1.25","65","131","45","19","37","8","8"
"Sean Manaea","NYM","SP,RP","128.8","132","0","0","1","4.15","1.21","59","115","41","19","34","8","7"
"Reid Detmers","LAA","RP","138.3","153","0","0","1","4.20","1.28","65","125","51","19","30","7","8"
"Joey Cantillo","CLE","SP,RP","132.9","140","0","0","1","3.91","1.31","58","117","57","16","42","7","7"
"Mike Burrows","HOU","SP,RP","130.1","129","0","0","1","4.13","1.26","60","119","45","19","31","7","7"
"Braxton Ashcraft","PIT","SP,RP","131.3","118","0","0","1","3.92","1.29","57","128","41","14","37","7","7"
"Foster Griffin","WSH","RP","136.0","127","0","0","1","4.16","1.27","63","131","43","17","32","7","8"
"Michael Soroka","ARI","SP,RP","132.7","130","0","0","1","4.22","1.28","62","121","49","17","39","7","7"
"Ian Seymour","TB","SP,RP","110.7","106","0","0","1","4.16","1.24","51","103","34","16","31","6","6"
"Brad Lord","WSH","SP,RP","137.9","106","0","0","1","4.41","1.35","68","139","48","17","36","7","8"
"Troy Melton","DET","SP,RP","108.3","96","0","0","1","4.24","1.28","51","104","35","15","35","5","6"
"Drew Anderson","DET","RP","96.3","102","0","0","1","4.20","1.30","45","85","40","13","32","5","5"
"Joe Boyle","TB","SP,RP","99.6","109","0","0","1","4.18","1.36","46","82","53","12","25","5","6"
"Janson Junk","MIA","SP,RP","94.8","68","0","0","1","4.38","1.28","46","100","22","12","36","5","5"
"Hunter Barco","PIT","SP,RP","93.8","85","0","0","1","4.15","1.35","43","88","39","11","32","4","5"
"Sean Newcomb","CWS","SP,RP","95.4","87","0","0","1","4.14","1.37","44","91","39","11","43","4","5"
"J.T. Ginn","ATH","SP,RP","89.4","83","0","0","1","4.30","1.33","43","87","32","12","27","4","5"
"Jacob Latz","TEX","SP,RP","106.4","101","0","0","1","4.37","1.39","52","96","52","14","39","4","5"
"Ben Brown","CHC","SP,RP","54.2","59","0","0","1","3.93","1.22","24","49","17","7","35","3","3"
"Payton Tolle","BOS","SP,RP","55.4","59","0","0","1","4.02","1.24","25","50","19","8","30","3","3"
"Colin Rea","CHC","SP,RP","79.6","63","0","0","1","4.46","1.30","39","80","23","12","35","4","4"
"Yoendrys Gomez","TB","SP,RP","75.4","73","0","0","1","4.47","1.34","37","70","31","11","38","4","4"
"Keider Montero","DET","SP,RP","81.3","67","0","0","1","4.56","1.35","41","81","28","12","33","4","5"
"Tobias Myers","NYM","SP,RP","56.9","48","0","0","1","4.22","1.28","27","56","17","8","36","3","3"
"Emerson Hancock","SEA","SP,RP","55.3","44","0","0","1","4.33","1.31","27","54","18","8","35","3","3"
"Mason Fluharty","TOR","RP","42.2","44","0","0","1","4.00","1.29","19","37","18","5","41","2","2"
"Jordan Wicks","CHC","SP,RP","45.3","41","0","0","1","4.03","1.29","20","44","15","5","28","2","2"
"Dauri Moreta","","RP","33.6","39","0","0","1","3.84","1.26","14","28","15","4","34","2","2"
"Trevor McDonald","SF","SP,RP","61.1","48","0","0","1","4.37","1.37","30","62","22","7","20","3","4"
"Kyle Hart","SD","SP,RP","64.2","54","0","0","1","4.57","1.36","33","63","24","9","28","3","4"
"Ryan Gusto","MIA","SP,RP","63.1","53","0","0","1","4.57","1.36","32","64","22","9","34","3","4"
"Jose Leclerc","","RP","43.9","48","0","1","1","4.19","1.33","20","38","20","6","44","2","2"
"Hayden Harris","ATL","RP","35.3","39","0","0","1","3.98","1.31","16","31","15","4","35","2","2"
"Craig Yoho","MIL","RP","35.5","38","0","0","1","3.92","1.32","15","31","16","4","35","2","2"
"Jonathan Cannon","CWS","SP,RP","105.7","78","0","0","1","4.91","1.40","58","111","37","16","31","4","7"
"Hayden Birdsong","SF","SP,RP","57.2","57","0","0","1","4.58","1.41","29","52","28","8","22","3","3"
"Joey Wentz","ATL","SP,RP","55.4","53","0","0","1","4.62","1.40","28","55","23","8","31","3","3"
"Colton Gordon","HOU","SP,RP","42.7","37","0","0","1","4.33","1.28","21","43","12","7","33","2","2"
"Justin Hagenman","NYM","RP","32.2","29","0","0","1","4.17","1.22","15","31","8","5","28","2","1"
"Taijuan Walker","PHI","SP,RP","114.7","80","0","0","1","4.98","1.43","63","122","42","19","41","5","7"
"Dylan Dodd","ATL","RP","40.1","34","0","0","1","4.23","1.29","19","41","11","5","37","2","2"
"Cooper Criswell","SEA","RP","37.6","31","0","0","1","4.11","1.30","17","37","12","4","27","2","2"
"Andrew Walters","CLE","RP","31.7","37","0","0","1","4.10","1.34","14","27","16","4","32","2","2"
"Ron Marinaccio","SD","RP","42.0","41","0","0","1","4.31","1.35","20","38","19","6","40","2","2"
"James McArthur","KC","RP","35.7","32","0","0","1","4.16","1.31","17","35","12","4","35","2","2"
"Craig Kimbrel","NYM","RP","31.0","37","0","0","1","4.18","1.34","14","25","16","4","31","2","2"
"AJ Blubaugh","HOU","SP,RP","46.7","43","0","0","1","4.44","1.35","23","43","20","7","34","2","3"
"Easton McGee","MIL","RP","32.1","28","0","0","1","4.10","1.29","15","31","10","4","29","2","1"
"Anthony Nunez","BAL","RP","25.4","28","0","0","1","3.95","1.29","11","22","11","3","25","2","1"
"Andre Granillo","STL","RP","36.5","36","0","0","1","4.27","1.34","17","33","16","5","34","2","2"
"Drew Smith","","RP","40.5","41","0","0","1","4.42","1.35","20","37","18","6","40","2","2"
"Carlos Rodriguez","MIL","RP","43.2","39","0","0","1","4.46","1.33","21","40","17","6","29","2","2"
"Zak Kent","TEX","RP","36.9","36","0","0","1","4.18","1.37","17","34","17","4","34","2","2"
"Ethan Roberts","CHC","RP","37.2","36","0","0","1","4.32","1.34","18","35","15","5","37","2","2"
"Cristian Mena","ARI","SP,RP","33.5","31","0","0","1","4.11","1.34","15","32","13","4","19","2","2"
"Evan Phillips","","RP","22.1","24","0","0","1","3.48","1.16","9","19","7","2","22","1","1"
"Kyle Hurt","LAD","RP","33.9","35","0","0","1","4.25","1.36","16","30","16","4","16","2","1"
"Dylan Smith","DET","RP","37.8","33","0","0","1","4.22","1.36","18","35","16","4","35","2","2"
"Trent Thornton","CHC","RP","31.7","27","0","0","1","4.30","1.29","15","31","10","4","30","2","1"
"Mitch Spence","ATH","SP,RP","38.8","32","0","0","1","4.42","1.33","19","40","11","5","30","2","2"
"Michael Tonkin","MIN","RP","35.3","33","0","0","1","4.49","1.32","18","34","13","5","33","2","2"
"Chris Murphy","CWS","RP","37.9","34","0","0","1","4.22","1.39","18","35","18","4","33","2","2"
"Osvaldo Bido","LAA","SP,RP","47.9","44","0","0","1","4.62","1.37","25","46","19","7","33","2","3"
"Kai-Wei Teng","SF","SP,RP","35.1","35","0","0","1","4.38","1.37","17","33","16","4","16","2","2"
"Reiver Sanmartin","SF","RP","40.3","29","0","0","1","4.14","1.38","19","42","13","4","38","2","2"
"Eli Morgan","","RP","41.2","36","0","0","1","4.57","1.34","21","40","15","6","40","2","2"
"Ty Adcock","SD","RP","34.7","32","0","0","1","4.44","1.34","17","33","13","5","33","2","2"
"Joey Lucchesi","","RP","46.1","35","0","0","1","4.33","1.39","22","46","18","5","44","2","2"
"Luinder Avila","KC","RP","36.6","32","0","0","1","4.24","1.39","17","35","16","4","34","2","2"
"Robinson Ortiz","SEA","SP,RP","34.2","32","0","0","1","4.21","1.40","16","31","17","4","34","2","2"
"Tim Mayza","PHI","RP","29.2","24","0","0","1","4.09","1.35","13","30","10","3","30","2","1"
"Grant Wolfram","BAL","RP","30.0","29","0","0","1","4.17","1.39","14","29","13","3","29","2","2"
"Jason Alexander","HOU","SP,RP","54.2","42","0","0","1","4.61","1.38","28","56","19","7","27","2","3"
"Kolby Allard","","SP,RP","46.0","35","0","0","1","4.52","1.37","23","48","15","7","40","2","2"
"Josh Simpson","MIA","RP","38.8","37","0","0","1","4.33","1.44","19","36","20","4","39","2","2"
"Hector Neris","KC","RP","28.0","29","0","0","1","4.37","1.37","14","25","13","4","28","2","2"
"Nick Raquet","STL","RP","34.2","27","0","0","1","4.30","1.37","16","35","12","4","33","2","2"
"Luis Perales","WSH","SP,RP","35.5","34","0","0","1","4.43","1.41","17","33","17","4","22","2","2"
"Tayler Saucedo","LAA","RP","34.2","30","0","0","1","4.31","1.41","16","33","15","4","35","2","2"
"Pedro Avila","CLE","RP","34.8","31","0","0","1","4.42","1.40","17","34","15","4","26","2","2"
"Chase Lee","TOR","RP","24.5","24","0","0","1","4.07","1.25","11","23","8","3","23","1","1"
"Blade Tidwell","SF","SP,RP","28.4","25","0","0","1","4.38","1.37","14","28","12","4","18","2","2"
"Brandan Bidois","PIT","RP","38.5","36","0","0","1","4.46","1.44","19","36","19","5","38","2","3"
"Keaton Winn","SF","SP,RP","27.9","25","0","0","1","4.12","1.28","13","27","8","3","23","1","1"
"Chase Shugart","PHI","RP","37.9","31","0","0","1","4.57","1.38","19","37","15","5","35","2","2"
"Bryan Hudson","CWS","RP","29.4","27","0","0","1","4.06","1.33","13","27","12","3","27","1","1"
"Keegan Thompson","COL","RP","35.7","35","0","0","1","4.62","1.42","18","35","16","5","32","2","2"
"Chris Roycroft","STL","RP","41.4","33","0","0","1","4.37","1.45","20","41","19","4","39","2","2"
"Scott Alexander","","RP","32.3","23","0","0","1","4.24","1.41","15","34","12","3","34","2","2"
"Yosver Zulueta","SEA","RP","23.7","25","0","0","1","3.86","1.35","10","20","12","2","22","1","1"
"Jonathan Pintaro","NYM","SP,RP","28.5","27","0","0","1","4.02","1.36","13","26","13","3","24","1","1"
"Luke Little","CHC","RP","21.7","24","0","0","1","3.68","1.37","9","17","13","2","22","1","1"
"Felix Bautista","BAL","RP","12.2","16","0","0","1","3.22","1.17","4","9","6","1","12","1","1"
"Michael Petersen","MIA","RP","34.6","33","0","0","1","4.39","1.36","17","33","14","5","33","1","1"
"Garrett Hawkins","SD","RP","25.4","26","0","0","1","4.19","1.33","12","23","11","4","25","1","1"
"Colin Poche","","RP","32.9","30","0","0","1","4.68","1.41","17","30","16","5","34","2","2"
"Bryan Hoeing","SD","RP","30.4","25","0","0","1","4.27","1.33","14","30","10","4","22","1","1"
"Michel Otanez","TEX","RP","26.6","32","0","0","1","4.18","1.42","12","22","16","3","26","1","1"
"Sammy Peralta","MIL","RP","25.6","22","0","0","1","4.24","1.30","12","25","9","3","22","1","1"
"Kendall Graveman","","RP","40.9","35","0","0","1","4.54","1.47","21","40","20","5","41","2","2"
"Philip Abner","ARI","RP","27.7","26","0","0","1","4.20","1.36","13","27","11","3","28","1","1"
"Joe Rock","TB","SP,RP","31.6","26","0","0","1","4.30","1.35","15","32","10","4","21","1","2"
"Jesse Scholtens","TB","SP,RP","30.9","27","0","0","1","4.47","1.33","15","31","10","5","26","1","1"
"Jose Suarez","ATL","RP","22.2","21","0","0","1","4.17","1.31","10","21","8","3","18","1","1"
"Kervin Castro","NYY","RP","25.7","24","0","0","1","4.18","1.36","12","23","11","3","25","1","1"
"Hunter Stratton","ATL","RP","23.0","21","0","0","1","4.22","1.31","11","22","8","3","22","1","1"
"Tyler Samaniego","BOS","RP","25.4","21","0","0","1","4.47","1.43","13","26","11","3","25","2","1"
"Ryan Borucki","CWS","RP","19.2","19","0","0","1","4.06","1.31","9","17","8","3","20","1","1"
"Alex Carrillo","NYM","RP","23.4","26","0","0","1","4.36","1.36","11","20","12","3","22","1","2"
"Scott McGough","","RP","31.3","28","0","0","1","4.86","1.42","17","31","13","5","30","2","2"
"Evan Reifert","TB","RP","19.7","22","0","0","1","4.12","1.37","9","17","10","2","19","1","1"
"Franco Aleman","CLE","RP","20.5","23","0","0","1","4.17","1.38","10","18","10","3","20","1","1"
"Jose Corniell","TEX","SP,RP","23.7","21","0","0","1","4.46","1.30","12","22","8","3","15","1","1"
"Tyson Neighbors","BAL","RP","21.2","22","0","0","1","4.32","1.34","10","19","9","3","21","1","1"
"Dom Hamel","NYY","SP,RP","28.9","26","0","0","1","4.54","1.35","15","28","11","4","26","1","1"
"Gregory Santos","SF","RP","21.0","19","0","0","1","3.89","1.41","9","20","10","2","20","1","1"
"Drew Sommers","DET","RP","20.1","17","0","0","1","3.99","1.36","9","20","8","2","21","1","1"
"Jhony Brito","SD","RP","21.7","17","0","0","1","4.26","1.32","10","22","7","3","19","1","1"
"Ryan Johnson","LAA","RP","20.6","20","0","1","1","4.31","1.35","10","21","7","3","19","1","1"
"Carson Seymour","SF","SP,RP","22.0","19","0","0","1","4.18","1.37","10","22","9","2","18","1","1"
"Joey Gerber","NYM","SP,RP","20.7","20","0","0","1","4.47","1.32","10","20","8","3","20","1","1"
"Daison Acosta","SD","RP","20.0","21","0","0","1","4.22","1.39","9","17","11","2","20","1","1"
"Lazaro Estrada","TOR","SP,RP","20.5","19","0","0","1","4.53","1.30","10","20","6","3","17","1","1"
"Jorge Alcala","TOR","RP","22.0","23","0","0","1","4.57","1.35","11","20","9","4","22","1","1"
"Hunter Strickland","","RP","34.4","27","0","0","1","4.90","1.43","19","34","15","5","34","2","2"
"Cole Wilcox","SEA","RP","23.6","19","0","0","1","4.27","1.37","11","23","9","3","22","1","1"
"Miguel Ullola","HOU","SP,RP","19.1","21","0","0","1","4.29","1.39","9","16","10","2","19","1","1"
"Paul Gervase","LAD","RP","23.8","25","0","0","1","4.53","1.39","12","21","12","4","23","1","1"
"Riley Martin","CHC","RP","19.8","20","0","0","1","4.08","1.43","9","18","11","2","19","1","1"
"Ryan Harbin","PIT","RP","35.7","34","0","0","1","4.63","1.55","18","35","21","4","35","2","2"
"Carlos Hernandez","CLE","RP","18.1","18","0","0","1","4.27","1.36","9","17","8","2","17","1","1"
"George Soriano","ATL","RP","26.2","25","0","0","1","4.63","1.38","13","25","11","4","20","1","1"
"Luis Guerrero","TB","RP","29.8","27","0","0","1","4.85","1.49","16","28","17","4","28","2","2"
"Mason Black","KC","SP,RP","45.6","37","0","0","1","4.95","1.46","25","46","20","7","24","2","3"
"Domingo Gonzalez","SEA","RP","16.6","16","0","0","1","4.30","1.35","8","15","7","2","17","1","1"
"Jose Espada","BAL","RP","17.1","18","0","0","1","4.39","1.37","8","15","8","2","15","1","1"
"Welinton Herrera","COL","RP","22.3","22","0","0","1","4.45","1.42","11","22","10","3","22","1","2"
"Prelander Berroa","CWS","RP","30.0","31","0","0","1","4.53","1.48","15","27","18","4","30","1","2"
"Alan Rangel","PHI","SP,RP","26.9","22","0","0","1","4.76","1.35","14","27","9","5","13","1","1"
"Thomas Harrington","PIT","SP,RP","29.6","24","0","0","1","4.74","1.37","16","31","10","4","11","1","2"
"Ty Madden","DET","RP","22.2","20","0","0","1","4.55","1.39","11","22","9","3","14","1","1"
"Albert Suarez","BAL","SP,RP","21.9","18","0","0","1","4.58","1.36","11","22","7","3","19","1","1"
"Alek Jacob","SD","RP","31.2","28","0","0","1","4.75","1.41","16","30","14","5","29","1","2"
"David Sandlin","BOS","SP,RP","19.7","17","0","0","1","4.53","1.36","10","20","7","3","20","1","1"
"Cameron Foster","BAL","RP","22.5","20","0","0","1","4.57","1.39","11","23","9","3","22","1","1"
"J.P. France","HOU","SP,RP","23.4","20","0","0","1","4.54","1.40","12","23","10","3","20","1","1"
"Marco Raya","MIN","SP,RP","19.5","17","0","0","1","4.39","1.40","10","19","8","2","19","1","1"
"Gavin Hollowell","CHC","RP","17.5","18","0","0","1","4.44","1.41","9","16","9","2","17","1","1"
"Cam Booser","TB","RP","20.2","23","0","0","1","4.58","1.45","10","19","10","3","21","1","1"
"Dane Dunning","SEA","SP,RP","13.4","12","0","0","1","4.28","1.34","6","13","4","2","9","1","1"
"Bryce Montes de Oca","WSH","RP","13.0","15","0","0","1","4.01","1.47","6","11","8","1","13","1","1"
"Miguel Castro","LAA","RP","24.3","21","0","0","1","4.61","1.41","12","23","11","3","24","1","1"
"Tanner Rainey","DET","RP","15.4","16","0","0","1","4.41","1.41","8","14","8","2","16","1","1"
"Nick Anderson","ATH","RP","20.8","19","0","0","1","4.67","1.39","11","21","8","3","20","1","1"
"Shane Murphy","CWS","RP","18.0","12","0","0","1","4.57","1.31","9","19","5","3","18","1","1"
"Alex Hoppe","SEA","RP","14.9","13","0","0","1","4.16","1.42","7","14","7","2","15","1","1"
"Ronan Kopp","LAD","SP,RP","13.6","15","0","0","1","4.18","1.46","6","11","9","2","13","1","1"
"Jack Neely","CHC","RP","19.0","20","0","0","1","4.58","1.44","10","17","10","3","19","1","1"
"Eric Cerantola","KC","RP","19.6","19","0","0","1","4.45","1.45","10","18","11","2","19","1","1"
"Ryan Loutos","SEA","RP","20.8","18","0","0","1","4.50","1.42","10","20","9","3","21","1","1"
"John Brebbia","","RP","22.4","22","0","0","1","4.87","1.39","12","23","8","4","22","1","1"
"Emiliano Teodo","TEX","RP","15.4","15","0","0","1","4.33","1.43","7","14","8","2","15","1","1"
"Jhancarlos Lara","ATL","SP,RP","14.4","16","0","0","1","4.18","1.49","7","12","9","1","14","1","1"
"Orlando Ribalta","WSH","RP","37.5","35","0","0","1","4.74","1.48","20","36","19","5","37","1","2"
"James Karinchak","ATL","RP","11.9","14","0","0","1","4.51","1.40","6","10","6","2","12","1","1"
"Dan Altavilla","MIN","RP","34.1","28","0","0","1","4.67","1.46","18","33","17","4","34","1","2"
"Nolan Hoffman","PHI","SP,RP","16.4","15","0","0","1","4.42","1.44","8","16","8","2","16","1","1"
"Josh Ekness","MIA","RP","17.2","15","0","0","1","4.46","1.43","9","17","8","2","17","1","1"
"Scott Effross","DET","RP","17.6","12","0","0","1","4.41","1.39","9","19","6","2","18","1","1"
"Doug Nikhazy","CLE","SP,RP","29.5","26","0","0","1","4.70","1.46","15","29","14","4","20","1","2"
"Jose Franco","CIN","SP,RP","16.0","15","0","0","1","4.73","1.38","8","15","7","2","16","1","1"
"Rolddy Munoz","ATL","RP","19.8","18","0","0","1","4.50","1.46","10","19","10","2","19","1","1"
"Taylor Rashi","","RP","12.3","12","0","0","1","4.23","1.45","6","12","6","1","11","1","0"
"Blake Walston","ARI","RP","17.1","14","0","0","1","4.52","1.41","9","17","7","2","14","1","1"
"William Kempner","MIA","RP","24.1","23","0","0","1","4.67","1.47","13","23","13","3","24","1","2"
"Jayvien Sandridge","NYY","RP","14.9","17","0","0","1","4.45","1.50","7","13","9","2","16","1","1"
"Will Johnston","ATH","SP,RP","11.3","11","0","0","1","4.35","1.41","5","10","6","2","11","1","1"
"Bryse Wilson","PHI","SP,RP","29.9","21","0","0","1","4.83","1.39","16","32","9","5","14","1","2"
"Shinnosuke Ogasawara","WSH","SP,RP","14.1","10","0","0","1","4.49","1.36","7","15","4","2","11","1","1"
"Jake Eder","WSH","SP,RP","28.5","23","0","0","1","4.83","1.42","15","29","11","4","25","1","2"
"Isaiah Campbell","ARI","RP","18.9","14","0","0","1","4.53","1.42","10","20","7","2","19","1","1"
"Francis Pena","SD","RP","13.5","11","0","0","1","4.31","1.44","6","13","6","2","13","1","1"
"Lyon Richardson","CIN","RP","23.6","20","0","0","1","4.56","1.48","12","23","12","3","21","1","1"
"Hans Crouse","BAL","RP","8.0","9","0","0","1","4.47","1.38","4","7","4","1","8","1","1"
"Ryan Rolison","CHC","RP","20.1","15","0","0","1","4.62","1.43","10","21","8","3","18","1","1"
"Jeff Criswell","COL","RP","20.2","20","0","0","1","4.87","1.45","11","21","9","3","19","1","1"
"Lucas Sims","","RP","32.6","32","0","1","1","5.24","1.54","19","29","21","5","34","2","2"
"Zack Thompson","STL","RP","14.0","14","0","0","1","4.65","1.47","7","13","8","2","9","1","1"
"Seth Martinez","BOS","RP","11.0","9","0","0","1","4.59","1.39","6","11","4","2","11","1","1"
"Joe La Sorsa","PIT","RP","15.0","10","0","0","1","4.44","1.43","7","16","6","2","14","1","1"
"Scott Blewett","STL","RP","23.5","18","0","0","1","4.80","1.43","13","25","9","3","21","1","1"
"Cam Sanders","PIT","RP","26.1","26","0","0","1","4.70","1.53","14","24","16","3","25","1","1"
"Dale Stanavich","MIA","RP","13.8","13","0","0","1","4.49","1.50","7","13","8","2","14","1","1"
"Robby Ahlstrom","TEX","RP","22.2","19","0","0","1","4.71","1.48","12","22","11","3","22","1","1"
"Angel Chivilli","NYY","RP","30.1","26","0","0","1","4.91","1.46","16","33","11","5","28","1","2"
"Seth Johnson","PHI","SP,RP","22.9","21","0","0","1","4.81","1.48","12","23","11","3","20","1","1"
"Josh Staumont","CIN","RP","13.0","13","0","0","1","4.76","1.46","7","12","7","2","13","1","1"
"Nick Burdi","NYM","RP","10.7","12","0","0","1","3.82","1.34","5","9","6","1","11","0","0"
"Yunior Marte","CIN","RP","18.0","16","0","0","1","4.89","1.47","10","19","8","3","18","1","1"
"Will Childers","MIL","RP","10.5","9","0","0","1","4.61","1.49","5","11","5","2","10","1","1"
"Chayce McDermott","BAL","SP,RP","17.0","17","0","0","1","4.88","1.51","9","16","10","3","9","1","1"
"Hayden Durke","ARI","RP","10.5","11","0","0","1","4.52","1.57","5","10","7","1","10","1","1"
"Victor Mederos","LAA","SP,RP","26.7","20","0","0","1","4.92","1.45","15","27","11","4","22","1","2"
"Ben Peoples","CWS","RP","10.8","9","0","0","1","4.82","1.46","6","11","5","2","11","1","1"
"Ryan Lambert","NYM","RP","11.3","13","0","0","1","4.15","1.34","5","10","6","2","11","0","1"
"Jaden Woods","PIT","RP","18.6","15","0","0","1","4.74","1.50","10","19","9","2","19","1","1"
"Jairo Iriarte","CWS","RP","20.6","18","0","0","1","4.85","1.51","11","20","11","3","20","1","1"
"Triston McKenzie","SD","SP,RP","26.1","24","0","0","1","5.12","1.48","15","25","14","4","13","1","2"
"Tejay Antone","CIN","SP,RP","13.6","12","0","0","1","4.96","1.55","7","15","7","2","14","1","1"
"Reggie Crawford","SF","RP","7.6","8","0","0","1","4.28","1.39","4","7","4","1","8","0","0"
"Andry Lara","WSH","RP","25.3","19","0","0","1","5.05","1.52","14","27","11","4","18","1","1"
"Nigel Belgrave","MIA","RP","8.0","8","0","0","1","4.42","1.39","4","7","4","1","8","0","0"
"Randy Dobnak","","RP","12.0","9","0","0","1","4.42","1.41","6","12","5","1","9","0","1"
"Adam Macko","TOR","SP,RP","10.7","10","0","0","1","4.45","1.44","5","10","5","1","8","0","1"
"Collin Snider","CHC","RP","9.7","8","0","0","1","4.54","1.38","5","10","4","1","10","0","1"
"Blas Castano","SEA","SP,RP","11.1","8","0","0","1","4.48","1.39","6","11","4","1","10","0","0"
"Garrett Acton","COL","RP","14.7","14","0","0","1","4.86","1.42","8","14","7","2","15","0","1"
"Noah Davis","PIT","RP","7.3","7","0","0","1","4.56","1.39","4","7","3","1","7","0","0"
"Tucker Davidson","PHI","RP","7.3","6","0","0","1","4.45","1.38","4","7","3","1","7","0","0"
"Dylan Coleman","NYY","RP","12.2","12","0","0","1","5.04","1.73","7","11","10","1","13","1","1"
"Trenton Denholm","CLE","RP","7.3","5","0","0","1","4.61","1.31","4","8","2","1","7","0","0"
"Alimber Santa","HOU","RP","10.0","9","0","0","1","4.51","1.46","5","9","5","1","10","0","0"
"Corbin Martin","CHC","RP","7.9","7","0","0","1","4.60","1.46","4","8","4","1","8","0","0"
"Eduardo Salazar","","RP","18.6","15","0","1","1","5.07","1.64","11","20","11","3","17","1","1"
"Eric Reyzelman","NYY","RP","7.5","7","0","0","1","4.67","1.50","4","7","4","1","7","0","0"
"Carson Palmquist","COL","SP,RP","36.6","33","0","0","1","5.35","1.54","22","37","19","6","18","1","2"
"Stevie Emanuels","ATH","RP","7.3","7","0","0","1","4.88","1.54","4","7","4","1","7","0","0"
"Marquis Grissom","WSH","RP","12.2","9","0","0","1","5.08","1.45","7","12","5","2","12","0","1"
"Luis Peralta","COL","RP","31.1","29","0","0","1","5.29","1.61","18","32","18","5","32","1","2"
"Chase Burns","CIN","SP,RP","127.1","152","0","0","1","3.68","1.17","52","109","39","17","28","8","7"
"Quinn Priester","MIL","SP,RP","163.3","135","0","0","0","4.12","1.30","75","159","54","19","29","10","9"
"Ryne Nelson","ARI","SP,RP","160.3","131","0","0","0","4.22","1.26","75","158","45","21","29","9","8"
"Nick Martinez","","SP,RP","148.9","112","0","0","0","4.41","1.29","73","151","41","20","28","9","10"
"Aaron Civale","","SP,RP","123.7","107","0","0","0","4.55","1.30","63","121","39","19","24","7","8"
"Sean Burke","CWS","SP,RP","145.3","136","0","0","0","4.76","1.40","77","139","64","23","27","7","10"
"Anthony Kay","CWS","SP,RP","134.2","109","0","0","0","4.57","1.40","68","134","54","19","24","6","9"
"Chris Paddack","","SP,RP","113.7","86","0","0","0","4.79","1.32","60","121","29","19","21","6","7"
"Jon Gray","","RP","79.9","69","0","0","0","4.58","1.32","41","79","26","12","15","5","5"
"Charlie Morton","","SP,RP","89.8","89","0","0","0","4.67","1.43","47","87","41","13","17","5","6"
"Jose Urquidy","","RP","99.3","75","0","0","0","4.92","1.35","54","102","32","17","19","5","7"
"Michael Lorenzen","COL","SP,RP","144.2","113","0","0","0","5.08","1.44","81","154","53","24","26","6","9"
"Jose Castillo","","RP","20.0","21","0","0","0","3.60","1.30","8","18","8","2","19","2","1"
"Joe Ross","","RP","45.5","37","0","0","0","4.45","1.38","23","46","17","6","42","2","2"
"Shawn Dubin","ARI","RP","22.3","22","0","0","0","4.03","1.37","10","21","10","2","17","2","1"
"Ty Johnson","TB","SP,RP","24.1","25","0","0","0","4.28","1.28","11","22","9","4","5","1","2"
"Liam Hendriks","","RP","23.3","24","0","0","0","4.25","1.30","11","21","9","3","24","1","1"
"Josh Winckowski","TOR","RP","18.1","16","0","0","0","3.73","1.27","8","18","6","2","12","1","1"
"Derek Law","","RP","27.8","24","0","0","0","4.22","1.34","13","27","10","3","27","1","2"
"Michael Grove","","RP","17.4","19","0","0","0","4.15","1.24","8","16","6","3","12","1","1"
"Codi Heuer","CLE","RP","18.0","20","0","0","0","3.99","1.30","8","16","8","3","12","1","1"
"Spencer Turnbull","","SP,RP","62.3","47","0","0","0","4.95","1.47","34","65","27","8","13","3","4"
"Josh Walker","BAL","RP","29.1","32","0","0","0","4.80","1.46","16","27","16","5","26","2","2"
"John Rooney","TB","RP","17.5","21","0","0","0","3.85","1.37","8","14","11","2","13","1","1"
"Ryan Burr","","SP,RP","11.0","16","0","0","0","3.68","1.23","5","9","5","1","12","1","1"
"Erick Fedde","","SP,RP","34.4","25","0","0","0","4.81","1.41","18","35","14","6","7","2","2"
"Easton Lucas","","SP,RP","22.4","22","0","0","0","4.21","1.40","11","21","11","3","12","1","2"
"Daniel Robert","","RP","11.1","12","0","0","0","3.66","1.26","5","10","5","1","12","1","1"
"Dillon Tate","","RP","14.5","13","0","0","0","4.03","1.34","7","13","7","1","13","1","1"
"Mike Clevinger","","RP","30.8","24","0","0","0","5.05","1.42","17","32","12","5","11","2","2"
"Alex Faedo","","SP,RP","13.3","14","0","0","0","4.40","1.28","7","12","5","2","8","1","1"
"Robert Stock","NYM","SP,RP","19.0","21","0","0","0","4.27","1.45","9","17","11","3","13","1","1"
"Roansy Contreras","","SP,RP","35.4","26","0","0","0","4.95","1.45","20","37","15","6","22","2","3"
"Carson Fulmer","","SP,RP","20.3","19","0","0","0","4.44","1.41","10","20","9","3","10","1","1"
"Sauryn Lao","","RP","10.4","8","0","0","0","3.95","1.27","5","10","4","1","8","1","1"
"Kevin Herget","NYM","RP","9.7","8","0","0","0","4.18","1.23","5","9","3","1","6","1","0"
"Caleb Boushley","","RP","24.9","19","0","0","0","4.52","1.41","13","27","9","4","15","1","2"
"Jhonathan Diaz","SEA","RP","12.3","9","0","0","0","4.15","1.32","6","13","4","1","6","1","1"
"Brian Van Belle","TB","SP,RP","11.6","9","0","0","0","4.26","1.29","6","12","3","2","5","1","1"
"Valente Bellozo","","SP,RP","15.9","12","0","0","0","4.25","1.38","8","17","5","3","4","1","1"
"Enoli Paredes","BAL","RP","8.6","10","0","0","0","4.19","1.34","4","7","5","1","8","1","1"
"Jack Little","DET","RP","12.6","10","0","0","0","4.29","1.35","6","12","5","1","8","1","1"
"Bryan Sammons","DET","RP","19.6","18","0","0","0","4.59","1.43","10","19","10","4","4","1","1"
"Dugan Darnell","DET","RP","10.7","11","0","0","0","4.22","1.41","5","9","6","1","8","1","1"
"Kyle Keller","","RP","33.0","32","0","0","0","4.86","1.46","18","32","16","5","33","1","1"
"Robinson Pina","","SP,RP","9.5","8","0","0","0","4.25","1.31","5","10","3","2","8","1","1"
"Chris Flexen","","RP","25.9","20","0","0","0","4.69","1.43","14","28","9","4","12","1","2"
"Ben Bowden","ATH","RP","12.1","13","0","0","0","4.48","1.49","6","11","8","1","14","1","1"
"Freddy Tarnok","MIA","SP,RP","12.6","12","0","0","0","4.65","1.43","7","11","7","2","7","1","1"
"Brandon Waddell","NYM","RP","21.8","18","0","0","0","4.75","1.45","11","22","9","3","12","1","1"
"Christian Montes De Oca","ARI","RP","11.2","9","0","0","0","4.83","1.39","6","11","5","2","5","1","1"
"Thomas Hatch","ARI","SP,RP","18.2","14","0","0","0","4.85","1.43","10","19","7","3","7","1","1"
"Anthony Misiewicz","CIN","RP","9.1","8","0","0","0","5.45","1.38","6","9","4","2","10","1","1"
"Connor Thomas","MIL","RP","9.4","7","0","0","0","4.79","1.49","5","11","4","2","4","1","1"
"Elvin Rodriguez","","RP","11.6","9","0","0","0","5.04","1.46","7","13","4","2","3","1","1"
"Connor Seabold","TOR","RP","13.0","11","0","0","0","5.20","1.46","8","14","6","3","7","1","1"
"Matt Krook","ATH","RP","8.6","9","0","0","0","4.73","1.63","5","7","7","1","9","1","1"
"Nabil Crismatt","TEX","SP,RP","13.7","10","0","0","0","5.18","1.44","8","15","5","3","6","1","1"
"Anthony Veneziano","","RP","15.3","13","0","0","0","4.71","1.60","8","16","9","2","15","1","1"
"Carson Ragsdale","","SP,RP","13.4","12","0","0","0","5.04","1.57","8","13","8","3","5","1","1"
"Tyler Zuber","MIA","RP","12.1","12","0","0","0","5.21","1.57","7","12","7","2","10","1","1"
"Anthony Maldonado","HOU","RP","10.1","10","0","0","0","5.34","1.58","6","10","6","2","11","1","1"
"Austin Cox","","RP","14.8","13","0","0","0","5.17","1.56","9","16","8","3","10","1","1"
"Jake Woodford","TB","SP,RP","19.2","15","0","0","0","5.17","1.51","11","21","9","3","11","1","1"
"Connor Noland","CHC","SP,RP","5.1","4","0","0","0","4.18","1.28","2","5","2","1","5","0","0"
"Omar Cruz","","RP","11.2","11","0","0","0","5.20","1.69","7","11","9","2","6","1","1"
"Nick Hernandez","ATH","RP","8.7","10","0","0","0","4.92","1.39","5","8","4","1","7","0","0"
"Jose De Leon","BOS","SP,RP","27.7","26","1","0","0","5.20","1.61","16","28","17","5","6","1","2"
"Max Kranick","","RP","4.3","3","0","0","0","4.19","1.28","2","4","2","1","4","0","1"
"Michael Mercado","PHI","RP","8.3","7","0","0","0","5.44","1.75","5","8","7","1","6","1","1"
"Jackson Jobe","DET","SP,RP","8.2","7","0","0","0","4.51","1.46","4","8","4","1","2","0","0"
"Jared Shuster","STL","SP,RP","11.8","9","0","0","0","5.34","1.65","7","14","6","2","7","1","1"
"Owen White","","SP,RP","11.8","8","0","0","0","5.32","1.69","7","13","8","2","6","1","1"
"Sean Reynolds","","RP","18.1","17","0","0","0","5.22","1.68","11","16","15","2","13","1","1"
"Nathan Wiles","","RP","6.9","6","0","0","0","5.21","1.45","4","8","3","2","6","0","1"
"Camden Minacci","LAA","RP","3.5","3","0","0","0","5.10","1.49","2","3","2","0","3","0","0"
"Tyler Davis","CWS","RP","4.9","4","0","0","0","4.94","1.51","3","5","2","1","4","0","0"
"Nick Frasso","LAD","SP,RP","10.7","8","0","0","0","5.49","1.78","7","11","8","2","11","1","1"
"Carson Spiers","CIN","SP,RP","7.7","6","0","0","0","5.18","1.50","4","8","3","1","2","0","0"
"Tommy Henry","ARI","RP","7.5","7","0","0","0","5.42","1.54","5","8","4","2","2","0","1"
"Casey Kelly","","RP","8.7","4","0","0","0","5.69","1.84","6","11","5","2","5","1","0"
"Logan VanWey","HOU","RP","9.1","9","0","0","0","5.96","1.93","6","9","9","2","8","1","1"
"Zach Brzykcy","MIA","RP","15.0","15","0","0","0","5.42","1.67","9","15","10","2","16","0","1"
"Michael Arias","NYY","RP","11.0","11","0","0","0","6.15","2.05","8","11","12","2","11","1","1"
"Bryce Jarvis","ARI","RP","30.0","23","0","0","0","5.55","1.65","19","33","17","5","18","1","2"
"Anthony Molina","ATL","RP","21.6","15","0","0","0","5.83","1.71","14","27","11","4","12","1","1"
""
""